ReferenceDate,VariableValue,VariableCode,PublicationDate
1959-01-01,"1356,5",PCEC96,2024-08-30
1959-02-01,"1369,9",PCEC96,2024-08-30
1959-03-01,"1383,4",PCEC96,2024-08-30
1959-04-01,"1378,8",PCEC96,2024-08-30
1959-05-01,"1395,3",PCEC96,2024-08-30
1959-06-01,"1400,9",PCEC96,2024-08-30
1959-07-01,"1396,7",PCEC96,2024-08-30
1959-08-01,"1405,4",PCEC96,2024-08-30
1959-09-01,"1419,4",PCEC96,2024-08-30
1959-10-01,"1410,2",PCEC96,2024-08-30
1959-11-01,"1409,5",PCEC96,2024-08-30
1959-12-01,"1408,7",PCEC96,2024-08-30
1960-01-01,"1412,4",PCEC96,2024-08-30
1960-02-01,"1417,9",PCEC96,2024-08-30
1960-03-01,"1437,3",PCEC96,2024-08-30
1960-04-01,"1459,3",PCEC96,2024-08-30
1960-05-01,1430,PCEC96,2024-08-30
1960-06-01,"1429,7",PCEC96,2024-08-30
1960-07-01,"1432,3",PCEC96,2024-08-30
1960-08-01,"1430,9",PCEC96,2024-08-30
1960-09-01,"1437,2",PCEC96,2024-08-30
1960-10-01,"1443,8",PCEC96,2024-08-30
1960-11-01,"1439,1",PCEC96,2024-08-30
1960-12-01,"1421,4",PCEC96,2024-08-30
1961-01-01,"1424,6",PCEC96,2024-08-30
1961-02-01,"1430,2",PCEC96,2024-08-30
1961-03-01,"1447,9",PCEC96,2024-08-30
1961-04-01,"1448,7",PCEC96,2024-08-30
1961-05-01,"1457,1",PCEC96,2024-08-30
1961-06-01,"1461,3",PCEC96,2024-08-30
1961-07-01,"1457,2",PCEC96,2024-08-30
1961-08-01,"1462,5",PCEC96,2024-08-30
1961-09-01,"1470,8",PCEC96,2024-08-30
1961-10-01,"1479,8",PCEC96,2024-08-30
1961-11-01,"1494,1",PCEC96,2024-08-30
1961-12-01,"1504,3",PCEC96,2024-08-30
1962-01-01,"1504,9",PCEC96,2024-08-30
1962-02-01,1504,PCEC96,2024-08-30
1962-03-01,"1516,4",PCEC96,2024-08-30
1962-04-01,"1521,2",PCEC96,2024-08-30
1962-05-01,"1532,9",PCEC96,2024-08-30
1962-06-01,"1525,9",PCEC96,2024-08-30
1962-07-01,"1531,1",PCEC96,2024-08-30
1962-08-01,"1535,3",PCEC96,2024-08-30
1962-09-01,"1552,3",PCEC96,2024-08-30
1962-10-01,"1544,4",PCEC96,2024-08-30
1962-11-01,"1564,6",PCEC96,2024-08-30
1962-12-01,"1572,9",PCEC96,2024-08-30
1963-01-01,"1572,4",PCEC96,2024-08-30
1963-02-01,"1566,7",PCEC96,2024-08-30
1963-03-01,"1574,7",PCEC96,2024-08-30
1963-04-01,"1580,3",PCEC96,2024-08-30
1963-05-01,"1581,5",PCEC96,2024-08-30
1963-06-01,"1597,2",PCEC96,2024-08-30
1963-07-01,"1605,2",PCEC96,2024-08-30
1963-08-01,"1610,4",PCEC96,2024-08-30
1963-09-01,"1607,1",PCEC96,2024-08-30
1963-10-01,"1606,8",PCEC96,2024-08-30
1963-11-01,"1618,3",PCEC96,2024-08-30
1963-12-01,"1638,4",PCEC96,2024-08-30
1964-01-01,"1643,5",PCEC96,2024-08-30
1964-02-01,"1655,8",PCEC96,2024-08-30
1964-03-01,"1661,4",PCEC96,2024-08-30
1964-04-01,"1664,8",PCEC96,2024-08-30
1964-05-01,"1687,2",PCEC96,2024-08-30
1964-06-01,"1697,2",PCEC96,2024-08-30
1964-07-01,"1709,2",PCEC96,2024-08-30
1964-08-01,"1719,9",PCEC96,2024-08-30
1964-09-01,"1712,6",PCEC96,2024-08-30
1964-10-01,"1723,5",PCEC96,2024-08-30
1964-11-01,"1707,7",PCEC96,2024-08-30
1964-12-01,"1724,5",PCEC96,2024-08-30
1965-01-01,"1736,2",PCEC96,2024-08-30
1965-02-01,"1763,7",PCEC96,2024-08-30
1965-03-01,"1768,8",PCEC96,2024-08-30
1965-04-01,"1781,8",PCEC96,2024-08-30
1965-05-01,"1780,4",PCEC96,2024-08-30
1965-06-01,"1766,2",PCEC96,2024-08-30
1965-07-01,"1787,5",PCEC96,2024-08-30
1965-08-01,"1800,4",PCEC96,2024-08-30
1965-09-01,"1830,4",PCEC96,2024-08-30
1965-10-01,1857,PCEC96,2024-08-30
1965-11-01,"1856,4",PCEC96,2024-08-30
1965-12-01,"1860,6",PCEC96,2024-08-30
1966-01-01,"1872,5",PCEC96,2024-08-30
1966-02-01,"1884,9",PCEC96,2024-08-30
1966-03-01,"1899,3",PCEC96,2024-08-30
1966-04-01,"1901,1",PCEC96,2024-08-30
1966-05-01,"1883,2",PCEC96,2024-08-30
1966-06-01,"1888,6",PCEC96,2024-08-30
1966-07-01,"1904,4",PCEC96,2024-08-30
1966-08-01,"1907,6",PCEC96,2024-08-30
1966-09-01,"1925,1",PCEC96,2024-08-30
1966-10-01,"1916,4",PCEC96,2024-08-30
1966-11-01,"1919,1",PCEC96,2024-08-30
1966-12-01,"1921,9",PCEC96,2024-08-30
1967-01-01,"2038,9",PCEC96,2024-08-30
1967-02-01,"2031,4",PCEC96,2024-08-30
1967-03-01,"2041,7",PCEC96,2024-08-30
1967-04-01,"2060,7",PCEC96,2024-08-30
1967-05-01,"2060,6",PCEC96,2024-08-30
1967-06-01,"2072,4",PCEC96,2024-08-30
1967-07-01,"2065,2",PCEC96,2024-08-30
1967-08-01,"2071,5",PCEC96,2024-08-30
1967-09-01,"2088,9",PCEC96,2024-08-30
1967-10-01,"2069,4",PCEC96,2024-08-30
1967-11-01,"2083,2",PCEC96,2024-08-30
1967-12-01,"2110,9",PCEC96,2024-08-30
1968-01-01,"2122,9",PCEC96,2024-08-30
1968-02-01,"2124,9",PCEC96,2024-08-30
1968-03-01,"2160,7",PCEC96,2024-08-30
1968-04-01,"2153,3",PCEC96,2024-08-30
1968-05-01,"2168,3",PCEC96,2024-08-30
1968-06-01,"2187,3",PCEC96,2024-08-30
1968-07-01,"2207,4",PCEC96,2024-08-30
1968-08-01,"2213,9",PCEC96,2024-08-30
1968-09-01,"2210,8",PCEC96,2024-08-30
1968-10-01,"2214,3",PCEC96,2024-08-30
1968-11-01,"2226,3",PCEC96,2024-08-30
1968-12-01,"2220,6",PCEC96,2024-08-30
1969-01-01,"2238,7",PCEC96,2024-08-30
1969-02-01,"2252,8",PCEC96,2024-08-30
1969-03-01,2243,PCEC96,2024-08-30
1969-04-01,2252,PCEC96,2024-08-30
1969-05-01,"2266,5",PCEC96,2024-08-30
1969-06-01,2258,PCEC96,2024-08-30
1969-07-01,"2254,4",PCEC96,2024-08-30
1969-08-01,"2275,2",PCEC96,2024-08-30
1969-09-01,"2277,4",PCEC96,2024-08-30
1969-10-01,"2288,9",PCEC96,2024-08-30
1969-11-01,"2286,2",PCEC96,2024-08-30
1969-12-01,"2284,4",PCEC96,2024-08-30
1970-01-01,"2298,1",PCEC96,2024-08-30
1970-02-01,2308,PCEC96,2024-08-30
1970-03-01,"2296,5",PCEC96,2024-08-30
1970-04-01,"2298,6",PCEC96,2024-08-30
1970-05-01,"2314,7",PCEC96,2024-08-30
1970-06-01,"2322,7",PCEC96,2024-08-30
1970-07-01,2322,PCEC96,2024-08-30
1970-08-01,"2331,7",PCEC96,2024-08-30
1970-09-01,"2342,8",PCEC96,2024-08-30
1970-10-01,"2328,4",PCEC96,2024-08-30
1970-11-01,"2312,6",PCEC96,2024-08-30
1970-12-01,"2333,6",PCEC96,2024-08-30
1971-01-01,"2366,4",PCEC96,2024-08-30
1971-02-01,2371,PCEC96,2024-08-30
1971-03-01,"2372,1",PCEC96,2024-08-30
1971-04-01,2386,PCEC96,2024-08-30
1971-05-01,"2384,7",PCEC96,2024-08-30
1971-06-01,"2403,4",PCEC96,2024-08-30
1971-07-01,"2392,6",PCEC96,2024-08-30
1971-08-01,"2406,2",PCEC96,2024-08-30
1971-09-01,"2430,7",PCEC96,2024-08-30
1971-10-01,"2436,4",PCEC96,2024-08-30
1971-11-01,2449,PCEC96,2024-08-30
1971-12-01,"2464,2",PCEC96,2024-08-30
1972-01-01,"2465,5",PCEC96,2024-08-30
1972-02-01,"2470,7",PCEC96,2024-08-30
1972-03-01,"2510,3",PCEC96,2024-08-30
1972-04-01,"2516,7",PCEC96,2024-08-30
1972-05-01,"2528,9",PCEC96,2024-08-30
1972-06-01,"2536,9",PCEC96,2024-08-30
1972-07-01,"2555,4",PCEC96,2024-08-30
1972-08-01,"2568,9",PCEC96,2024-08-30
1972-09-01,"2573,3",PCEC96,2024-08-30
1972-10-01,"2616,1",PCEC96,2024-08-30
1972-11-01,"2626,6",PCEC96,2024-08-30
1972-12-01,"2636,5",PCEC96,2024-08-30
1973-01-01,"2662,2",PCEC96,2024-08-30
1973-02-01,"2678,9",PCEC96,2024-08-30
1973-03-01,"2681,4",PCEC96,2024-08-30
1973-04-01,"2669,8",PCEC96,2024-08-30
1973-05-01,"2675,6",PCEC96,2024-08-30
1973-06-01,2669,PCEC96,2024-08-30
1973-07-01,"2691,2",PCEC96,2024-08-30
1973-08-01,"2658,2",PCEC96,2024-08-30
1973-09-01,"2698,2",PCEC96,2024-08-30
1973-10-01,"2679,7",PCEC96,2024-08-30
1973-11-01,"2684,8",PCEC96,2024-08-30
1973-12-01,"2662,2",PCEC96,2024-08-30
1974-01-01,"2661,7",PCEC96,2024-08-30
1974-02-01,"2645,8",PCEC96,2024-08-30
1974-03-01,"2649,7",PCEC96,2024-08-30
1974-04-01,"2658,8",PCEC96,2024-08-30
1974-05-01,"2666,9",PCEC96,2024-08-30
1974-06-01,"2660,2",PCEC96,2024-08-30
1974-07-01,"2669,1",PCEC96,2024-08-30
1974-08-01,"2687,8",PCEC96,2024-08-30
1974-09-01,"2659,6",PCEC96,2024-08-30
1974-10-01,"2649,9",PCEC96,2024-08-30
1974-11-01,"2620,7",PCEC96,2024-08-30
1974-12-01,"2614,7",PCEC96,2024-08-30
1975-01-01,"2634,4",PCEC96,2024-08-30
1975-02-01,2658,PCEC96,2024-08-30
1975-03-01,"2653,8",PCEC96,2024-08-30
1975-04-01,"2657,4",PCEC96,2024-08-30
1975-05-01,"2712,1",PCEC96,2024-08-30
1975-06-01,"2716,7",PCEC96,2024-08-30
1975-07-01,"2727,4",PCEC96,2024-08-30
1975-08-01,"2734,8",PCEC96,2024-08-30
1975-09-01,"2741,7",PCEC96,2024-08-30
1975-10-01,"2741,2",PCEC96,2024-08-30
1975-11-01,"2763,1",PCEC96,2024-08-30
1975-12-01,"2789,6",PCEC96,2024-08-30
1976-01-01,"2820,7",PCEC96,2024-08-30
1976-02-01,2819,PCEC96,2024-08-30
1976-03-01,"2834,3",PCEC96,2024-08-30
1976-04-01,2854,PCEC96,2024-08-30
1976-05-01,"2833,3",PCEC96,2024-08-30
1976-06-01,"2865,4",PCEC96,2024-08-30
1976-07-01,"2873,3",PCEC96,2024-08-30
1976-08-01,"2878,1",PCEC96,2024-08-30
1976-09-01,"2889,5",PCEC96,2024-08-30
1976-10-01,"2895,2",PCEC96,2024-08-30
1976-11-01,"2912,5",PCEC96,2024-08-30
1976-12-01,"2951,1",PCEC96,2024-08-30
1977-01-01,"2943,3",PCEC96,2024-08-30
1977-02-01,"2959,3",PCEC96,2024-08-30
1977-03-01,"2961,5",PCEC96,2024-08-30
1977-04-01,"2965,5",PCEC96,2024-08-30
1977-05-01,"2973,6",PCEC96,2024-08-30
1977-06-01,"2972,4",PCEC96,2024-08-30
1977-07-01,"2995,7",PCEC96,2024-08-30
1977-08-01,"2995,8",PCEC96,2024-08-30
1977-09-01,"3005,9",PCEC96,2024-08-30
1977-10-01,"3029,9",PCEC96,2024-08-30
1977-11-01,"3047,9",PCEC96,2024-08-30
1977-12-01,"3054,1",PCEC96,2024-08-30
1978-01-01,"3020,9",PCEC96,2024-08-30
1978-02-01,"3065,5",PCEC96,2024-08-30
1978-03-01,"3095,9",PCEC96,2024-08-30
1978-04-01,"3114,2",PCEC96,2024-08-30
1978-05-01,"3127,6",PCEC96,2024-08-30
1978-06-01,"3139,4",PCEC96,2024-08-30
1978-07-01,"3125,4",PCEC96,2024-08-30
1978-08-01,"3154,5",PCEC96,2024-08-30
1978-09-01,"3149,5",PCEC96,2024-08-30
1978-10-01,"3154,1",PCEC96,2024-08-30
1978-11-01,3165,PCEC96,2024-08-30
1978-12-01,"3184,3",PCEC96,2024-08-30
1979-01-01,3176,PCEC96,2024-08-30
1979-02-01,"3193,3",PCEC96,2024-08-30
1979-03-01,"3196,6",PCEC96,2024-08-30
1979-04-01,"3177,7",PCEC96,2024-08-30
1979-05-01,"3184,2",PCEC96,2024-08-30
1979-06-01,3191,PCEC96,2024-08-30
1979-07-01,"3187,3",PCEC96,2024-08-30
1979-08-01,"3222,7",PCEC96,2024-08-30
1979-09-01,"3231,7",PCEC96,2024-08-30
1979-10-01,"3222,1",PCEC96,2024-08-30
1979-11-01,"3231,9",PCEC96,2024-08-30
1979-12-01,"3223,3",PCEC96,2024-08-30
1980-01-01,"3249,6",PCEC96,2024-08-30
1980-02-01,"3222,2",PCEC96,2024-08-30
1980-03-01,"3195,3",PCEC96,2024-08-30
1980-04-01,"3155,2",PCEC96,2024-08-30
1980-05-01,3139,PCEC96,2024-08-30
1980-06-01,"3153,2",PCEC96,2024-08-30
1980-07-01,"3179,5",PCEC96,2024-08-30
1980-08-01,"3182,7",PCEC96,2024-08-30
1980-09-01,"3181,4",PCEC96,2024-08-30
1980-10-01,"3218,4",PCEC96,2024-08-30
1980-11-01,"3208,6",PCEC96,2024-08-30
1980-12-01,"3231,1",PCEC96,2024-08-30
1981-01-01,"3233,8",PCEC96,2024-08-30
1981-02-01,"3227,3",PCEC96,2024-08-30
1981-03-01,"3237,9",PCEC96,2024-08-30
1981-04-01,3227,PCEC96,2024-08-30
1981-05-01,"3228,4",PCEC96,2024-08-30
1981-06-01,"3251,1",PCEC96,2024-08-30
1981-07-01,3244,PCEC96,2024-08-30
1981-08-01,"3264,6",PCEC96,2024-08-30
1981-09-01,3243,PCEC96,2024-08-30
1981-10-01,"3224,8",PCEC96,2024-08-30
1981-11-01,"3216,2",PCEC96,2024-08-30
1981-12-01,"3234,2",PCEC96,2024-08-30
1982-01-01,"3226,8",PCEC96,2024-08-30
1982-02-01,"3255,2",PCEC96,2024-08-30
1982-03-01,"3251,1",PCEC96,2024-08-30
1982-04-01,"3252,9",PCEC96,2024-08-30
1982-05-01,"3262,5",PCEC96,2024-08-30
1982-06-01,"3244,8",PCEC96,2024-08-30
1982-07-01,"3263,7",PCEC96,2024-08-30
1982-08-01,"3265,5",PCEC96,2024-08-30
1982-09-01,"3294,8",PCEC96,2024-08-30
1982-10-01,"3308,1",PCEC96,2024-08-30
1982-11-01,"3333,7",PCEC96,2024-08-30
1982-12-01,"3347,1",PCEC96,2024-08-30
1983-01-01,3349,PCEC96,2024-08-30
1983-02-01,"3347,7",PCEC96,2024-08-30
1983-03-01,"3383,6",PCEC96,2024-08-30
1983-04-01,"3405,8",PCEC96,2024-08-30
1983-05-01,"3426,4",PCEC96,2024-08-30
1983-06-01,"3458,2",PCEC96,2024-08-30
1983-07-01,"3478,7",PCEC96,2024-08-30
1983-08-01,"3483,9",PCEC96,2024-08-30
1983-09-01,"3491,6",PCEC96,2024-08-30
1983-10-01,"3521,7",PCEC96,2024-08-30
1983-11-01,"3531,8",PCEC96,2024-08-30
1983-12-01,"3572,9",PCEC96,2024-08-30
1984-01-01,"3602,6",PCEC96,2024-08-30
1984-02-01,"3553,8",PCEC96,2024-08-30
1984-03-01,"3582,9",PCEC96,2024-08-30
1984-04-01,"3606,2",PCEC96,2024-08-30
1984-05-01,"3626,9",PCEC96,2024-08-30
1984-06-01,"3651,8",PCEC96,2024-08-30
1984-07-01,3635,PCEC96,2024-08-30
1984-08-01,"3649,6",PCEC96,2024-08-30
1984-09-01,"3675,9",PCEC96,2024-08-30
1984-10-01,"3665,2",PCEC96,2024-08-30
1984-11-01,"3717,5",PCEC96,2024-08-30
1984-12-01,"3719,8",PCEC96,2024-08-30
1985-01-01,"3749,2",PCEC96,2024-08-30
1985-02-01,"3763,3",PCEC96,2024-08-30
1985-03-01,"3757,9",PCEC96,2024-08-30
1985-04-01,"3768,9",PCEC96,2024-08-30
1985-05-01,"3812,6",PCEC96,2024-08-30
1985-06-01,3793,PCEC96,2024-08-30
1985-07-01,"3817,9",PCEC96,2024-08-30
1985-08-01,"3854,4",PCEC96,2024-08-30
1985-09-01,"3910,4",PCEC96,2024-08-30
1985-10-01,"3852,1",PCEC96,2024-08-30
1985-11-01,3864,PCEC96,2024-08-30
1985-12-01,"3906,7",PCEC96,2024-08-30
1986-01-01,"3909,7",PCEC96,2024-08-30
1986-02-01,"3900,5",PCEC96,2024-08-30
1986-03-01,"3913,5",PCEC96,2024-08-30
1986-04-01,"3937,6",PCEC96,2024-08-30
1986-05-01,3961,PCEC96,2024-08-30
1986-06-01,"3952,5",PCEC96,2024-08-30
1986-07-01,"3978,1",PCEC96,2024-08-30
1986-08-01,"3996,5",PCEC96,2024-08-30
1986-09-01,"4084,5",PCEC96,2024-08-30
1986-10-01,"4026,2",PCEC96,2024-08-30
1986-11-01,4013,PCEC96,2024-08-30
1986-12-01,4101,PCEC96,2024-08-30
1987-01-01,"4001,2",PCEC96,2024-08-30
1987-02-01,"4073,4",PCEC96,2024-08-30
1987-03-01,"4074,6",PCEC96,2024-08-30
1987-04-01,"4094,3",PCEC96,2024-08-30
1987-05-01,"4096,5",PCEC96,2024-08-30
1987-06-01,"4113,7",PCEC96,2024-08-30
1987-07-01,"4132,6",PCEC96,2024-08-30
1987-08-01,"4164,3",PCEC96,2024-08-30
1987-09-01,"4144,1",PCEC96,2024-08-30
1987-10-01,4143,PCEC96,2024-08-30
1987-11-01,"4145,3",PCEC96,2024-08-30
1987-12-01,"4177,5",PCEC96,2024-08-30
1988-01-01,"4213,8",PCEC96,2024-08-30
1988-02-01,"4217,1",PCEC96,2024-08-30
1988-03-01,4253,PCEC96,2024-08-30
1988-04-01,"4235,7",PCEC96,2024-08-30
1988-05-01,"4261,4",PCEC96,2024-08-30
1988-06-01,"4273,1",PCEC96,2024-08-30
1988-07-01,"4282,8",PCEC96,2024-08-30
1988-08-01,"4302,1",PCEC96,2024-08-30
1988-09-01,"4289,8",PCEC96,2024-08-30
1988-10-01,"4327,7",PCEC96,2024-08-30
1988-11-01,"4336,6",PCEC96,2024-08-30
1988-12-01,4360,PCEC96,2024-08-30
1989-01-01,"4364,2",PCEC96,2024-08-30
1989-02-01,"4355,5",PCEC96,2024-08-30
1989-03-01,"4351,6",PCEC96,2024-08-30
1989-04-01,"4376,5",PCEC96,2024-08-30
1989-05-01,"4370,9",PCEC96,2024-08-30
1989-06-01,"4376,9",PCEC96,2024-08-30
1989-07-01,"4388,7",PCEC96,2024-08-30
1989-08-01,4431,PCEC96,2024-08-30
1989-09-01,"4420,6",PCEC96,2024-08-30
1989-10-01,4418,PCEC96,2024-08-30
1989-11-01,"4418,5",PCEC96,2024-08-30
1989-12-01,"4451,7",PCEC96,2024-08-30
1990-01-01,"4768,8",PCEC96,2024-08-30
1990-02-01,"4743,6",PCEC96,2024-08-30
1990-03-01,"4758,9",PCEC96,2024-08-30
1990-04-01,"4769,7",PCEC96,2024-08-30
1990-05-01,"4766,8",PCEC96,2024-08-30
1990-06-01,"4782,5",PCEC96,2024-08-30
1990-07-01,"4791,5",PCEC96,2024-08-30
1990-08-01,"4793,7",PCEC96,2024-08-30
1990-09-01,"4792,6",PCEC96,2024-08-30
1990-10-01,4767,PCEC96,2024-08-30
1990-11-01,"4763,3",PCEC96,2024-08-30
1990-12-01,"4744,5",PCEC96,2024-08-30
1991-01-01,"4699,7",PCEC96,2024-08-30
1991-02-01,"4728,8",PCEC96,2024-08-30
1991-03-01,"4785,7",PCEC96,2024-08-30
1991-04-01,"4771,6",PCEC96,2024-08-30
1991-05-01,"4783,3",PCEC96,2024-08-30
1991-06-01,"4783,4",PCEC96,2024-08-30
1991-07-01,"4804,8",PCEC96,2024-08-30
1991-08-01,"4796,8",PCEC96,2024-08-30
1991-09-01,"4798,8",PCEC96,2024-08-30
1991-10-01,"4780,5",PCEC96,2024-08-30
1991-11-01,"4801,8",PCEC96,2024-08-30
1991-12-01,"4805,5",PCEC96,2024-08-30
1992-01-01,"4871,2",PCEC96,2024-08-30
1992-02-01,"4873,8",PCEC96,2024-08-30
1992-03-01,"4879,8",PCEC96,2024-08-30
1992-04-01,"4883,6",PCEC96,2024-08-30
1992-05-01,4907,PCEC96,2024-08-30
1992-06-01,"4918,5",PCEC96,2024-08-30
1992-07-01,"4933,4",PCEC96,2024-08-30
1992-08-01,"4945,4",PCEC96,2024-08-30
1992-09-01,"4976,7",PCEC96,2024-08-30
1992-10-01,"4993,2",PCEC96,2024-08-30
1992-11-01,"5001,2",PCEC96,2024-08-30
1992-12-01,"5033,8",PCEC96,2024-08-30
1993-01-01,"5026,3",PCEC96,2024-08-30
1993-02-01,"5034,8",PCEC96,2024-08-30
1993-03-01,"5020,8",PCEC96,2024-08-30
1993-04-01,"5054,1",PCEC96,2024-08-30
1993-05-01,"5071,2",PCEC96,2024-08-30
1993-06-01,"5090,4",PCEC96,2024-08-30
1993-07-01,"5114,4",PCEC96,2024-08-30
1993-08-01,"5119,1",PCEC96,2024-08-30
1993-09-01,"5148,3",PCEC96,2024-08-30
1993-10-01,"5157,8",PCEC96,2024-08-30
1993-11-01,"5171,7",PCEC96,2024-08-30
1993-12-01,"5189,3",PCEC96,2024-08-30
1994-01-01,"5203,1",PCEC96,2024-08-30
1994-02-01,5244,PCEC96,2024-08-30
1994-03-01,"5243,8",PCEC96,2024-08-30
1994-04-01,"5264,6",PCEC96,2024-08-30
1994-05-01,"5254,2",PCEC96,2024-08-30
1994-06-01,"5285,1",PCEC96,2024-08-30
1994-07-01,"5281,2",PCEC96,2024-08-30
1994-08-01,"5314,8",PCEC96,2024-08-30
1994-09-01,"5321,1",PCEC96,2024-08-30
1994-10-01,"5353,3",PCEC96,2024-08-30
1994-11-01,"5355,5",PCEC96,2024-08-30
1994-12-01,"5367,4",PCEC96,2024-08-30
1995-01-01,"6000,4",PCEC96,2024-08-30
1995-02-01,"5987,1",PCEC96,2024-08-30
1995-03-01,"6017,2",PCEC96,2024-08-30
1995-04-01,"6006,3",PCEC96,2024-08-30
1995-05-01,6049,PCEC96,2024-08-30
1995-06-01,6097,PCEC96,2024-08-30
1995-07-01,"6080,3",PCEC96,2024-08-30
1995-08-01,"6109,9",PCEC96,2024-08-30
1995-09-01,"6124,4",PCEC96,2024-08-30
1995-10-01,"6101,1",PCEC96,2024-08-30
1995-11-01,"6151,8",PCEC96,2024-08-30
1995-12-01,"6190,5",PCEC96,2024-08-30
1996-01-01,"6162,2",PCEC96,2024-08-30
1996-02-01,"6209,4",PCEC96,2024-08-30
1996-03-01,"6240,5",PCEC96,2024-08-30
1996-04-01,"6265,5",PCEC96,2024-08-30
1996-05-01,"6274,6",PCEC96,2024-08-30
1996-06-01,"6282,5",PCEC96,2024-08-30
1996-07-01,"6294,8",PCEC96,2024-08-30
1996-08-01,"6316,1",PCEC96,2024-08-30
1996-09-01,"6324,4",PCEC96,2024-08-30
1996-10-01,"6344,2",PCEC96,2024-08-30
1996-11-01,"6360,8",PCEC96,2024-08-30
1996-12-01,"6384,5",PCEC96,2024-08-30
1997-01-01,6414,PCEC96,2024-08-30
1997-02-01,"6426,2",PCEC96,2024-08-30
1997-03-01,"6441,6",PCEC96,2024-08-30
1997-04-01,"6440,4",PCEC96,2024-08-30
1997-05-01,6444,PCEC96,2024-08-30
1997-06-01,"6475,5",PCEC96,2024-08-30
1997-07-01,"6536,4",PCEC96,2024-08-30
1997-08-01,"6576,2",PCEC96,2024-08-30
1997-09-01,"6576,5",PCEC96,2024-08-30
1997-10-01,"6608,7",PCEC96,2024-08-30
1997-11-01,"6634,5",PCEC96,2024-08-30
1997-12-01,"6671,2",PCEC96,2024-08-30
1998-01-01,"6665,6",PCEC96,2024-08-30
1998-02-01,"6708,7",PCEC96,2024-08-30
1998-03-01,"6738,1",PCEC96,2024-08-30
1998-04-01,"6772,4",PCEC96,2024-08-30
1998-05-01,"6820,7",PCEC96,2024-08-30
1998-06-01,"6865,2",PCEC96,2024-08-30
1998-07-01,"6870,3",PCEC96,2024-08-30
1998-08-01,6903,PCEC96,2024-08-30
1998-09-01,"6956,5",PCEC96,2024-08-30
1998-10-01,"6983,8",PCEC96,2024-08-30
1998-11-01,"7004,1",PCEC96,2024-08-30
1998-12-01,"7059,6",PCEC96,2024-08-30
1999-01-01,7582,PCEC96,2024-08-30
1999-02-01,7620,PCEC96,2024-08-30
1999-03-01,"7654,1",PCEC96,2024-08-30
1999-04-01,"7697,8",PCEC96,2024-08-30
1999-05-01,"7731,6",PCEC96,2024-08-30
1999-06-01,"7765,2",PCEC96,2024-08-30
1999-07-01,"7778,8",PCEC96,2024-08-30
1999-08-01,"7820,9",PCEC96,2024-08-30
1999-09-01,"7858,2",PCEC96,2024-08-30
1999-10-01,"7874,8",PCEC96,2024-08-30
1999-11-01,"7911,9",PCEC96,2024-08-30
1999-12-01,"8015,7",PCEC96,2024-08-30
2000-01-01,"7988,5",PCEC96,2024-08-30
2000-02-01,"8065,3",PCEC96,2024-08-30
2000-03-01,"8110,8",PCEC96,2024-08-30
2000-04-01,"8101,6",PCEC96,2024-08-30
2000-05-01,8139,PCEC96,2024-08-30
2000-06-01,8156,PCEC96,2024-08-30
2000-07-01,"8160,6",PCEC96,2024-08-30
2000-08-01,"8203,8",PCEC96,2024-08-30
2000-09-01,"8269,4",PCEC96,2024-08-30
2000-10-01,"8265,8",PCEC96,2024-08-30
2000-11-01,"8272,5",PCEC96,2024-08-30
2000-12-01,"8314,9",PCEC96,2024-08-30
2001-01-01,"8314,4",PCEC96,2024-08-30
2001-02-01,"8326,3",PCEC96,2024-08-30
2001-03-01,"8317,4",PCEC96,2024-08-30
2001-04-01,"8318,7",PCEC96,2024-08-30
2001-05-01,"8351,4",PCEC96,2024-08-30
2001-06-01,"8352,1",PCEC96,2024-08-30
2001-07-01,"8368,8",PCEC96,2024-08-30
2001-08-01,"8412,7",PCEC96,2024-08-30
2001-09-01,"8332,2",PCEC96,2024-08-30
2001-10-01,"8531,9",PCEC96,2024-08-30
2001-11-01,"8489,9",PCEC96,2024-08-30
2001-12-01,"8475,6",PCEC96,2024-08-30
2002-01-01,"9004,4",PCEC96,2024-08-30
2002-02-01,"9040,1",PCEC96,2024-08-30
2002-03-01,"9038,2",PCEC96,2024-08-30
2002-04-01,"9086,5",PCEC96,2024-08-30
2002-05-01,"9051,4",PCEC96,2024-08-30
2002-06-01,"9081,8",PCEC96,2024-08-30
2002-07-01,9142,PCEC96,2024-08-30
2002-08-01,"9155,3",PCEC96,2024-08-30
2002-09-01,"9112,9",PCEC96,2024-08-30
2002-10-01,"9150,1",PCEC96,2024-08-30
2002-11-01,"9176,2",PCEC96,2024-08-30
2002-12-01,"9236,3",PCEC96,2024-08-30
2003-01-01,9235,PCEC96,2024-08-30
2003-02-01,"9205,2",PCEC96,2024-08-30
2003-03-01,"9258,1",PCEC96,2024-08-30
2003-04-01,"9301,9",PCEC96,2024-08-30
2003-05-01,"9331,8",PCEC96,2024-08-30
2003-06-01,"9381,8",PCEC96,2024-08-30
2003-07-01,"9424,1",PCEC96,2024-08-30
2003-08-01,"9507,6",PCEC96,2024-08-30
2003-09-01,"9479,9",PCEC96,2024-08-30
2003-10-01,"9495,2",PCEC96,2024-08-30
2003-11-01,"9549,7",PCEC96,2024-08-30
2003-12-01,"9562,3",PCEC96,2024-08-30
2004-01-01,"9593,4",PCEC96,2024-08-30
2004-02-01,"9612,9",PCEC96,2024-08-30
2004-03-01,"9667,7",PCEC96,2024-08-30
2004-04-01,"9659,9",PCEC96,2024-08-30
2004-05-01,"9710,8",PCEC96,2024-08-30
2004-06-01,"9660,9",PCEC96,2024-08-30
2004-07-01,"9745,7",PCEC96,2024-08-30
2004-08-01,"9781,8",PCEC96,2024-08-30
2004-09-01,9845,PCEC96,2024-08-30
2004-10-01,"9868,2",PCEC96,2024-08-30
2004-11-01,"9885,9",PCEC96,2024-08-30
2004-12-01,"9950,6",PCEC96,2024-08-30
2005-01-01,"9929,9",PCEC96,2024-08-30
2005-02-01,"9973,8",PCEC96,2024-08-30
2005-03-01,"9989,7",PCEC96,2024-08-30
2005-04-01,"10054,6",PCEC96,2024-08-30
2005-05-01,"10040,9",PCEC96,2024-08-30
2005-06-01,"10129,2",PCEC96,2024-08-30
2005-07-01,10202,PCEC96,2024-08-30
2005-08-01,"10156,7",PCEC96,2024-08-30
2005-09-01,"10116,8",PCEC96,2024-08-30
2005-10-01,10144,PCEC96,2024-08-30
2005-11-01,10174,PCEC96,2024-08-30
2005-12-01,"10213,7",PCEC96,2024-08-30
2006-01-01,"10266,7",PCEC96,2024-08-30
2006-02-01,"10288,1",PCEC96,2024-08-30
2006-03-01,"10309,8",PCEC96,2024-08-30
2006-04-01,"10328,1",PCEC96,2024-08-30
2006-05-01,"10345,4",PCEC96,2024-08-30
2006-06-01,"10351,1",PCEC96,2024-08-30
2006-07-01,"10409,6",PCEC96,2024-08-30
2006-08-01,10375,PCEC96,2024-08-30
2006-09-01,"10439,3",PCEC96,2024-08-30
2006-10-01,"10484,5",PCEC96,2024-08-30
2006-11-01,"10488,2",PCEC96,2024-08-30
2006-12-01,10549,PCEC96,2024-08-30
2007-01-01,11181,PCEC96,2024-08-30
2007-02-01,"11178,2",PCEC96,2024-08-30
2007-03-01,"11190,7",PCEC96,2024-08-30
2007-04-01,"11201,5",PCEC96,2024-08-30
2007-05-01,11218,PCEC96,2024-08-30
2007-06-01,"11218,5",PCEC96,2024-08-30
2007-07-01,"11252,6",PCEC96,2024-08-30
2007-08-01,"11300,1",PCEC96,2024-08-30
2007-09-01,"11309,6",PCEC96,2024-08-30
2007-10-01,"11318,6",PCEC96,2024-08-30
2007-11-01,"11342,2",PCEC96,2024-08-30
2007-12-01,"11335,1",PCEC96,2024-08-30
2008-01-01,"11333,2",PCEC96,2024-08-30
2008-02-01,"11293,9",PCEC96,2024-08-30
2008-03-01,"11322,1",PCEC96,2024-08-30
2008-04-01,"11340,5",PCEC96,2024-08-30
2008-05-01,"11361,6",PCEC96,2024-08-30
2008-06-01,"11340,7",PCEC96,2024-08-30
2008-07-01,11286,PCEC96,2024-08-30
2008-08-01,"11284,7",PCEC96,2024-08-30
2008-09-01,"11209,7",PCEC96,2024-08-30
2008-10-01,"11192,5",PCEC96,2024-08-30
2008-11-01,"11158,2",PCEC96,2024-08-30
2008-12-01,"11125,8",PCEC96,2024-08-30
2009-01-01,"11176,3",PCEC96,2024-08-30
2009-02-01,"11130,5",PCEC96,2024-08-30
2009-03-01,"11084,6",PCEC96,2024-08-30
2009-04-01,11068,PCEC96,2024-08-30
2009-05-01,"11078,1",PCEC96,2024-08-30
2009-06-01,"11081,1",PCEC96,2024-08-30
2009-07-01,"11118,1",PCEC96,2024-08-30
2009-08-01,11218,PCEC96,2024-08-30
2009-09-01,"11114,6",PCEC96,2024-08-30
2009-10-01,"11127,1",PCEC96,2024-08-30
2009-11-01,"11109,4",PCEC96,2024-08-30
2009-12-01,"11177,3",PCEC96,2024-08-30
2010-01-01,"11156,8",PCEC96,2024-08-30
2010-02-01,"11198,6",PCEC96,2024-08-30
2010-03-01,"11252,1",PCEC96,2024-08-30
2010-04-01,"11275,1",PCEC96,2024-08-30
2010-05-01,"11303,2",PCEC96,2024-08-30
2010-06-01,"11330,6",PCEC96,2024-08-30
2010-07-01,"11361,7",PCEC96,2024-08-30
2010-08-01,"11389,2",PCEC96,2024-08-30
2010-09-01,"11399,9",PCEC96,2024-08-30
2010-10-01,"11428,9",PCEC96,2024-08-30
2010-11-01,11458,PCEC96,2024-08-30
2010-12-01,"11473,2",PCEC96,2024-08-30
2011-01-01,11486,PCEC96,2024-08-30
2011-02-01,"11482,8",PCEC96,2024-08-30
2011-03-01,"11522,6",PCEC96,2024-08-30
2011-04-01,"11508,9",PCEC96,2024-08-30
2011-05-01,"11495,6",PCEC96,2024-08-30
2011-06-01,"11522,3",PCEC96,2024-08-30
2011-07-01,"11542,3",PCEC96,2024-08-30
2011-08-01,"11535,3",PCEC96,2024-08-30
2011-09-01,"11554,3",PCEC96,2024-08-30
2011-10-01,"11575,1",PCEC96,2024-08-30
2011-11-01,"11555,7",PCEC96,2024-08-30
2011-12-01,"11560,9",PCEC96,2024-08-30
2012-01-01,"11605,5",PCEC96,2024-08-30
2012-02-01,"11675,8",PCEC96,2024-08-30
2012-03-01,"11660,5",PCEC96,2024-08-30
2012-04-01,"11671,4",PCEC96,2024-08-30
2012-05-01,11672,PCEC96,2024-08-30
2012-06-01,"11659,9",PCEC96,2024-08-30
2012-07-01,"11684,4",PCEC96,2024-08-30
2012-08-01,"11686,7",PCEC96,2024-08-30
2012-09-01,"11703,2",PCEC96,2024-08-30
2012-10-01,"11702,3",PCEC96,2024-08-30
2012-11-01,"11753,4",PCEC96,2024-08-30
2012-12-01,"11758,3",PCEC96,2024-08-30
2013-01-01,"11810,6",PCEC96,2024-08-30
2013-02-01,"11808,6",PCEC96,2024-08-30
2013-03-01,"11823,8",PCEC96,2024-08-30
2013-04-01,"11826,4",PCEC96,2024-08-30
2013-05-01,"11860,1",PCEC96,2024-08-30
2013-06-01,"11857,7",PCEC96,2024-08-30
2013-07-01,"11872,3",PCEC96,2024-08-30
2013-08-01,"11890,3",PCEC96,2024-08-30
2013-09-01,"11926,1",PCEC96,2024-08-30
2013-10-01,"11964,6",PCEC96,2024-08-30
2013-11-01,"12013,7",PCEC96,2024-08-30
2013-12-01,"12024,7",PCEC96,2024-08-30
2014-01-01,11985,PCEC96,2024-08-30
2014-02-01,"12039,4",PCEC96,2024-08-30
2014-03-01,"12108,3",PCEC96,2024-08-30
2014-04-01,"12128,1",PCEC96,2024-08-30
2014-05-01,"12154,5",PCEC96,2024-08-30
2014-06-01,"12197,1",PCEC96,2024-08-30
2014-07-01,"12223,6",PCEC96,2024-08-30
2014-08-01,"12306,5",PCEC96,2024-08-30
2014-09-01,"12310,2",PCEC96,2024-08-30
2014-10-01,"12389,1",PCEC96,2024-08-30
2014-11-01,"12420,6",PCEC96,2024-08-30
2014-12-01,"12455,1",PCEC96,2024-08-30
2015-01-01,"12484,7",PCEC96,2024-08-30
2015-02-01,"12514,1",PCEC96,2024-08-30
2015-03-01,"12551,8",PCEC96,2024-08-30
2015-04-01,"12574,8",PCEC96,2024-08-30
2015-05-01,"12612,7",PCEC96,2024-08-30
2015-06-01,"12621,6",PCEC96,2024-08-30
2015-07-01,"12668,4",PCEC96,2024-08-30
2015-08-01,"12699,7",PCEC96,2024-08-30
2015-09-01,"12707,2",PCEC96,2024-08-30
2015-10-01,"12715,9",PCEC96,2024-08-30
2015-11-01,12737,PCEC96,2024-08-30
2015-12-01,"12777,3",PCEC96,2024-08-30
2016-01-01,"12798,7",PCEC96,2024-08-30
2016-02-01,12884,PCEC96,2024-08-30
2016-03-01,"12836,1",PCEC96,2024-08-30
2016-04-01,"12870,2",PCEC96,2024-08-30
2016-05-01,"12891,2",PCEC96,2024-08-30
2016-06-01,"12948,6",PCEC96,2024-08-30
2016-07-01,"12972,2",PCEC96,2024-08-30
2016-08-01,"12986,1",PCEC96,2024-08-30
2016-09-01,"13020,9",PCEC96,2024-08-30
2016-10-01,"13014,9",PCEC96,2024-08-30
2016-11-01,"13036,8",PCEC96,2024-08-30
2016-12-01,"13128,5",PCEC96,2024-08-30
2017-01-01,"13136,3",PCEC96,2024-08-30
2017-02-01,"13143,4",PCEC96,2024-08-30
2017-03-01,"13201,7",PCEC96,2024-08-30
2017-04-01,"13206,1",PCEC96,2024-08-30
2017-05-01,"13214,5",PCEC96,2024-08-30
2017-06-01,"13256,7",PCEC96,2024-08-30
2017-07-01,"13290,1",PCEC96,2024-08-30
2017-08-01,"13291,7",PCEC96,2024-08-30
2017-09-01,"13364,4",PCEC96,2024-08-30
2017-10-01,13377,PCEC96,2024-08-30
2017-11-01,"13450,3",PCEC96,2024-08-30
2017-12-01,"13555,4",PCEC96,2024-08-30
2018-01-01,"13541,3",PCEC96,2024-08-30
2018-02-01,"13547,3",PCEC96,2024-08-30
2018-03-01,"13586,5",PCEC96,2024-08-30
2018-04-01,"13598,7",PCEC96,2024-08-30
2018-05-01,"13640,5",PCEC96,2024-08-30
2018-06-01,"13653,7",PCEC96,2024-08-30
2018-07-01,"13682,7",PCEC96,2024-08-30
2018-08-01,"13711,5",PCEC96,2024-08-30
2018-09-01,"13687,1",PCEC96,2024-08-30
2018-10-01,"13727,1",PCEC96,2024-08-30
2018-11-01,"13800,3",PCEC96,2024-08-30
2018-12-01,"13682,3",PCEC96,2024-08-30
2019-01-01,"13716,5",PCEC96,2024-08-30
2019-02-01,"13723,1",PCEC96,2024-08-30
2019-03-01,"13818,2",PCEC96,2024-08-30
2019-04-01,"13813,1",PCEC96,2024-08-30
2019-05-01,"13866,1",PCEC96,2024-08-30
2019-06-01,"13909,1",PCEC96,2024-08-30
2019-07-01,"13968,4",PCEC96,2024-08-30
2019-08-01,"14013,2",PCEC96,2024-08-30
2019-09-01,"14029,7",PCEC96,2024-08-30
2019-10-01,"14029,1",PCEC96,2024-08-30
2019-11-01,"14115,4",PCEC96,2024-08-30
2019-12-01,"14137,1",PCEC96,2024-08-30
2020-01-01,"14184,8",PCEC96,2024-08-30
2020-02-01,"14167,8",PCEC96,2024-08-30
2020-03-01,"13234,3",PCEC96,2024-08-30
2020-04-01,"11783,3",PCEC96,2024-08-30
2020-05-01,12758,PCEC96,2024-08-30
2020-06-01,"13464,8",PCEC96,2024-08-30
2020-07-01,"13667,3",PCEC96,2024-08-30
2020-08-01,"13761,1",PCEC96,2024-08-30
2020-09-01,"13953,4",PCEC96,2024-08-30
2020-10-01,"13988,6",PCEC96,2024-08-30
2020-11-01,"13953,9",PCEC96,2024-08-30
2020-12-01,"14006,3",PCEC96,2024-08-30
2021-01-01,"14180,7",PCEC96,2024-08-30
2021-02-01,"14037,8",PCEC96,2024-08-30
2021-03-01,"14629,3",PCEC96,2024-08-30
2021-04-01,"14730,7",PCEC96,2024-08-30
2021-05-01,"14689,6",PCEC96,2024-08-30
2021-06-01,"14816,4",PCEC96,2024-08-30
2021-07-01,14784,PCEC96,2024-08-30
2021-08-01,14863,PCEC96,2024-08-30
2021-09-01,"14899,4",PCEC96,2024-08-30
2021-10-01,"14997,3",PCEC96,2024-08-30
2021-11-01,"15019,2",PCEC96,2024-08-30
2021-12-01,"14970,4",PCEC96,2024-08-30
2022-01-01,"14971,1",PCEC96,2024-08-30
2022-02-01,"14980,6",PCEC96,2024-08-30
2022-03-01,15034,PCEC96,2024-08-30
2022-04-01,"15081,7",PCEC96,2024-08-30
2022-05-01,15060,PCEC96,2024-08-30
2022-06-01,"15065,8",PCEC96,2024-08-30
2022-07-01,"15069,1",PCEC96,2024-08-30
2022-08-01,"15136,3",PCEC96,2024-08-30
2022-09-01,"15176,7",PCEC96,2024-08-30
2022-10-01,"15202,7",PCEC96,2024-08-30
2022-11-01,"15149,8",PCEC96,2024-08-30
2022-12-01,"15161,7",PCEC96,2024-08-30
2023-01-01,"15317,6",PCEC96,2024-08-30
2023-02-01,"15325,5",PCEC96,2024-08-30
2023-03-01,"15295,4",PCEC96,2024-08-30
2023-04-01,"15316,9",PCEC96,2024-08-30
2023-05-01,"15337,4",PCEC96,2024-08-30
2023-06-01,"15376,3",PCEC96,2024-08-30
2023-07-01,"15448,3",PCEC96,2024-08-30
2023-08-01,"15439,8",PCEC96,2024-08-30
2023-09-01,15496,PCEC96,2024-08-30
2023-10-01,"15519,9",PCEC96,2024-08-30
2023-11-01,"15584,3",PCEC96,2024-08-30
2023-12-01,"15655,8",PCEC96,2024-08-30
2024-01-01,"15601,2",PCEC96,2024-08-30
2024-02-01,"15638,3",PCEC96,2024-08-30
2024-03-01,"15689,6",PCEC96,2024-08-30
2024-04-01,"15685,6",PCEC96,2024-08-30
2024-05-01,"15769,2",PCEC96,2024-08-30
2024-06-01,"15810,7",PCEC96,2024-08-30
2024-07-01,"15870,3",PCEC96,2024-08-30
2024-08-01,"16089,7",PCEC96,2024-09-27
1980-12-01,508924,BUSINV,2024-09-17
1981-01-01,512048,BUSINV,2024-09-17
1981-02-01,516843,BUSINV,2024-09-17
1981-03-01,519665,BUSINV,2024-09-17
1981-04-01,520698,BUSINV,2024-09-17
1981-05-01,524566,BUSINV,2024-09-17
1981-06-01,528308,BUSINV,2024-09-17
1981-07-01,532825,BUSINV,2024-09-17
1981-08-01,536025,BUSINV,2024-09-17
1981-09-01,540086,BUSINV,2024-09-17
1981-10-01,542338,BUSINV,2024-09-17
1981-11-01,547672,BUSINV,2024-09-17
1981-12-01,545786,BUSINV,2024-09-17
1982-01-01,584244,BUSINV,2024-09-17
1982-02-01,580502,BUSINV,2024-09-17
1982-03-01,581390,BUSINV,2024-09-17
1982-04-01,583291,BUSINV,2024-09-17
1982-05-01,578635,BUSINV,2024-09-17
1982-06-01,581234,BUSINV,2024-09-17
1982-07-01,583454,BUSINV,2024-09-17
1982-08-01,582236,BUSINV,2024-09-17
1982-09-01,581854,BUSINV,2024-09-17
1982-10-01,580772,BUSINV,2024-09-17
1982-11-01,576453,BUSINV,2024-09-17
1982-12-01,573908,BUSINV,2024-09-17
1983-01-01,569348,BUSINV,2024-09-17
1983-02-01,568571,BUSINV,2024-09-17
1983-03-01,564901,BUSINV,2024-09-17
1983-04-01,565415,BUSINV,2024-09-17
1983-05-01,567210,BUSINV,2024-09-17
1983-06-01,568637,BUSINV,2024-09-17
1983-07-01,570755,BUSINV,2024-09-17
1983-08-01,575060,BUSINV,2024-09-17
1983-09-01,579714,BUSINV,2024-09-17
1983-10-01,581786,BUSINV,2024-09-17
1983-11-01,586236,BUSINV,2024-09-17
1983-12-01,590287,BUSINV,2024-09-17
1984-01-01,592915,BUSINV,2024-09-17
1984-02-01,600767,BUSINV,2024-09-17
1984-03-01,607593,BUSINV,2024-09-17
1984-04-01,615512,BUSINV,2024-09-17
1984-05-01,622563,BUSINV,2024-09-17
1984-06-01,625095,BUSINV,2024-09-17
1984-07-01,630246,BUSINV,2024-09-17
1984-08-01,637711,BUSINV,2024-09-17
1984-09-01,641798,BUSINV,2024-09-17
1984-10-01,645160,BUSINV,2024-09-17
1984-11-01,648138,BUSINV,2024-09-17
1984-12-01,649780,BUSINV,2024-09-17
1985-01-01,650877,BUSINV,2024-09-17
1985-02-01,653627,BUSINV,2024-09-17
1985-03-01,653713,BUSINV,2024-09-17
1985-04-01,654197,BUSINV,2024-09-17
1985-05-01,654065,BUSINV,2024-09-17
1985-06-01,656036,BUSINV,2024-09-17
1985-07-01,655824,BUSINV,2024-09-17
1985-08-01,655842,BUSINV,2024-09-17
1985-09-01,656128,BUSINV,2024-09-17
1985-10-01,659623,BUSINV,2024-09-17
1985-11-01,661944,BUSINV,2024-09-17
1985-12-01,664039,BUSINV,2024-09-17
1986-01-01,664635,BUSINV,2024-09-17
1986-02-01,665317,BUSINV,2024-09-17
1986-03-01,667465,BUSINV,2024-09-17
1986-04-01,667986,BUSINV,2024-09-17
1986-05-01,665914,BUSINV,2024-09-17
1986-06-01,666098,BUSINV,2024-09-17
1986-07-01,668239,BUSINV,2024-09-17
1986-08-01,667706,BUSINV,2024-09-17
1986-09-01,664745,BUSINV,2024-09-17
1986-10-01,667889,BUSINV,2024-09-17
1986-11-01,667483,BUSINV,2024-09-17
1986-12-01,662738,BUSINV,2024-09-17
1987-01-01,668124,BUSINV,2024-09-17
1987-02-01,670195,BUSINV,2024-09-17
1987-03-01,673969,BUSINV,2024-09-17
1987-04-01,676200,BUSINV,2024-09-17
1987-05-01,681796,BUSINV,2024-09-17
1987-06-01,685250,BUSINV,2024-09-17
1987-07-01,686721,BUSINV,2024-09-17
1987-08-01,687189,BUSINV,2024-09-17
1987-09-01,689543,BUSINV,2024-09-17
1987-10-01,698317,BUSINV,2024-09-17
1987-11-01,703351,BUSINV,2024-09-17
1987-12-01,709848,BUSINV,2024-09-17
1988-01-01,712737,BUSINV,2024-09-17
1988-02-01,718314,BUSINV,2024-09-17
1988-03-01,722485,BUSINV,2024-09-17
1988-04-01,726516,BUSINV,2024-09-17
1988-05-01,730683,BUSINV,2024-09-17
1988-06-01,738375,BUSINV,2024-09-17
1988-07-01,741841,BUSINV,2024-09-17
1988-08-01,749237,BUSINV,2024-09-17
1988-09-01,754468,BUSINV,2024-09-17
1988-10-01,754809,BUSINV,2024-09-17
1988-11-01,758474,BUSINV,2024-09-17
1988-12-01,767222,BUSINV,2024-09-17
1989-01-01,774225,BUSINV,2024-09-17
1989-02-01,780247,BUSINV,2024-09-17
1989-03-01,784794,BUSINV,2024-09-17
1989-04-01,791265,BUSINV,2024-09-17
1989-05-01,798185,BUSINV,2024-09-17
1989-06-01,804519,BUSINV,2024-09-17
1989-07-01,809048,BUSINV,2024-09-17
1989-08-01,810875,BUSINV,2024-09-17
1989-09-01,809900,BUSINV,2024-09-17
1989-10-01,812988,BUSINV,2024-09-17
1989-11-01,816938,BUSINV,2024-09-17
1989-12-01,815455,BUSINV,2024-09-17
1990-01-01,817188,BUSINV,2024-09-17
1990-02-01,817858,BUSINV,2024-09-17
1990-03-01,819646,BUSINV,2024-09-17
1990-04-01,822812,BUSINV,2024-09-17
1990-05-01,828377,BUSINV,2024-09-17
1990-06-01,827136,BUSINV,2024-09-17
1990-07-01,832380,BUSINV,2024-09-17
1990-08-01,836992,BUSINV,2024-09-17
1990-09-01,840420,BUSINV,2024-09-17
1990-10-01,842454,BUSINV,2024-09-17
1990-11-01,844547,BUSINV,2024-09-17
1990-12-01,840594,BUSINV,2024-09-17
1991-01-01,845608,BUSINV,2024-09-17
1991-02-01,843529,BUSINV,2024-09-17
1991-03-01,835169,BUSINV,2024-09-17
1991-04-01,832969,BUSINV,2024-09-17
1991-05-01,828882,BUSINV,2024-09-17
1991-06-01,826359,BUSINV,2024-09-17
1991-07-01,825353,BUSINV,2024-09-17
1991-08-01,824937,BUSINV,2024-09-17
1991-09-01,828054,BUSINV,2024-09-17
1991-10-01,829433,BUSINV,2024-09-17
1991-11-01,830117,BUSINV,2024-09-17
1991-12-01,834609,BUSINV,2024-09-17
1992-01-01,808292,BUSINV,2024-09-17
1992-02-01,809600,BUSINV,2024-09-17
1992-03-01,812725,BUSINV,2024-09-17
1992-04-01,815453,BUSINV,2024-09-17
1992-05-01,815016,BUSINV,2024-09-17
1992-06-01,820447,BUSINV,2024-09-17
1992-07-01,825098,BUSINV,2024-09-17
1992-08-01,826136,BUSINV,2024-09-17
1992-09-01,827513,BUSINV,2024-09-17
1992-10-01,827914,BUSINV,2024-09-17
1992-11-01,829839,BUSINV,2024-09-17
1992-12-01,835800,BUSINV,2024-09-17
1993-01-01,835983,BUSINV,2024-09-17
1993-02-01,838089,BUSINV,2024-09-17
1993-03-01,844806,BUSINV,2024-09-17
1993-04-01,846782,BUSINV,2024-09-17
1993-05-01,847279,BUSINV,2024-09-17
1993-06-01,849135,BUSINV,2024-09-17
1993-07-01,849450,BUSINV,2024-09-17
1993-08-01,850877,BUSINV,2024-09-17
1993-09-01,855018,BUSINV,2024-09-17
1993-10-01,855322,BUSINV,2024-09-17
1993-11-01,859037,BUSINV,2024-09-17
1993-12-01,863125,BUSINV,2024-09-17
1994-01-01,863021,BUSINV,2024-09-17
1994-02-01,867670,BUSINV,2024-09-17
1994-03-01,868751,BUSINV,2024-09-17
1994-04-01,871989,BUSINV,2024-09-17
1994-05-01,882927,BUSINV,2024-09-17
1994-06-01,888689,BUSINV,2024-09-17
1994-07-01,894473,BUSINV,2024-09-17
1994-08-01,902148,BUSINV,2024-09-17
1994-09-01,907994,BUSINV,2024-09-17
1994-10-01,913439,BUSINV,2024-09-17
1994-11-01,919492,BUSINV,2024-09-17
1994-12-01,926395,BUSINV,2024-09-17
1995-01-01,935639,BUSINV,2024-09-17
1995-02-01,942713,BUSINV,2024-09-17
1995-03-01,951538,BUSINV,2024-09-17
1995-04-01,959239,BUSINV,2024-09-17
1995-05-01,965634,BUSINV,2024-09-17
1995-06-01,969558,BUSINV,2024-09-17
1995-07-01,972934,BUSINV,2024-09-17
1995-08-01,976097,BUSINV,2024-09-17
1995-09-01,980029,BUSINV,2024-09-17
1995-10-01,984223,BUSINV,2024-09-17
1995-11-01,986767,BUSINV,2024-09-17
1995-12-01,985385,BUSINV,2024-09-17
1996-01-01,990730,BUSINV,2024-09-17
1996-02-01,991277,BUSINV,2024-09-17
1996-03-01,989146,BUSINV,2024-09-17
1996-04-01,992111,BUSINV,2024-09-17
1996-05-01,993761,BUSINV,2024-09-17
1996-06-01,993127,BUSINV,2024-09-17
1996-07-01,997782,BUSINV,2024-09-17
1996-08-01,999951,BUSINV,2024-09-17
1996-09-01,1000678,BUSINV,2024-09-17
1996-10-01,1004389,BUSINV,2024-09-17
1996-11-01,1004457,BUSINV,2024-09-17
1996-12-01,1004646,BUSINV,2024-09-17
1997-01-01,1007785,BUSINV,2024-09-17
1997-02-01,1010716,BUSINV,2024-09-17
1997-03-01,1010352,BUSINV,2024-09-17
1997-04-01,1014611,BUSINV,2024-09-17
1997-05-01,1018535,BUSINV,2024-09-17
1997-06-01,1024680,BUSINV,2024-09-17
1997-07-01,1026787,BUSINV,2024-09-17
1997-08-01,1028019,BUSINV,2024-09-17
1997-09-01,1034401,BUSINV,2024-09-17
1997-10-01,1038283,BUSINV,2024-09-17
1997-11-01,1040118,BUSINV,2024-09-17
1997-12-01,1045495,BUSINV,2024-09-17
1998-01-01,1048304,BUSINV,2024-09-17
1998-02-01,1054991,BUSINV,2024-09-17
1998-03-01,1060201,BUSINV,2024-09-17
1998-04-01,1062401,BUSINV,2024-09-17
1998-05-01,1061497,BUSINV,2024-09-17
1998-06-01,1061985,BUSINV,2024-09-17
1998-07-01,1064039,BUSINV,2024-09-17
1998-08-01,1066363,BUSINV,2024-09-17
1998-09-01,1070815,BUSINV,2024-09-17
1998-10-01,1073223,BUSINV,2024-09-17
1998-11-01,1077587,BUSINV,2024-09-17
1998-12-01,1077183,BUSINV,2024-09-17
1999-01-01,1077080,BUSINV,2024-09-17
1999-02-01,1082721,BUSINV,2024-09-17
1999-03-01,1090051,BUSINV,2024-09-17
1999-04-01,1092918,BUSINV,2024-09-17
1999-05-01,1095905,BUSINV,2024-09-17
1999-06-01,1098782,BUSINV,2024-09-17
1999-07-01,1104062,BUSINV,2024-09-17
1999-08-01,1105895,BUSINV,2024-09-17
1999-09-01,1112246,BUSINV,2024-09-17
1999-10-01,1115766,BUSINV,2024-09-17
1999-11-01,1128337,BUSINV,2024-09-17
1999-12-01,1137260,BUSINV,2024-09-17
2000-01-01,1140023,BUSINV,2024-09-17
2000-02-01,1146435,BUSINV,2024-09-17
2000-03-01,1150666,BUSINV,2024-09-17
2000-04-01,1157552,BUSINV,2024-09-17
2000-05-01,1163974,BUSINV,2024-09-17
2000-06-01,1174263,BUSINV,2024-09-17
2000-07-01,1175374,BUSINV,2024-09-17
2000-08-01,1183268,BUSINV,2024-09-17
2000-09-01,1183463,BUSINV,2024-09-17
2000-10-01,1189920,BUSINV,2024-09-17
2000-11-01,1197038,BUSINV,2024-09-17
2000-12-01,1195894,BUSINV,2024-09-17
2001-01-01,1197945,BUSINV,2024-09-17
2001-02-01,1191600,BUSINV,2024-09-17
2001-03-01,1186068,BUSINV,2024-09-17
2001-04-01,1184434,BUSINV,2024-09-17
2001-05-01,1182109,BUSINV,2024-09-17
2001-06-01,1173176,BUSINV,2024-09-17
2001-07-01,1165045,BUSINV,2024-09-17
2001-08-01,1163600,BUSINV,2024-09-17
2001-09-01,1157242,BUSINV,2024-09-17
2001-10-01,1139077,BUSINV,2024-09-17
2001-11-01,1126312,BUSINV,2024-09-17
2001-12-01,1118552,BUSINV,2024-09-17
2002-01-01,1117388,BUSINV,2024-09-17
2002-02-01,1111859,BUSINV,2024-09-17
2002-03-01,1108193,BUSINV,2024-09-17
2002-04-01,1106806,BUSINV,2024-09-17
2002-05-01,1110725,BUSINV,2024-09-17
2002-06-01,1112674,BUSINV,2024-09-17
2002-07-01,1119258,BUSINV,2024-09-17
2002-08-01,1120777,BUSINV,2024-09-17
2002-09-01,1128958,BUSINV,2024-09-17
2002-10-01,1130630,BUSINV,2024-09-17
2002-11-01,1132381,BUSINV,2024-09-17
2002-12-01,1139523,BUSINV,2024-09-17
2003-01-01,1139589,BUSINV,2024-09-17
2003-02-01,1148176,BUSINV,2024-09-17
2003-03-01,1149009,BUSINV,2024-09-17
2003-04-01,1150317,BUSINV,2024-09-17
2003-05-01,1145246,BUSINV,2024-09-17
2003-06-01,1142115,BUSINV,2024-09-17
2003-07-01,1139701,BUSINV,2024-09-17
2003-08-01,1132993,BUSINV,2024-09-17
2003-09-01,1136935,BUSINV,2024-09-17
2003-10-01,1143104,BUSINV,2024-09-17
2003-11-01,1145108,BUSINV,2024-09-17
2003-12-01,1147795,BUSINV,2024-09-17
2004-01-01,1148368,BUSINV,2024-09-17
2004-02-01,1158745,BUSINV,2024-09-17
2004-03-01,1168100,BUSINV,2024-09-17
2004-04-01,1176070,BUSINV,2024-09-17
2004-05-01,1183161,BUSINV,2024-09-17
2004-06-01,1195398,BUSINV,2024-09-17
2004-07-01,1207045,BUSINV,2024-09-17
2004-08-01,1217193,BUSINV,2024-09-17
2004-09-01,1217197,BUSINV,2024-09-17
2004-10-01,1225082,BUSINV,2024-09-17
2004-11-01,1238758,BUSINV,2024-09-17
2004-12-01,1241744,BUSINV,2024-09-17
2005-01-01,1252502,BUSINV,2024-09-17
2005-02-01,1261301,BUSINV,2024-09-17
2005-03-01,1269147,BUSINV,2024-09-17
2005-04-01,1274847,BUSINV,2024-09-17
2005-05-01,1276449,BUSINV,2024-09-17
2005-06-01,1275931,BUSINV,2024-09-17
2005-07-01,1270200,BUSINV,2024-09-17
2005-08-01,1274866,BUSINV,2024-09-17
2005-09-01,1282637,BUSINV,2024-09-17
2005-10-01,1291339,BUSINV,2024-09-17
2005-11-01,1300756,BUSINV,2024-09-17
2005-12-01,1314161,BUSINV,2024-09-17
2006-01-01,1323295,BUSINV,2024-09-17
2006-02-01,1327287,BUSINV,2024-09-17
2006-03-01,1340279,BUSINV,2024-09-17
2006-04-01,1348410,BUSINV,2024-09-17
2006-05-01,1363351,BUSINV,2024-09-17
2006-06-01,1375795,BUSINV,2024-09-17
2006-07-01,1381022,BUSINV,2024-09-17
2006-08-01,1391188,BUSINV,2024-09-17
2006-09-01,1396458,BUSINV,2024-09-17
2006-10-01,1401743,BUSINV,2024-09-17
2006-11-01,1407338,BUSINV,2024-09-17
2006-12-01,1408680,BUSINV,2024-09-17
2007-01-01,1412583,BUSINV,2024-09-17
2007-02-01,1419145,BUSINV,2024-09-17
2007-03-01,1420809,BUSINV,2024-09-17
2007-04-01,1428601,BUSINV,2024-09-17
2007-05-01,1438224,BUSINV,2024-09-17
2007-06-01,1445155,BUSINV,2024-09-17
2007-07-01,1447212,BUSINV,2024-09-17
2007-08-01,1452795,BUSINV,2024-09-17
2007-09-01,1460482,BUSINV,2024-09-17
2007-10-01,1466245,BUSINV,2024-09-17
2007-11-01,1476656,BUSINV,2024-09-17
2007-12-01,1488223,BUSINV,2024-09-17
2008-01-01,1500138,BUSINV,2024-09-17
2008-02-01,1507310,BUSINV,2024-09-17
2008-03-01,1508083,BUSINV,2024-09-17
2008-04-01,1514549,BUSINV,2024-09-17
2008-05-01,1517375,BUSINV,2024-09-17
2008-06-01,1526777,BUSINV,2024-09-17
2008-07-01,1535732,BUSINV,2024-09-17
2008-08-01,1539186,BUSINV,2024-09-17
2008-09-01,1528711,BUSINV,2024-09-17
2008-10-01,1514194,BUSINV,2024-09-17
2008-11-01,1498070,BUSINV,2024-09-17
2008-12-01,1465714,BUSINV,2024-09-17
2009-01-01,1447913,BUSINV,2024-09-17
2009-02-01,1427102,BUSINV,2024-09-17
2009-03-01,1406199,BUSINV,2024-09-17
2009-04-01,1387718,BUSINV,2024-09-17
2009-05-01,1372383,BUSINV,2024-09-17
2009-06-01,1354509,BUSINV,2024-09-17
2009-07-01,1338517,BUSINV,2024-09-17
2009-08-01,1321603,BUSINV,2024-09-17
2009-09-01,1315316,BUSINV,2024-09-17
2009-10-01,1323656,BUSINV,2024-09-17
2009-11-01,1334051,BUSINV,2024-09-17
2009-12-01,1331497,BUSINV,2024-09-17
2010-01-01,1333884,BUSINV,2024-09-17
2010-02-01,1342686,BUSINV,2024-09-17
2010-03-01,1348688,BUSINV,2024-09-17
2010-04-01,1353657,BUSINV,2024-09-17
2010-05-01,1357851,BUSINV,2024-09-17
2010-06-01,1367670,BUSINV,2024-09-17
2010-07-01,1379915,BUSINV,2024-09-17
2010-08-01,1391841,BUSINV,2024-09-17
2010-09-01,1406906,BUSINV,2024-09-17
2010-10-01,1423474,BUSINV,2024-09-17
2010-11-01,1434523,BUSINV,2024-09-17
2010-12-01,1450371,BUSINV,2024-09-17
2011-01-01,1462403,BUSINV,2024-09-17
2011-02-01,1472231,BUSINV,2024-09-17
2011-03-01,1489022,BUSINV,2024-09-17
2011-04-01,1502663,BUSINV,2024-09-17
2011-05-01,1520742,BUSINV,2024-09-17
2011-06-01,1527083,BUSINV,2024-09-17
2011-07-01,1534390,BUSINV,2024-09-17
2011-08-01,1541898,BUSINV,2024-09-17
2011-09-01,1536572,BUSINV,2024-09-17
2011-10-01,1550732,BUSINV,2024-09-17
2011-11-01,1557904,BUSINV,2024-09-17
2011-12-01,1567171,BUSINV,2024-09-17
2012-01-01,1574265,BUSINV,2024-09-17
2012-02-01,1586863,BUSINV,2024-09-17
2012-03-01,1593127,BUSINV,2024-09-17
2012-04-01,1601090,BUSINV,2024-09-17
2012-05-01,1605876,BUSINV,2024-09-17
2012-06-01,1611486,BUSINV,2024-09-17
2012-07-01,1624907,BUSINV,2024-09-17
2012-08-01,1631580,BUSINV,2024-09-17
2012-09-01,1644631,BUSINV,2024-09-17
2012-10-01,1645122,BUSINV,2024-09-17
2012-11-01,1651518,BUSINV,2024-09-17
2012-12-01,1658022,BUSINV,2024-09-17
2013-01-01,1670363,BUSINV,2024-09-17
2013-02-01,1672476,BUSINV,2024-09-17
2013-03-01,1672260,BUSINV,2024-09-17
2013-04-01,1676141,BUSINV,2024-09-17
2013-05-01,1672204,BUSINV,2024-09-17
2013-06-01,1675065,BUSINV,2024-09-17
2013-07-01,1679807,BUSINV,2024-09-17
2013-08-01,1688431,BUSINV,2024-09-17
2013-09-01,1697896,BUSINV,2024-09-17
2013-10-01,1707839,BUSINV,2024-09-17
2013-11-01,1718159,BUSINV,2024-09-17
2013-12-01,1727113,BUSINV,2024-09-17
2014-01-01,1732857,BUSINV,2024-09-17
2014-02-01,1742476,BUSINV,2024-09-17
2014-03-01,1750382,BUSINV,2024-09-17
2014-04-01,1757356,BUSINV,2024-09-17
2014-05-01,1765529,BUSINV,2024-09-17
2014-06-01,1769192,BUSINV,2024-09-17
2014-07-01,1774651,BUSINV,2024-09-17
2014-08-01,1780666,BUSINV,2024-09-17
2014-09-01,1782712,BUSINV,2024-09-17
2014-10-01,1786464,BUSINV,2024-09-17
2014-11-01,1791932,BUSINV,2024-09-17
2014-12-01,1789576,BUSINV,2024-09-17
2015-01-01,1789515,BUSINV,2024-09-17
2015-02-01,1795461,BUSINV,2024-09-17
2015-03-01,1798476,BUSINV,2024-09-17
2015-04-01,1804475,BUSINV,2024-09-17
2015-05-01,1809028,BUSINV,2024-09-17
2015-06-01,1820330,BUSINV,2024-09-17
2015-07-01,1820678,BUSINV,2024-09-17
2015-08-01,1823338,BUSINV,2024-09-17
2015-09-01,1827080,BUSINV,2024-09-17
2015-10-01,1829859,BUSINV,2024-09-17
2015-11-01,1826349,BUSINV,2024-09-17
2015-12-01,1822793,BUSINV,2024-09-17
2016-01-01,1822766,BUSINV,2024-09-17
2016-02-01,1818023,BUSINV,2024-09-17
2016-03-01,1824047,BUSINV,2024-09-17
2016-04-01,1829532,BUSINV,2024-09-17
2016-05-01,1834672,BUSINV,2024-09-17
2016-06-01,1835501,BUSINV,2024-09-17
2016-07-01,1836873,BUSINV,2024-09-17
2016-08-01,1836994,BUSINV,2024-09-17
2016-09-01,1840016,BUSINV,2024-09-17
2016-10-01,1841542,BUSINV,2024-09-17
2016-11-01,1853164,BUSINV,2024-09-17
2016-12-01,1857230,BUSINV,2024-09-17
2017-01-01,1861290,BUSINV,2024-09-17
2017-02-01,1864251,BUSINV,2024-09-17
2017-03-01,1867559,BUSINV,2024-09-17
2017-04-01,1866023,BUSINV,2024-09-17
2017-05-01,1870152,BUSINV,2024-09-17
2017-06-01,1878737,BUSINV,2024-09-17
2017-07-01,1885696,BUSINV,2024-09-17
2017-08-01,1896402,BUSINV,2024-09-17
2017-09-01,1899836,BUSINV,2024-09-17
2017-10-01,1900768,BUSINV,2024-09-17
2017-11-01,1909729,BUSINV,2024-09-17
2017-12-01,1917272,BUSINV,2024-09-17
2018-01-01,1925945,BUSINV,2024-09-17
2018-02-01,1935729,BUSINV,2024-09-17
2018-03-01,1934698,BUSINV,2024-09-17
2018-04-01,1939183,BUSINV,2024-09-17
2018-05-01,1942052,BUSINV,2024-09-17
2018-06-01,1944758,BUSINV,2024-09-17
2018-07-01,1956703,BUSINV,2024-09-17
2018-08-01,1967346,BUSINV,2024-09-17
2018-09-01,1978179,BUSINV,2024-09-17
2018-10-01,1988115,BUSINV,2024-09-17
2018-11-01,1987502,BUSINV,2024-09-17
2018-12-01,2001961,BUSINV,2024-09-17
2019-01-01,2016358,BUSINV,2024-09-17
2019-02-01,2022896,BUSINV,2024-09-17
2019-03-01,2022918,BUSINV,2024-09-17
2019-04-01,2033324,BUSINV,2024-09-17
2019-05-01,2037127,BUSINV,2024-09-17
2019-06-01,2039218,BUSINV,2024-09-17
2019-07-01,2046137,BUSINV,2024-09-17
2019-08-01,2046856,BUSINV,2024-09-17
2019-09-01,2045084,BUSINV,2024-09-17
2019-10-01,2045691,BUSINV,2024-09-17
2019-11-01,2044901,BUSINV,2024-09-17
2019-12-01,2042803,BUSINV,2024-09-17
2020-01-01,2036248,BUSINV,2024-09-17
2020-02-01,2024661,BUSINV,2024-09-17
2020-03-01,2015855,BUSINV,2024-09-17
2020-04-01,1987957,BUSINV,2024-09-17
2020-05-01,1940672,BUSINV,2024-09-17
2020-06-01,1917314,BUSINV,2024-09-17
2020-07-01,1922510,BUSINV,2024-09-17
2020-08-01,1933732,BUSINV,2024-09-17
2020-09-01,1947255,BUSINV,2024-09-17
2020-10-01,1967170,BUSINV,2024-09-17
2020-11-01,1979833,BUSINV,2024-09-17
2020-12-01,1991890,BUSINV,2024-09-17
2021-01-01,2009735,BUSINV,2024-09-17
2021-02-01,2025751,BUSINV,2024-09-17
2021-03-01,2026455,BUSINV,2024-09-17
2021-04-01,2030487,BUSINV,2024-09-17
2021-05-01,2046564,BUSINV,2024-09-17
2021-06-01,2063358,BUSINV,2024-09-17
2021-07-01,2090771,BUSINV,2024-09-17
2021-08-01,2110438,BUSINV,2024-09-17
2021-09-01,2134263,BUSINV,2024-09-17
2021-10-01,2166413,BUSINV,2024-09-17
2021-11-01,2202705,BUSINV,2024-09-17
2021-12-01,2257524,BUSINV,2024-09-17
2022-01-01,2294357,BUSINV,2024-09-17
2022-02-01,2333243,BUSINV,2024-09-17
2022-03-01,2381184,BUSINV,2024-09-17
2022-04-01,2408435,BUSINV,2024-09-17
2022-05-01,2447893,BUSINV,2024-09-17
2022-06-01,2479134,BUSINV,2024-09-17
2022-07-01,2493530,BUSINV,2024-09-17
2022-08-01,2511345,BUSINV,2024-09-17
2022-09-01,2513182,BUSINV,2024-09-17
2022-10-01,2520491,BUSINV,2024-09-17
2022-11-01,2524932,BUSINV,2024-09-17
2022-12-01,2529366,BUSINV,2024-09-17
2023-01-01,2527240,BUSINV,2024-09-17
2023-02-01,2523989,BUSINV,2024-09-17
2023-03-01,2522573,BUSINV,2024-09-17
2023-04-01,2520942,BUSINV,2024-09-17
2023-05-01,2517951,BUSINV,2024-09-17
2023-06-01,2515043,BUSINV,2024-09-17
2023-07-01,2511946,BUSINV,2024-09-17
2023-08-01,2523756,BUSINV,2024-09-17
2023-09-01,2530833,BUSINV,2024-09-17
2023-10-01,2528517,BUSINV,2024-09-17
2023-11-01,2523556,BUSINV,2024-09-17
2023-12-01,2534336,BUSINV,2024-09-17
2024-01-01,2533958,BUSINV,2024-09-17
2024-02-01,2540743,BUSINV,2024-09-17
2024-03-01,2537490,BUSINV,2024-09-17
2024-04-01,2546223,BUSINV,2024-09-17
2024-05-01,2558827,BUSINV,2024-09-17
2024-06-01,2565930,BUSINV,2024-09-17
2024-07-01,2574923,BUSINV,2024-09-17
2001-07-01,"-13,3",GACDISA066MSFRBNY,2024-09-16
2001-08-01,-8,GACDISA066MSFRBNY,2024-09-16
2001-09-01,"-12,5",GACDISA066MSFRBNY,2024-09-16
2001-10-01,"-14,7",GACDISA066MSFRBNY,2024-09-16
2001-11-01,"-21,5",GACDISA066MSFRBNY,2024-09-16
2001-12-01,"-9,8",GACDISA066MSFRBNY,2024-09-16
2002-01-01,"1,4",GACDISA066MSFRBNY,2024-09-16
2002-02-01,"13,3",GACDISA066MSFRBNY,2024-09-16
2002-03-01,"13,8",GACDISA066MSFRBNY,2024-09-16
2002-04-01,"20,2",GACDISA066MSFRBNY,2024-09-16
2002-05-01,"12,9",GACDISA066MSFRBNY,2024-09-16
2002-06-01,"8,9",GACDISA066MSFRBNY,2024-09-16
2002-07-01,"-1,9",GACDISA066MSFRBNY,2024-09-16
2002-08-01,"8,2",GACDISA066MSFRBNY,2024-09-16
2002-09-01,"6,3",GACDISA066MSFRBNY,2024-09-16
2002-10-01,"-3,8",GACDISA066MSFRBNY,2024-09-16
2002-11-01,4,GACDISA066MSFRBNY,2024-09-16
2002-12-01,"2,4",GACDISA066MSFRBNY,2024-09-16
2003-01-01,"8,1",GACDISA066MSFRBNY,2024-09-16
2003-02-01,"-3,5",GACDISA066MSFRBNY,2024-09-16
2003-03-01,"6,5",GACDISA066MSFRBNY,2024-09-16
2003-04-01,"-14,5",GACDISA066MSFRBNY,2024-09-16
2003-05-01,"15,7",GACDISA066MSFRBNY,2024-09-16
2003-06-01,"25,1",GACDISA066MSFRBNY,2024-09-16
2003-07-01,"19,3",GACDISA066MSFRBNY,2024-09-16
2003-08-01,"15,5",GACDISA066MSFRBNY,2024-09-16
2003-09-01,"20,4",GACDISA066MSFRBNY,2024-09-16
2003-10-01,"36,8",GACDISA066MSFRBNY,2024-09-16
2003-11-01,34,GACDISA066MSFRBNY,2024-09-16
2003-12-01,"27,4",GACDISA066MSFRBNY,2024-09-16
2004-01-01,"32,5",GACDISA066MSFRBNY,2024-09-16
2004-02-01,37,GACDISA066MSFRBNY,2024-09-16
2004-03-01,"32,6",GACDISA066MSFRBNY,2024-09-16
2004-04-01,39,GACDISA066MSFRBNY,2024-09-16
2004-05-01,37,GACDISA066MSFRBNY,2024-09-16
2004-06-01,"27,1",GACDISA066MSFRBNY,2024-09-16
2004-07-01,35,GACDISA066MSFRBNY,2024-09-16
2004-08-01,"15,2",GACDISA066MSFRBNY,2024-09-16
2004-09-01,"28,4",GACDISA066MSFRBNY,2024-09-16
2004-10-01,"24,5",GACDISA066MSFRBNY,2024-09-16
2004-11-01,"15,3",GACDISA066MSFRBNY,2024-09-16
2004-12-01,"21,6",GACDISA066MSFRBNY,2024-09-16
2005-01-01,"15,6",GACDISA066MSFRBNY,2024-09-16
2005-02-01,"17,1",GACDISA066MSFRBNY,2024-09-16
2005-03-01,"24,3",GACDISA066MSFRBNY,2024-09-16
2005-04-01,"8,3",GACDISA066MSFRBNY,2024-09-16
2005-05-01,"-4,9",GACDISA066MSFRBNY,2024-09-16
2005-06-01,"7,8",GACDISA066MSFRBNY,2024-09-16
2005-07-01,"23,8",GACDISA066MSFRBNY,2024-09-16
2005-08-01,"23,7",GACDISA066MSFRBNY,2024-09-16
2005-09-01,"16,9",GACDISA066MSFRBNY,2024-09-16
2005-10-01,"12,1",GACDISA066MSFRBNY,2024-09-16
2005-11-01,18,GACDISA066MSFRBNY,2024-09-16
2005-12-01,"22,9",GACDISA066MSFRBNY,2024-09-16
2006-01-01,"17,5",GACDISA066MSFRBNY,2024-09-16
2006-02-01,"20,9",GACDISA066MSFRBNY,2024-09-16
2006-03-01,"33,2",GACDISA066MSFRBNY,2024-09-16
2006-04-01,"18,5",GACDISA066MSFRBNY,2024-09-16
2006-05-01,"18,6",GACDISA066MSFRBNY,2024-09-16
2006-06-01,"26,5",GACDISA066MSFRBNY,2024-09-16
2006-07-01,"16,6",GACDISA066MSFRBNY,2024-09-16
2006-08-01,"11,7",GACDISA066MSFRBNY,2024-09-16
2006-09-01,"14,9",GACDISA066MSFRBNY,2024-09-16
2006-10-01,"18,7",GACDISA066MSFRBNY,2024-09-16
2006-11-01,"22,9",GACDISA066MSFRBNY,2024-09-16
2006-12-01,"20,1",GACDISA066MSFRBNY,2024-09-16
2007-01-01,"7,4",GACDISA066MSFRBNY,2024-09-16
2007-02-01,"24,5",GACDISA066MSFRBNY,2024-09-16
2007-03-01,"13,3",GACDISA066MSFRBNY,2024-09-16
2007-04-01,"3,9",GACDISA066MSFRBNY,2024-09-16
2007-05-01,10,GACDISA066MSFRBNY,2024-09-16
2007-06-01,"24,3",GACDISA066MSFRBNY,2024-09-16
2007-07-01,"26,2",GACDISA066MSFRBNY,2024-09-16
2007-08-01,"22,8",GACDISA066MSFRBNY,2024-09-16
2007-09-01,"14,7",GACDISA066MSFRBNY,2024-09-16
2007-10-01,"25,7",GACDISA066MSFRBNY,2024-09-16
2007-11-01,"25,9",GACDISA066MSFRBNY,2024-09-16
2007-12-01,"8,6",GACDISA066MSFRBNY,2024-09-16
2008-01-01,"7,2",GACDISA066MSFRBNY,2024-09-16
2008-02-01,"-7,3",GACDISA066MSFRBNY,2024-09-16
2008-03-01,"-14,7",GACDISA066MSFRBNY,2024-09-16
2008-04-01,"-3,1",GACDISA066MSFRBNY,2024-09-16
2008-05-01,"-3,9",GACDISA066MSFRBNY,2024-09-16
2008-06-01,"-8,2",GACDISA066MSFRBNY,2024-09-16
2008-07-01,"-5,2",GACDISA066MSFRBNY,2024-09-16
2008-08-01,"-0,9",GACDISA066MSFRBNY,2024-09-16
2008-09-01,"-8,1",GACDISA066MSFRBNY,2024-09-16
2008-10-01,"-25,9",GACDISA066MSFRBNY,2024-09-16
2008-11-01,"-22,6",GACDISA066MSFRBNY,2024-09-16
2008-12-01,"-25,4",GACDISA066MSFRBNY,2024-09-16
2009-01-01,"-26,5",GACDISA066MSFRBNY,2024-09-16
2009-02-01,"-34,3",GACDISA066MSFRBNY,2024-09-16
2009-03-01,"-33,7",GACDISA066MSFRBNY,2024-09-16
2009-04-01,"-19,3",GACDISA066MSFRBNY,2024-09-16
2009-05-01,-6,GACDISA066MSFRBNY,2024-09-16
2009-06-01,"-9,7",GACDISA066MSFRBNY,2024-09-16
2009-07-01,0,GACDISA066MSFRBNY,2024-09-16
2009-08-01,"12,7",GACDISA066MSFRBNY,2024-09-16
2009-09-01,21,GACDISA066MSFRBNY,2024-09-16
2009-10-01,33,GACDISA066MSFRBNY,2024-09-16
2009-11-01,"25,8",GACDISA066MSFRBNY,2024-09-16
2009-12-01,"5,2",GACDISA066MSFRBNY,2024-09-16
2010-01-01,"15,1",GACDISA066MSFRBNY,2024-09-16
2010-02-01,"21,5",GACDISA066MSFRBNY,2024-09-16
2010-03-01,"19,8",GACDISA066MSFRBNY,2024-09-16
2010-04-01,"27,4",GACDISA066MSFRBNY,2024-09-16
2010-05-01,18,GACDISA066MSFRBNY,2024-09-16
2010-06-01,"19,8",GACDISA066MSFRBNY,2024-09-16
2010-07-01,"5,3",GACDISA066MSFRBNY,2024-09-16
2010-08-01,10,GACDISA066MSFRBNY,2024-09-16
2010-09-01,"9,9",GACDISA066MSFRBNY,2024-09-16
2010-10-01,"15,2",GACDISA066MSFRBNY,2024-09-16
2010-11-01,"-7,4",GACDISA066MSFRBNY,2024-09-16
2010-12-01,"11,9",GACDISA066MSFRBNY,2024-09-16
2011-01-01,"9,6",GACDISA066MSFRBNY,2024-09-16
2011-02-01,"12,1",GACDISA066MSFRBNY,2024-09-16
2011-03-01,"12,4",GACDISA066MSFRBNY,2024-09-16
2011-04-01,"19,1",GACDISA066MSFRBNY,2024-09-16
2011-05-01,"10,1",GACDISA066MSFRBNY,2024-09-16
2011-06-01,"-5,3",GACDISA066MSFRBNY,2024-09-16
2011-07-01,-6,GACDISA066MSFRBNY,2024-09-16
2011-08-01,"-3,9",GACDISA066MSFRBNY,2024-09-16
2011-09-01,"-4,3",GACDISA066MSFRBNY,2024-09-16
2011-10-01,"-5,7",GACDISA066MSFRBNY,2024-09-16
2011-11-01,"4,9",GACDISA066MSFRBNY,2024-09-16
2011-12-01,"11,7",GACDISA066MSFRBNY,2024-09-16
2012-01-01,"11,5",GACDISA066MSFRBNY,2024-09-16
2012-02-01,"17,5",GACDISA066MSFRBNY,2024-09-16
2012-03-01,"15,5",GACDISA066MSFRBNY,2024-09-16
2012-04-01,"7,8",GACDISA066MSFRBNY,2024-09-16
2012-05-01,"14,2",GACDISA066MSFRBNY,2024-09-16
2012-06-01,"1,6",GACDISA066MSFRBNY,2024-09-16
2012-07-01,"3,2",GACDISA066MSFRBNY,2024-09-16
2012-08-01,"-2,7",GACDISA066MSFRBNY,2024-09-16
2012-09-01,"-6,9",GACDISA066MSFRBNY,2024-09-16
2012-10-01,"-4,6",GACDISA066MSFRBNY,2024-09-16
2012-11-01,"-0,8",GACDISA066MSFRBNY,2024-09-16
2012-12-01,"-5,8",GACDISA066MSFRBNY,2024-09-16
2013-01-01,"-7,5",GACDISA066MSFRBNY,2024-09-16
2013-02-01,"9,2",GACDISA066MSFRBNY,2024-09-16
2013-03-01,"4,9",GACDISA066MSFRBNY,2024-09-16
2013-04-01,"4,5",GACDISA066MSFRBNY,2024-09-16
2013-05-01,"-1,1",GACDISA066MSFRBNY,2024-09-16
2013-06-01,"4,5",GACDISA066MSFRBNY,2024-09-16
2013-07-01,"5,2",GACDISA066MSFRBNY,2024-09-16
2013-08-01,"9,7",GACDISA066MSFRBNY,2024-09-16
2013-09-01,"7,7",GACDISA066MSFRBNY,2024-09-16
2013-10-01,"3,6",GACDISA066MSFRBNY,2024-09-16
2013-11-01,"2,2",GACDISA066MSFRBNY,2024-09-16
2013-12-01,"3,2",GACDISA066MSFRBNY,2024-09-16
2014-01-01,"12,8",GACDISA066MSFRBNY,2024-09-16
2014-02-01,"6,8",GACDISA066MSFRBNY,2024-09-16
2014-03-01,"2,8",GACDISA066MSFRBNY,2024-09-16
2014-04-01,"4,1",GACDISA066MSFRBNY,2024-09-16
2014-05-01,"17,5",GACDISA066MSFRBNY,2024-09-16
2014-06-01,"15,8",GACDISA066MSFRBNY,2024-09-16
2014-07-01,21,GACDISA066MSFRBNY,2024-09-16
2014-08-01,"16,1",GACDISA066MSFRBNY,2024-09-16
2014-09-01,"29,4",GACDISA066MSFRBNY,2024-09-16
2014-10-01,"6,2",GACDISA066MSFRBNY,2024-09-16
2014-11-01,12,GACDISA066MSFRBNY,2024-09-16
2014-12-01,"-2,5",GACDISA066MSFRBNY,2024-09-16
2015-01-01,"12,5",GACDISA066MSFRBNY,2024-09-16
2015-02-01,"10,6",GACDISA066MSFRBNY,2024-09-16
2015-03-01,"3,7",GACDISA066MSFRBNY,2024-09-16
2015-04-01,"0,1",GACDISA066MSFRBNY,2024-09-16
2015-05-01,"3,9",GACDISA066MSFRBNY,2024-09-16
2015-06-01,"-4,8",GACDISA066MSFRBNY,2024-09-16
2015-07-01,"1,7",GACDISA066MSFRBNY,2024-09-16
2015-08-01,"-13,9",GACDISA066MSFRBNY,2024-09-16
2015-09-01,"-12,7",GACDISA066MSFRBNY,2024-09-16
2015-10-01,"-13,7",GACDISA066MSFRBNY,2024-09-16
2015-11-01,"-9,7",GACDISA066MSFRBNY,2024-09-16
2015-12-01,"-5,9",GACDISA066MSFRBNY,2024-09-16
2016-01-01,"-16,6",GACDISA066MSFRBNY,2024-09-16
2016-02-01,"-12,9",GACDISA066MSFRBNY,2024-09-16
2016-03-01,"-2,5",GACDISA066MSFRBNY,2024-09-16
2016-04-01,"8,9",GACDISA066MSFRBNY,2024-09-16
2016-05-01,"-7,4",GACDISA066MSFRBNY,2024-09-16
2016-06-01,"3,1",GACDISA066MSFRBNY,2024-09-16
2016-07-01,"1,4",GACDISA066MSFRBNY,2024-09-16
2016-08-01,"-5,6",GACDISA066MSFRBNY,2024-09-16
2016-09-01,"-1,6",GACDISA066MSFRBNY,2024-09-16
2016-10-01,"-9,5",GACDISA066MSFRBNY,2024-09-16
2016-11-01,"1,9",GACDISA066MSFRBNY,2024-09-16
2016-12-01,"9,6",GACDISA066MSFRBNY,2024-09-16
2017-01-01,"7,5",GACDISA066MSFRBNY,2024-09-16
2017-02-01,"20,1",GACDISA066MSFRBNY,2024-09-16
2017-03-01,"15,6",GACDISA066MSFRBNY,2024-09-16
2017-04-01,"6,2",GACDISA066MSFRBNY,2024-09-16
2017-05-01,"0,7",GACDISA066MSFRBNY,2024-09-16
2017-06-01,"18,8",GACDISA066MSFRBNY,2024-09-16
2017-07-01,"11,8",GACDISA066MSFRBNY,2024-09-16
2017-08-01,"22,7",GACDISA066MSFRBNY,2024-09-16
2017-09-01,"23,6",GACDISA066MSFRBNY,2024-09-16
2017-10-01,"26,6",GACDISA066MSFRBNY,2024-09-16
2017-11-01,"19,1",GACDISA066MSFRBNY,2024-09-16
2017-12-01,"20,1",GACDISA066MSFRBNY,2024-09-16
2018-01-01,"19,4",GACDISA066MSFRBNY,2024-09-16
2018-02-01,"17,5",GACDISA066MSFRBNY,2024-09-16
2018-03-01,"23,5",GACDISA066MSFRBNY,2024-09-16
2018-04-01,"17,4",GACDISA066MSFRBNY,2024-09-16
2018-05-01,17,GACDISA066MSFRBNY,2024-09-16
2018-06-01,"25,8",GACDISA066MSFRBNY,2024-09-16
2018-07-01,"21,6",GACDISA066MSFRBNY,2024-09-16
2018-08-01,"24,1",GACDISA066MSFRBNY,2024-09-16
2018-09-01,19,GACDISA066MSFRBNY,2024-09-16
2018-10-01,"19,4",GACDISA066MSFRBNY,2024-09-16
2018-11-01,"21,1",GACDISA066MSFRBNY,2024-09-16
2018-12-01,"11,1",GACDISA066MSFRBNY,2024-09-16
2019-01-01,"4,8",GACDISA066MSFRBNY,2024-09-16
2019-02-01,"10,3",GACDISA066MSFRBNY,2024-09-16
2019-03-01,"5,1",GACDISA066MSFRBNY,2024-09-16
2019-04-01,"9,4",GACDISA066MSFRBNY,2024-09-16
2019-05-01,"14,4",GACDISA066MSFRBNY,2024-09-16
2019-06-01,"-6,4",GACDISA066MSFRBNY,2024-09-16
2019-07-01,"4,2",GACDISA066MSFRBNY,2024-09-16
2019-08-01,"4,2",GACDISA066MSFRBNY,2024-09-16
2019-09-01,"2,2",GACDISA066MSFRBNY,2024-09-16
2019-10-01,"3,3",GACDISA066MSFRBNY,2024-09-16
2019-11-01,"2,5",GACDISA066MSFRBNY,2024-09-16
2019-12-01,"3,3",GACDISA066MSFRBNY,2024-09-16
2020-01-01,"4,8",GACDISA066MSFRBNY,2024-09-16
2020-02-01,"12,9",GACDISA066MSFRBNY,2024-09-16
2020-03-01,"-21,5",GACDISA066MSFRBNY,2024-09-16
2020-04-01,"-78,2",GACDISA066MSFRBNY,2024-09-16
2020-05-01,"-48,5",GACDISA066MSFRBNY,2024-09-16
2020-06-01,"-0,2",GACDISA066MSFRBNY,2024-09-16
2020-07-01,"17,2",GACDISA066MSFRBNY,2024-09-16
2020-08-01,"3,7",GACDISA066MSFRBNY,2024-09-16
2020-09-01,17,GACDISA066MSFRBNY,2024-09-16
2020-10-01,"10,5",GACDISA066MSFRBNY,2024-09-16
2020-11-01,"6,3",GACDISA066MSFRBNY,2024-09-16
2020-12-01,"4,9",GACDISA066MSFRBNY,2024-09-16
2021-01-01,"3,5",GACDISA066MSFRBNY,2024-09-16
2021-02-01,"12,1",GACDISA066MSFRBNY,2024-09-16
2021-03-01,"17,4",GACDISA066MSFRBNY,2024-09-16
2021-04-01,"26,3",GACDISA066MSFRBNY,2024-09-16
2021-05-01,"24,3",GACDISA066MSFRBNY,2024-09-16
2021-06-01,"17,4",GACDISA066MSFRBNY,2024-09-16
2021-07-01,43,GACDISA066MSFRBNY,2024-09-16
2021-08-01,"18,3",GACDISA066MSFRBNY,2024-09-16
2021-09-01,"34,3",GACDISA066MSFRBNY,2024-09-16
2021-10-01,"19,8",GACDISA066MSFRBNY,2024-09-16
2021-11-01,"30,9",GACDISA066MSFRBNY,2024-09-16
2021-12-01,"31,9",GACDISA066MSFRBNY,2024-09-16
2022-01-01,"-0,7",GACDISA066MSFRBNY,2024-09-16
2022-02-01,"3,1",GACDISA066MSFRBNY,2024-09-16
2022-03-01,"-11,8",GACDISA066MSFRBNY,2024-09-16
2022-04-01,"24,6",GACDISA066MSFRBNY,2024-09-16
2022-05-01,"-11,6",GACDISA066MSFRBNY,2024-09-16
2022-06-01,"-1,2",GACDISA066MSFRBNY,2024-09-16
2022-07-01,"11,1",GACDISA066MSFRBNY,2024-09-16
2022-08-01,"-31,3",GACDISA066MSFRBNY,2024-09-16
2022-09-01,"-1,5",GACDISA066MSFRBNY,2024-09-16
2022-10-01,"-9,1",GACDISA066MSFRBNY,2024-09-16
2022-11-01,"4,5",GACDISA066MSFRBNY,2024-09-16
2022-12-01,"-11,2",GACDISA066MSFRBNY,2024-09-16
2023-01-01,"-32,9",GACDISA066MSFRBNY,2024-09-16
2023-02-01,"-5,8",GACDISA066MSFRBNY,2024-09-16
2023-03-01,"-24,6",GACDISA066MSFRBNY,2024-09-16
2023-04-01,"10,8",GACDISA066MSFRBNY,2024-09-16
2023-05-01,"-31,8",GACDISA066MSFRBNY,2024-09-16
2023-06-01,"6,6",GACDISA066MSFRBNY,2024-09-16
2023-07-01,"1,1",GACDISA066MSFRBNY,2024-09-16
2023-08-01,-19,GACDISA066MSFRBNY,2024-09-16
2023-09-01,"1,9",GACDISA066MSFRBNY,2024-09-16
2023-10-01,"-4,6",GACDISA066MSFRBNY,2024-09-16
2023-11-01,"9,1",GACDISA066MSFRBNY,2024-09-16
2023-12-01,"-14,5",GACDISA066MSFRBNY,2024-09-16
2024-01-01,"-43,7",GACDISA066MSFRBNY,2024-09-16
2024-02-01,"-2,4",GACDISA066MSFRBNY,2024-09-16
2024-03-01,"-20,9",GACDISA066MSFRBNY,2024-09-16
2024-04-01,"-14,3",GACDISA066MSFRBNY,2024-09-16
2024-05-01,"-15,6",GACDISA066MSFRBNY,2024-09-16
2024-06-01,-6,GACDISA066MSFRBNY,2024-09-16
2024-07-01,"-6,6",GACDISA066MSFRBNY,2024-09-16
2024-08-01,"-4,7",GACDISA066MSFRBNY,2024-09-16
1959-01-01,"2318,4",DSPIC96,2024-08-30
1959-02-01,"2325,4",DSPIC96,2024-08-30
1959-03-01,"2338,7",DSPIC96,2024-08-30
1959-04-01,"2353,8",DSPIC96,2024-08-30
1959-05-01,"2366,6",DSPIC96,2024-08-30
1959-06-01,"2374,5",DSPIC96,2024-08-30
1959-07-01,"2370,8",DSPIC96,2024-08-30
1959-08-01,"2356,8",DSPIC96,2024-08-30
1959-09-01,"2357,8",DSPIC96,2024-08-30
1959-10-01,"2359,5",DSPIC96,2024-08-30
1959-11-01,"2376,6",DSPIC96,2024-08-30
1959-12-01,"2399,7",DSPIC96,2024-08-30
1960-01-01,"2404,9",DSPIC96,2024-08-30
1960-02-01,"2405,3",DSPIC96,2024-08-30
1960-03-01,"2408,1",DSPIC96,2024-08-30
1960-04-01,"2417,3",DSPIC96,2024-08-30
1960-05-01,"2422,6",DSPIC96,2024-08-30
1960-06-01,"2424,9",DSPIC96,2024-08-30
1960-07-01,"2428,8",DSPIC96,2024-08-30
1960-08-01,"2423,3",DSPIC96,2024-08-30
1960-09-01,"2426,7",DSPIC96,2024-08-30
1960-10-01,"2435,6",DSPIC96,2024-08-30
1960-11-01,"2425,5",DSPIC96,2024-08-30
1960-12-01,"2414,6",DSPIC96,2024-08-30
1961-01-01,"2437,9",DSPIC96,2024-08-30
1961-02-01,"2448,1",DSPIC96,2024-08-30
1961-03-01,"2458,4",DSPIC96,2024-08-30
1961-04-01,"2463,4",DSPIC96,2024-08-30
1961-05-01,"2483,5",DSPIC96,2024-08-30
1961-06-01,"2509,1",DSPIC96,2024-08-30
1961-07-01,"2517,6",DSPIC96,2024-08-30
1961-08-01,"2517,7",DSPIC96,2024-08-30
1961-09-01,"2519,9",DSPIC96,2024-08-30
1961-10-01,"2546,6",DSPIC96,2024-08-30
1961-11-01,"2570,1",DSPIC96,2024-08-30
1961-12-01,"2585,8",DSPIC96,2024-08-30
1962-01-01,"2579,4",DSPIC96,2024-08-30
1962-02-01,"2590,9",DSPIC96,2024-08-30
1962-03-01,"2608,1",DSPIC96,2024-08-30
1962-04-01,"2619,6",DSPIC96,2024-08-30
1962-05-01,"2621,1",DSPIC96,2024-08-30
1962-06-01,"2621,6",DSPIC96,2024-08-30
1962-07-01,2633,DSPIC96,2024-08-30
1962-08-01,"2635,5",DSPIC96,2024-08-30
1962-09-01,"2636,3",DSPIC96,2024-08-30
1962-10-01,"2649,3",DSPIC96,2024-08-30
1962-11-01,"2656,5",DSPIC96,2024-08-30
1962-12-01,2669,DSPIC96,2024-08-30
1963-01-01,"2688,2",DSPIC96,2024-08-30
1963-02-01,"2672,3",DSPIC96,2024-08-30
1963-03-01,"2683,6",DSPIC96,2024-08-30
1963-04-01,"2694,6",DSPIC96,2024-08-30
1963-05-01,2705,DSPIC96,2024-08-30
1963-06-01,"2718,6",DSPIC96,2024-08-30
1963-07-01,"2721,6",DSPIC96,2024-08-30
1963-08-01,"2732,5",DSPIC96,2024-08-30
1963-09-01,"2752,9",DSPIC96,2024-08-30
1963-10-01,"2768,9",DSPIC96,2024-08-30
1963-11-01,"2774,7",DSPIC96,2024-08-30
1963-12-01,"2797,1",DSPIC96,2024-08-30
1964-01-01,"2806,4",DSPIC96,2024-08-30
1964-02-01,"2815,3",DSPIC96,2024-08-30
1964-03-01,"2882,1",DSPIC96,2024-08-30
1964-04-01,"2897,7",DSPIC96,2024-08-30
1964-05-01,"2912,9",DSPIC96,2024-08-30
1964-06-01,"2922,5",DSPIC96,2024-08-30
1964-07-01,"2936,4",DSPIC96,2024-08-30
1964-08-01,"2949,4",DSPIC96,2024-08-30
1964-09-01,"2961,1",DSPIC96,2024-08-30
1964-10-01,"2960,2",DSPIC96,2024-08-30
1964-11-01,"2979,4",DSPIC96,2024-08-30
1964-12-01,3008,DSPIC96,2024-08-30
1965-01-01,"3013,8",DSPIC96,2024-08-30
1965-02-01,"3014,5",DSPIC96,2024-08-30
1965-03-01,"3024,6",DSPIC96,2024-08-30
1965-04-01,"3027,8",DSPIC96,2024-08-30
1965-05-01,"3061,4",DSPIC96,2024-08-30
1965-06-01,"3065,8",DSPIC96,2024-08-30
1965-07-01,"3097,8",DSPIC96,2024-08-30
1965-08-01,"3113,1",DSPIC96,2024-08-30
1965-09-01,"3194,5",DSPIC96,2024-08-30
1965-10-01,"3178,9",DSPIC96,2024-08-30
1965-11-01,"3201,4",DSPIC96,2024-08-30
1965-12-01,"3214,6",DSPIC96,2024-08-30
1966-01-01,"3216,8",DSPIC96,2024-08-30
1966-02-01,"3230,2",DSPIC96,2024-08-30
1966-03-01,"3242,8",DSPIC96,2024-08-30
1966-04-01,"3230,5",DSPIC96,2024-08-30
1966-05-01,"3235,7",DSPIC96,2024-08-30
1966-06-01,"3249,2",DSPIC96,2024-08-30
1966-07-01,"3260,4",DSPIC96,2024-08-30
1966-08-01,"3277,2",DSPIC96,2024-08-30
1966-09-01,"3296,6",DSPIC96,2024-08-30
1966-10-01,"3307,3",DSPIC96,2024-08-30
1966-11-01,"3322,5",DSPIC96,2024-08-30
1966-12-01,"3319,6",DSPIC96,2024-08-30
1967-01-01,"3353,7",DSPIC96,2024-08-30
1967-02-01,"3360,2",DSPIC96,2024-08-30
1967-03-01,"3385,5",DSPIC96,2024-08-30
1967-04-01,"3384,5",DSPIC96,2024-08-30
1967-05-01,"3391,3",DSPIC96,2024-08-30
1967-06-01,"3403,8",DSPIC96,2024-08-30
1967-07-01,"3417,4",DSPIC96,2024-08-30
1967-08-01,"3429,7",DSPIC96,2024-08-30
1967-09-01,"3429,3",DSPIC96,2024-08-30
1967-10-01,"3434,5",DSPIC96,2024-08-30
1967-11-01,"3455,3",DSPIC96,2024-08-30
1967-12-01,"3461,6",DSPIC96,2024-08-30
1968-01-01,"3480,2",DSPIC96,2024-08-30
1968-02-01,"3505,4",DSPIC96,2024-08-30
1968-03-01,"3538,4",DSPIC96,2024-08-30
1968-04-01,"3550,7",DSPIC96,2024-08-30
1968-05-01,"3565,2",DSPIC96,2024-08-30
1968-06-01,"3581,3",DSPIC96,2024-08-30
1968-07-01,"3573,9",DSPIC96,2024-08-30
1968-08-01,"3578,5",DSPIC96,2024-08-30
1968-09-01,"3578,9",DSPIC96,2024-08-30
1968-10-01,"3591,7",DSPIC96,2024-08-30
1968-11-01,"3605,1",DSPIC96,2024-08-30
1968-12-01,"3617,6",DSPIC96,2024-08-30
1969-01-01,3611,DSPIC96,2024-08-30
1969-02-01,"3611,8",DSPIC96,2024-08-30
1969-03-01,"3618,3",DSPIC96,2024-08-30
1969-04-01,3613,DSPIC96,2024-08-30
1969-05-01,"3654,1",DSPIC96,2024-08-30
1969-06-01,"3679,9",DSPIC96,2024-08-30
1969-07-01,"3705,6",DSPIC96,2024-08-30
1969-08-01,"3728,3",DSPIC96,2024-08-30
1969-09-01,"3736,6",DSPIC96,2024-08-30
1969-10-01,"3745,4",DSPIC96,2024-08-30
1969-11-01,"3751,9",DSPIC96,2024-08-30
1969-12-01,"3758,6",DSPIC96,2024-08-30
1970-01-01,"3778,6",DSPIC96,2024-08-30
1970-02-01,"3790,5",DSPIC96,2024-08-30
1970-03-01,3805,DSPIC96,2024-08-30
1970-04-01,3846,DSPIC96,2024-08-30
1970-05-01,"3830,3",DSPIC96,2024-08-30
1970-06-01,"3838,2",DSPIC96,2024-08-30
1970-07-01,"3892,6",DSPIC96,2024-08-30
1970-08-01,"3905,1",DSPIC96,2024-08-30
1970-09-01,"3900,8",DSPIC96,2024-08-30
1970-10-01,"3888,1",DSPIC96,2024-08-30
1970-11-01,"3882,3",DSPIC96,2024-08-30
1970-12-01,3900,DSPIC96,2024-08-30
1971-01-01,"3959,8",DSPIC96,2024-08-30
1971-02-01,"3965,2",DSPIC96,2024-08-30
1971-03-01,"3978,2",DSPIC96,2024-08-30
1971-04-01,"3986,5",DSPIC96,2024-08-30
1971-05-01,"4002,6",DSPIC96,2024-08-30
1971-06-01,"4087,3",DSPIC96,2024-08-30
1971-07-01,"4029,1",DSPIC96,2024-08-30
1971-08-01,"4043,3",DSPIC96,2024-08-30
1971-09-01,"4067,3",DSPIC96,2024-08-30
1971-10-01,"4080,4",DSPIC96,2024-08-30
1971-11-01,4090,DSPIC96,2024-08-30
1971-12-01,"4110,9",DSPIC96,2024-08-30
1972-01-01,"4090,1",DSPIC96,2024-08-30
1972-02-01,"4115,2",DSPIC96,2024-08-30
1972-03-01,"4132,3",DSPIC96,2024-08-30
1972-04-01,"4130,6",DSPIC96,2024-08-30
1972-05-01,"4160,9",DSPIC96,2024-08-30
1972-06-01,"4174,2",DSPIC96,2024-08-30
1972-07-01,"4204,5",DSPIC96,2024-08-30
1972-08-01,"4243,5",DSPIC96,2024-08-30
1972-09-01,4260,DSPIC96,2024-08-30
1972-10-01,"4366,9",DSPIC96,2024-08-30
1972-11-01,"4415,4",DSPIC96,2024-08-30
1972-12-01,"4435,1",DSPIC96,2024-08-30
1973-01-01,"4411,9",DSPIC96,2024-08-30
1973-02-01,"4444,7",DSPIC96,2024-08-30
1973-03-01,4461,DSPIC96,2024-08-30
1973-04-01,"4466,7",DSPIC96,2024-08-30
1973-05-01,4475,DSPIC96,2024-08-30
1973-06-01,"4488,3",DSPIC96,2024-08-30
1973-07-01,4499,DSPIC96,2024-08-30
1973-08-01,"4484,4",DSPIC96,2024-08-30
1973-09-01,"4507,3",DSPIC96,2024-08-30
1973-10-01,"4546,9",DSPIC96,2024-08-30
1973-11-01,"4554,1",DSPIC96,2024-08-30
1973-12-01,"4537,2",DSPIC96,2024-08-30
1974-01-01,"4504,1",DSPIC96,2024-08-30
1974-02-01,"4470,2",DSPIC96,2024-08-30
1974-03-01,"4438,2",DSPIC96,2024-08-30
1974-04-01,"4435,1",DSPIC96,2024-08-30
1974-05-01,"4430,6",DSPIC96,2024-08-30
1974-06-01,"4421,7",DSPIC96,2024-08-30
1974-07-01,"4438,7",DSPIC96,2024-08-30
1974-08-01,"4432,6",DSPIC96,2024-08-30
1974-09-01,4428,DSPIC96,2024-08-30
1974-10-01,"4442,6",DSPIC96,2024-08-30
1974-11-01,4419,DSPIC96,2024-08-30
1974-12-01,"4419,7",DSPIC96,2024-08-30
1975-01-01,"4417,4",DSPIC96,2024-08-30
1975-02-01,"4420,1",DSPIC96,2024-08-30
1975-03-01,"4424,1",DSPIC96,2024-08-30
1975-04-01,"4505,1",DSPIC96,2024-08-30
1975-05-01,"4765,1",DSPIC96,2024-08-30
1975-06-01,"4604,9",DSPIC96,2024-08-30
1975-07-01,"4533,9",DSPIC96,2024-08-30
1975-08-01,"4564,1",DSPIC96,2024-08-30
1975-09-01,"4575,2",DSPIC96,2024-08-30
1975-10-01,"4594,3",DSPIC96,2024-08-30
1975-11-01,"4590,9",DSPIC96,2024-08-30
1975-12-01,"4595,3",DSPIC96,2024-08-30
1976-01-01,"4625,1",DSPIC96,2024-08-30
1976-02-01,"4653,7",DSPIC96,2024-08-30
1976-03-01,"4667,6",DSPIC96,2024-08-30
1976-04-01,"4673,7",DSPIC96,2024-08-30
1976-05-01,"4673,8",DSPIC96,2024-08-30
1976-06-01,"4678,3",DSPIC96,2024-08-30
1976-07-01,"4705,1",DSPIC96,2024-08-30
1976-08-01,"4714,6",DSPIC96,2024-08-30
1976-09-01,"4715,6",DSPIC96,2024-08-30
1976-10-01,"4707,4",DSPIC96,2024-08-30
1976-11-01,"4749,8",DSPIC96,2024-08-30
1976-12-01,"4767,9",DSPIC96,2024-08-30
1977-01-01,"4758,3",DSPIC96,2024-08-30
1977-02-01,"4716,2",DSPIC96,2024-08-30
1977-03-01,"4782,4",DSPIC96,2024-08-30
1977-04-01,"4789,7",DSPIC96,2024-08-30
1977-05-01,"4790,6",DSPIC96,2024-08-30
1977-06-01,"4810,5",DSPIC96,2024-08-30
1977-07-01,"4841,6",DSPIC96,2024-08-30
1977-08-01,"4861,2",DSPIC96,2024-08-30
1977-09-01,"4887,8",DSPIC96,2024-08-30
1977-10-01,"4923,4",DSPIC96,2024-08-30
1977-11-01,"4962,7",DSPIC96,2024-08-30
1977-12-01,"4983,5",DSPIC96,2024-08-30
1978-01-01,4962,DSPIC96,2024-08-30
1978-02-01,"4991,5",DSPIC96,2024-08-30
1978-03-01,5033,DSPIC96,2024-08-30
1978-04-01,"5050,5",DSPIC96,2024-08-30
1978-05-01,"5047,2",DSPIC96,2024-08-30
1978-06-01,"5047,5",DSPIC96,2024-08-30
1978-07-01,"5072,8",DSPIC96,2024-08-30
1978-08-01,"5094,2",DSPIC96,2024-08-30
1978-09-01,"5095,8",DSPIC96,2024-08-30
1978-10-01,"5109,5",DSPIC96,2024-08-30
1978-11-01,"5114,1",DSPIC96,2024-08-30
1978-12-01,"5139,6",DSPIC96,2024-08-30
1979-01-01,5164,DSPIC96,2024-08-30
1979-02-01,"5184,7",DSPIC96,2024-08-30
1979-03-01,"5198,5",DSPIC96,2024-08-30
1979-04-01,"5156,1",DSPIC96,2024-08-30
1979-05-01,"5132,2",DSPIC96,2024-08-30
1979-06-01,"5118,9",DSPIC96,2024-08-30
1979-07-01,"5156,2",DSPIC96,2024-08-30
1979-08-01,"5163,7",DSPIC96,2024-08-30
1979-09-01,"5159,3",DSPIC96,2024-08-30
1979-10-01,"5156,6",DSPIC96,2024-08-30
1979-11-01,"5171,2",DSPIC96,2024-08-30
1979-12-01,"5182,2",DSPIC96,2024-08-30
1980-01-01,"5218,8",DSPIC96,2024-08-30
1980-02-01,"5191,3",DSPIC96,2024-08-30
1980-03-01,5159,DSPIC96,2024-08-30
1980-04-01,"5153,4",DSPIC96,2024-08-30
1980-05-01,"5134,3",DSPIC96,2024-08-30
1980-06-01,"5145,1",DSPIC96,2024-08-30
1980-07-01,"5189,8",DSPIC96,2024-08-30
1980-08-01,"5194,8",DSPIC96,2024-08-30
1980-09-01,"5216,6",DSPIC96,2024-08-30
1980-10-01,"5257,1",DSPIC96,2024-08-30
1980-11-01,"5264,5",DSPIC96,2024-08-30
1980-12-01,"5288,4",DSPIC96,2024-08-30
1981-01-01,"5267,1",DSPIC96,2024-08-30
1981-02-01,"5250,2",DSPIC96,2024-08-30
1981-03-01,"5264,4",DSPIC96,2024-08-30
1981-04-01,5249,DSPIC96,2024-08-30
1981-05-01,"5258,8",DSPIC96,2024-08-30
1981-06-01,"5287,2",DSPIC96,2024-08-30
1981-07-01,"5370,5",DSPIC96,2024-08-30
1981-08-01,"5386,1",DSPIC96,2024-08-30
1981-09-01,"5376,3",DSPIC96,2024-08-30
1981-10-01,"5382,3",DSPIC96,2024-08-30
1981-11-01,5385,DSPIC96,2024-08-30
1981-12-01,"5377,6",DSPIC96,2024-08-30
1982-01-01,"5384,7",DSPIC96,2024-08-30
1982-02-01,"5399,5",DSPIC96,2024-08-30
1982-03-01,"5398,9",DSPIC96,2024-08-30
1982-04-01,"5452,7",DSPIC96,2024-08-30
1982-05-01,"5430,3",DSPIC96,2024-08-30
1982-06-01,"5400,9",DSPIC96,2024-08-30
1982-07-01,"5450,4",DSPIC96,2024-08-30
1982-08-01,"5459,3",DSPIC96,2024-08-30
1982-09-01,"5457,7",DSPIC96,2024-08-30
1982-10-01,"5452,2",DSPIC96,2024-08-30
1982-11-01,"5474,3",DSPIC96,2024-08-30
1982-12-01,"5500,9",DSPIC96,2024-08-30
1983-01-01,5520,DSPIC96,2024-08-30
1983-02-01,"5522,6",DSPIC96,2024-08-30
1983-03-01,"5549,2",DSPIC96,2024-08-30
1983-04-01,"5561,3",DSPIC96,2024-08-30
1983-05-01,"5572,5",DSPIC96,2024-08-30
1983-06-01,"5576,8",DSPIC96,2024-08-30
1983-07-01,5647,DSPIC96,2024-08-30
1983-08-01,"5635,9",DSPIC96,2024-08-30
1983-09-01,"5676,2",DSPIC96,2024-08-30
1983-10-01,"5726,4",DSPIC96,2024-08-30
1983-11-01,5775,DSPIC96,2024-08-30
1983-12-01,"5825,9",DSPIC96,2024-08-30
1984-01-01,"5851,3",DSPIC96,2024-08-30
1984-02-01,"5884,8",DSPIC96,2024-08-30
1984-03-01,"5922,6",DSPIC96,2024-08-30
1984-04-01,"5962,5",DSPIC96,2024-08-30
1984-05-01,5971,DSPIC96,2024-08-30
1984-06-01,"6010,3",DSPIC96,2024-08-30
1984-07-01,"6017,6",DSPIC96,2024-08-30
1984-08-01,"6058,5",DSPIC96,2024-08-30
1984-09-01,"6101,7",DSPIC96,2024-08-30
1984-10-01,"6079,2",DSPIC96,2024-08-30
1984-11-01,"6105,7",DSPIC96,2024-08-30
1984-12-01,"6143,3",DSPIC96,2024-08-30
1985-01-01,"6141,6",DSPIC96,2024-08-30
1985-02-01,"6085,2",DSPIC96,2024-08-30
1985-03-01,"6057,8",DSPIC96,2024-08-30
1985-04-01,"6159,5",DSPIC96,2024-08-30
1985-05-01,"6310,8",DSPIC96,2024-08-30
1985-06-01,"6178,9",DSPIC96,2024-08-30
1985-07-01,"6192,8",DSPIC96,2024-08-30
1985-08-01,6189,DSPIC96,2024-08-30
1985-09-01,"6216,2",DSPIC96,2024-08-30
1985-10-01,"6247,8",DSPIC96,2024-08-30
1985-11-01,"6258,1",DSPIC96,2024-08-30
1985-12-01,"6296,4",DSPIC96,2024-08-30
1986-01-01,"6308,5",DSPIC96,2024-08-30
1986-02-01,"6341,7",DSPIC96,2024-08-30
1986-03-01,"6406,5",DSPIC96,2024-08-30
1986-04-01,"6430,4",DSPIC96,2024-08-30
1986-05-01,"6435,8",DSPIC96,2024-08-30
1986-06-01,"6429,8",DSPIC96,2024-08-30
1986-07-01,"6461,8",DSPIC96,2024-08-30
1986-08-01,"6469,4",DSPIC96,2024-08-30
1986-09-01,"6472,9",DSPIC96,2024-08-30
1986-10-01,6466,DSPIC96,2024-08-30
1986-11-01,"6466,7",DSPIC96,2024-08-30
1986-12-01,"6473,8",DSPIC96,2024-08-30
1987-01-01,"6494,2",DSPIC96,2024-08-30
1987-02-01,6525,DSPIC96,2024-08-30
1987-03-01,"6530,5",DSPIC96,2024-08-30
1987-04-01,"6282,3",DSPIC96,2024-08-30
1987-05-01,6537,DSPIC96,2024-08-30
1987-06-01,"6527,6",DSPIC96,2024-08-30
1987-07-01,"6545,8",DSPIC96,2024-08-30
1987-08-01,6574,DSPIC96,2024-08-30
1987-09-01,"6575,3",DSPIC96,2024-08-30
1987-10-01,"6619,6",DSPIC96,2024-08-30
1987-11-01,"6648,1",DSPIC96,2024-08-30
1987-12-01,"6711,5",DSPIC96,2024-08-30
1988-01-01,"6730,2",DSPIC96,2024-08-30
1988-02-01,"6773,5",DSPIC96,2024-08-30
1988-03-01,"6804,3",DSPIC96,2024-08-30
1988-04-01,"6830,1",DSPIC96,2024-08-30
1988-05-01,"6841,7",DSPIC96,2024-08-30
1988-06-01,"6868,5",DSPIC96,2024-08-30
1988-07-01,"6898,2",DSPIC96,2024-08-30
1988-08-01,"6918,4",DSPIC96,2024-08-30
1988-09-01,"6932,4",DSPIC96,2024-08-30
1988-10-01,"6969,9",DSPIC96,2024-08-30
1988-11-01,"6971,9",DSPIC96,2024-08-30
1988-12-01,"7005,2",DSPIC96,2024-08-30
1989-01-01,"7033,4",DSPIC96,2024-08-30
1989-02-01,"7052,7",DSPIC96,2024-08-30
1989-03-01,"7087,1",DSPIC96,2024-08-30
1989-04-01,7050,DSPIC96,2024-08-30
1989-05-01,"7017,2",DSPIC96,2024-08-30
1989-06-01,"7036,7",DSPIC96,2024-08-30
1989-07-01,"7061,3",DSPIC96,2024-08-30
1989-08-01,7080,DSPIC96,2024-08-30
1989-09-01,"7101,4",DSPIC96,2024-08-30
1989-10-01,"7136,8",DSPIC96,2024-08-30
1989-11-01,7144,DSPIC96,2024-08-30
1989-12-01,"7144,7",DSPIC96,2024-08-30
1990-01-01,"7187,4",DSPIC96,2024-08-30
1990-02-01,"7203,3",DSPIC96,2024-08-30
1990-03-01,"7206,1",DSPIC96,2024-08-30
1990-04-01,"7253,4",DSPIC96,2024-08-30
1990-05-01,"7245,8",DSPIC96,2024-08-30
1990-06-01,"7257,3",DSPIC96,2024-08-30
1990-07-01,"7283,7",DSPIC96,2024-08-30
1990-08-01,"7239,1",DSPIC96,2024-08-30
1990-09-01,"7236,8",DSPIC96,2024-08-30
1990-10-01,"7178,7",DSPIC96,2024-08-30
1990-11-01,"7181,9",DSPIC96,2024-08-30
1990-12-01,"7224,7",DSPIC96,2024-08-30
1991-01-01,"7205,7",DSPIC96,2024-08-30
1991-02-01,"7216,8",DSPIC96,2024-08-30
1991-03-01,"7229,1",DSPIC96,2024-08-30
1991-04-01,7258,DSPIC96,2024-08-30
1991-05-01,"7259,5",DSPIC96,2024-08-30
1991-06-01,"7296,7",DSPIC96,2024-08-30
1991-07-01,7282,DSPIC96,2024-08-30
1991-08-01,"7298,3",DSPIC96,2024-08-30
1991-09-01,"7317,7",DSPIC96,2024-08-30
1991-10-01,7328,DSPIC96,2024-08-30
1991-11-01,"7338,4",DSPIC96,2024-08-30
1991-12-01,"7403,6",DSPIC96,2024-08-30
1992-01-01,"7474,8",DSPIC96,2024-08-30
1992-02-01,"7507,2",DSPIC96,2024-08-30
1992-03-01,"7513,8",DSPIC96,2024-08-30
1992-04-01,7535,DSPIC96,2024-08-30
1992-05-01,"7570,2",DSPIC96,2024-08-30
1992-06-01,"7601,6",DSPIC96,2024-08-30
1992-07-01,"7595,9",DSPIC96,2024-08-30
1992-08-01,"7622,6",DSPIC96,2024-08-30
1992-09-01,"7586,9",DSPIC96,2024-08-30
1992-10-01,"7537,9",DSPIC96,2024-08-30
1992-11-01,"7549,3",DSPIC96,2024-08-30
1992-12-01,"7818,6",DSPIC96,2024-08-30
1993-01-01,"7648,1",DSPIC96,2024-08-30
1993-02-01,"7684,5",DSPIC96,2024-08-30
1993-03-01,"7660,8",DSPIC96,2024-08-30
1993-04-01,"7700,6",DSPIC96,2024-08-30
1993-05-01,"7689,4",DSPIC96,2024-08-30
1993-06-01,"7675,1",DSPIC96,2024-08-30
1993-07-01,"7694,3",DSPIC96,2024-08-30
1993-08-01,"7705,4",DSPIC96,2024-08-30
1993-09-01,"7684,4",DSPIC96,2024-08-30
1993-10-01,"7646,9",DSPIC96,2024-08-30
1993-11-01,"7668,1",DSPIC96,2024-08-30
1993-12-01,"7929,4",DSPIC96,2024-08-30
1994-01-01,"7780,4",DSPIC96,2024-08-30
1994-02-01,7795,DSPIC96,2024-08-30
1994-03-01,"7820,5",DSPIC96,2024-08-30
1994-04-01,"7820,4",DSPIC96,2024-08-30
1994-05-01,"7910,6",DSPIC96,2024-08-30
1994-06-01,"7898,1",DSPIC96,2024-08-30
1994-07-01,7905,DSPIC96,2024-08-30
1994-08-01,"7914,4",DSPIC96,2024-08-30
1994-09-01,7949,DSPIC96,2024-08-30
1994-10-01,"8024,4",DSPIC96,2024-08-30
1994-11-01,"8023,9",DSPIC96,2024-08-30
1994-12-01,"8060,2",DSPIC96,2024-08-30
1995-01-01,8086,DSPIC96,2024-08-30
1995-02-01,8102,DSPIC96,2024-08-30
1995-03-01,"8124,2",DSPIC96,2024-08-30
1995-04-01,8064,DSPIC96,2024-08-30
1995-05-01,"8145,6",DSPIC96,2024-08-30
1995-06-01,"8169,8",DSPIC96,2024-08-30
1995-07-01,"8187,8",DSPIC96,2024-08-30
1995-08-01,8193,DSPIC96,2024-08-30
1995-09-01,"8219,4",DSPIC96,2024-08-30
1995-10-01,"8228,4",DSPIC96,2024-08-30
1995-11-01,"8250,5",DSPIC96,2024-08-30
1995-12-01,"8261,3",DSPIC96,2024-08-30
1996-01-01,"8272,1",DSPIC96,2024-08-30
1996-02-01,"8335,8",DSPIC96,2024-08-30
1996-03-01,"8362,4",DSPIC96,2024-08-30
1996-04-01,"8311,8",DSPIC96,2024-08-30
1996-05-01,"8416,8",DSPIC96,2024-08-30
1996-06-01,"8467,1",DSPIC96,2024-08-30
1996-07-01,8444,DSPIC96,2024-08-30
1996-08-01,"8464,7",DSPIC96,2024-08-30
1996-09-01,"8483,9",DSPIC96,2024-08-30
1996-10-01,"8482,7",DSPIC96,2024-08-30
1996-11-01,"8505,1",DSPIC96,2024-08-30
1996-12-01,"8533,1",DSPIC96,2024-08-30
1997-01-01,"8556,4",DSPIC96,2024-08-30
1997-02-01,"8579,2",DSPIC96,2024-08-30
1997-03-01,8619,DSPIC96,2024-08-30
1997-04-01,"8624,5",DSPIC96,2024-08-30
1997-05-01,"8661,9",DSPIC96,2024-08-30
1997-06-01,"8689,7",DSPIC96,2024-08-30
1997-07-01,"8723,1",DSPIC96,2024-08-30
1997-08-01,"8768,6",DSPIC96,2024-08-30
1997-09-01,"8791,5",DSPIC96,2024-08-30
1997-10-01,"8834,8",DSPIC96,2024-08-30
1997-11-01,"8892,2",DSPIC96,2024-08-30
1997-12-01,"8944,3",DSPIC96,2024-08-30
1998-01-01,"9022,9",DSPIC96,2024-08-30
1998-02-01,"9081,2",DSPIC96,2024-08-30
1998-03-01,"9134,4",DSPIC96,2024-08-30
1998-04-01,"9164,1",DSPIC96,2024-08-30
1998-05-01,9202,DSPIC96,2024-08-30
1998-06-01,"9254,2",DSPIC96,2024-08-30
1998-07-01,9270,DSPIC96,2024-08-30
1998-08-01,"9299,3",DSPIC96,2024-08-30
1998-09-01,"9325,5",DSPIC96,2024-08-30
1998-10-01,"9337,5",DSPIC96,2024-08-30
1998-11-01,"9374,6",DSPIC96,2024-08-30
1998-12-01,"9391,7",DSPIC96,2024-08-30
1999-01-01,"9444,1",DSPIC96,2024-08-30
1999-02-01,"9476,2",DSPIC96,2024-08-30
1999-03-01,"9484,1",DSPIC96,2024-08-30
1999-04-01,9453,DSPIC96,2024-08-30
1999-05-01,"9469,3",DSPIC96,2024-08-30
1999-06-01,"9501,3",DSPIC96,2024-08-30
1999-07-01,9519,DSPIC96,2024-08-30
1999-08-01,"9559,1",DSPIC96,2024-08-30
1999-09-01,"9546,7",DSPIC96,2024-08-30
1999-10-01,"9598,7",DSPIC96,2024-08-30
1999-11-01,"9660,9",DSPIC96,2024-08-30
1999-12-01,"9735,9",DSPIC96,2024-08-30
2000-01-01,"9799,9",DSPIC96,2024-08-30
2000-02-01,"9837,9",DSPIC96,2024-08-30
2000-03-01,9864,DSPIC96,2024-08-30
2000-04-01,"9913,7",DSPIC96,2024-08-30
2000-05-01,"9954,5",DSPIC96,2024-08-30
2000-06-01,"9982,3",DSPIC96,2024-08-30
2000-07-01,"10035,9",DSPIC96,2024-08-30
2000-08-01,"10098,3",DSPIC96,2024-08-30
2000-09-01,"10110,3",DSPIC96,2024-08-30
2000-10-01,"10139,2",DSPIC96,2024-08-30
2000-11-01,"10143,5",DSPIC96,2024-08-30
2000-12-01,"10164,3",DSPIC96,2024-08-30
2001-01-01,"10211,7",DSPIC96,2024-08-30
2001-02-01,"10223,4",DSPIC96,2024-08-30
2001-03-01,"10254,4",DSPIC96,2024-08-30
2001-04-01,"10233,1",DSPIC96,2024-08-30
2001-05-01,"10214,7",DSPIC96,2024-08-30
2001-06-01,"10218,1",DSPIC96,2024-08-30
2001-07-01,"10370,7",DSPIC96,2024-08-30
2001-08-01,"10543,1",DSPIC96,2024-08-30
2001-09-01,"10452,8",DSPIC96,2024-08-30
2001-10-01,"10267,7",DSPIC96,2024-08-30
2001-11-01,"10279,7",DSPIC96,2024-08-30
2001-12-01,"10298,9",DSPIC96,2024-08-30
2002-01-01,"10514,7",DSPIC96,2024-08-30
2002-02-01,"10531,6",DSPIC96,2024-08-30
2002-03-01,10539,DSPIC96,2024-08-30
2002-04-01,"10574,2",DSPIC96,2024-08-30
2002-05-01,"10616,5",DSPIC96,2024-08-30
2002-06-01,"10648,2",DSPIC96,2024-08-30
2002-07-01,10621,DSPIC96,2024-08-30
2002-08-01,10623,DSPIC96,2024-08-30
2002-09-01,"10633,6",DSPIC96,2024-08-30
2002-10-01,"10661,8",DSPIC96,2024-08-30
2002-11-01,"10690,9",DSPIC96,2024-08-30
2002-12-01,"10719,9",DSPIC96,2024-08-30
2003-01-01,"10710,4",DSPIC96,2024-08-30
2003-02-01,10674,DSPIC96,2024-08-30
2003-03-01,"10696,5",DSPIC96,2024-08-30
2003-04-01,"10752,7",DSPIC96,2024-08-30
2003-05-01,10832,DSPIC96,2024-08-30
2003-06-01,"10860,6",DSPIC96,2024-08-30
2003-07-01,"10991,1",DSPIC96,2024-08-30
2003-08-01,"11066,7",DSPIC96,2024-08-30
2003-09-01,"10940,8",DSPIC96,2024-08-30
2003-10-01,"10982,3",DSPIC96,2024-08-30
2003-11-01,"11048,4",DSPIC96,2024-08-30
2003-12-01,"11057,2",DSPIC96,2024-08-30
2004-01-01,"11051,2",DSPIC96,2024-08-30
2004-02-01,11071,DSPIC96,2024-08-30
2004-03-01,"11115,6",DSPIC96,2024-08-30
2004-04-01,"11153,3",DSPIC96,2024-08-30
2004-05-01,"11208,9",DSPIC96,2024-08-30
2004-06-01,"11215,8",DSPIC96,2024-08-30
2004-07-01,"11240,5",DSPIC96,2024-08-30
2004-08-01,"11274,6",DSPIC96,2024-08-30
2004-09-01,"11279,6",DSPIC96,2024-08-30
2004-10-01,"11282,5",DSPIC96,2024-08-30
2004-11-01,"11246,1",DSPIC96,2024-08-30
2004-12-01,11659,DSPIC96,2024-08-30
2005-01-01,"11226,5",DSPIC96,2024-08-30
2005-02-01,11229,DSPIC96,2024-08-30
2005-03-01,"11268,8",DSPIC96,2024-08-30
2005-04-01,"11304,2",DSPIC96,2024-08-30
2005-05-01,"11352,7",DSPIC96,2024-08-30
2005-06-01,"11375,5",DSPIC96,2024-08-30
2005-07-01,"11387,1",DSPIC96,2024-08-30
2005-08-01,"11405,3",DSPIC96,2024-08-30
2005-09-01,"11365,2",DSPIC96,2024-08-30
2005-10-01,"11428,7",DSPIC96,2024-08-30
2005-11-01,"11500,1",DSPIC96,2024-08-30
2005-12-01,"11535,2",DSPIC96,2024-08-30
2006-01-01,"11651,8",DSPIC96,2024-08-30
2006-02-01,"11702,8",DSPIC96,2024-08-30
2006-03-01,"11747,5",DSPIC96,2024-08-30
2006-04-01,"11744,4",DSPIC96,2024-08-30
2006-05-01,"11736,8",DSPIC96,2024-08-30
2006-06-01,"11751,9",DSPIC96,2024-08-30
2006-07-01,"11746,9",DSPIC96,2024-08-30
2006-08-01,11737,DSPIC96,2024-08-30
2006-09-01,"11800,1",DSPIC96,2024-08-30
2006-10-01,"11853,7",DSPIC96,2024-08-30
2006-11-01,"11901,9",DSPIC96,2024-08-30
2006-12-01,"11958,6",DSPIC96,2024-08-30
2007-01-01,"11956,6",DSPIC96,2024-08-30
2007-02-01,11996,DSPIC96,2024-08-30
2007-03-01,"12035,1",DSPIC96,2024-08-30
2007-04-01,"12052,8",DSPIC96,2024-08-30
2007-05-01,"12059,9",DSPIC96,2024-08-30
2007-06-01,"12053,3",DSPIC96,2024-08-30
2007-07-01,"12066,4",DSPIC96,2024-08-30
2007-08-01,"12070,9",DSPIC96,2024-08-30
2007-09-01,"12089,6",DSPIC96,2024-08-30
2007-10-01,"12080,4",DSPIC96,2024-08-30
2007-11-01,"12070,1",DSPIC96,2024-08-30
2007-12-01,"12120,5",DSPIC96,2024-08-30
2008-01-01,"12137,1",DSPIC96,2024-08-30
2008-02-01,"12141,8",DSPIC96,2024-08-30
2008-03-01,"12145,9",DSPIC96,2024-08-30
2008-04-01,"12100,8",DSPIC96,2024-08-30
2008-05-01,"12696,2",DSPIC96,2024-08-30
2008-06-01,"12376,6",DSPIC96,2024-08-30
2008-07-01,"12188,7",DSPIC96,2024-08-30
2008-08-01,"12120,6",DSPIC96,2024-08-30
2008-09-01,12149,DSPIC96,2024-08-30
2008-10-01,"12240,5",DSPIC96,2024-08-30
2008-11-01,"12345,9",DSPIC96,2024-08-30
2008-12-01,"12288,8",DSPIC96,2024-08-30
2009-01-01,"12361,5",DSPIC96,2024-08-30
2009-02-01,"12241,9",DSPIC96,2024-08-30
2009-03-01,"12242,7",DSPIC96,2024-08-30
2009-04-01,12320,DSPIC96,2024-08-30
2009-05-01,"12500,1",DSPIC96,2024-08-30
2009-06-01,"12273,2",DSPIC96,2024-08-30
2009-07-01,"12218,7",DSPIC96,2024-08-30
2009-08-01,"12194,8",DSPIC96,2024-08-30
2009-09-01,"12230,6",DSPIC96,2024-08-30
2009-10-01,"12193,2",DSPIC96,2024-08-30
2009-11-01,"12224,4",DSPIC96,2024-08-30
2009-12-01,"12280,2",DSPIC96,2024-08-30
2010-01-01,"12285,8",DSPIC96,2024-08-30
2010-02-01,12292,DSPIC96,2024-08-30
2010-03-01,"12340,3",DSPIC96,2024-08-30
2010-04-01,"12447,1",DSPIC96,2024-08-30
2010-05-01,"12540,3",DSPIC96,2024-08-30
2010-06-01,"12544,3",DSPIC96,2024-08-30
2010-07-01,"12554,2",DSPIC96,2024-08-30
2010-08-01,"12591,4",DSPIC96,2024-08-30
2010-09-01,"12589,9",DSPIC96,2024-08-30
2010-10-01,"12592,5",DSPIC96,2024-08-30
2010-11-01,"12605,1",DSPIC96,2024-08-30
2010-12-01,"12680,6",DSPIC96,2024-08-30
2011-01-01,"12740,1",DSPIC96,2024-08-30
2011-02-01,"12776,6",DSPIC96,2024-08-30
2011-03-01,"12742,7",DSPIC96,2024-08-30
2011-04-01,"12721,3",DSPIC96,2024-08-30
2011-05-01,"12705,3",DSPIC96,2024-08-30
2011-06-01,"12756,9",DSPIC96,2024-08-30
2011-07-01,"12805,6",DSPIC96,2024-08-30
2011-08-01,"12799,7",DSPIC96,2024-08-30
2011-09-01,"12781,7",DSPIC96,2024-08-30
2011-10-01,"12791,9",DSPIC96,2024-08-30
2011-11-01,"12782,7",DSPIC96,2024-08-30
2011-12-01,"12898,5",DSPIC96,2024-08-30
2012-01-01,"12967,5",DSPIC96,2024-08-30
2012-02-01,"13029,6",DSPIC96,2024-08-30
2012-03-01,"13066,4",DSPIC96,2024-08-30
2012-04-01,"13116,5",DSPIC96,2024-08-30
2012-05-01,"13112,5",DSPIC96,2024-08-30
2012-06-01,"13097,2",DSPIC96,2024-08-30
2012-07-01,"12999,8",DSPIC96,2024-08-30
2012-08-01,"12961,6",DSPIC96,2024-08-30
2012-09-01,"13053,1",DSPIC96,2024-08-30
2012-10-01,13142,DSPIC96,2024-08-30
2012-11-01,"13315,7",DSPIC96,2024-08-30
2012-12-01,"13642,7",DSPIC96,2024-08-30
2013-01-01,"12845,5",DSPIC96,2024-08-30
2013-02-01,"12813,9",DSPIC96,2024-08-30
2013-03-01,"12852,1",DSPIC96,2024-08-30
2013-04-01,"12893,4",DSPIC96,2024-08-30
2013-05-01,"12954,2",DSPIC96,2024-08-30
2013-06-01,"12955,7",DSPIC96,2024-08-30
2013-07-01,"12941,8",DSPIC96,2024-08-30
2013-08-01,"12969,6",DSPIC96,2024-08-30
2013-09-01,"13027,5",DSPIC96,2024-08-30
2013-10-01,"12974,6",DSPIC96,2024-08-30
2013-11-01,"12998,9",DSPIC96,2024-08-30
2013-12-01,"13019,1",DSPIC96,2024-08-30
2014-01-01,"13079,5",DSPIC96,2024-08-30
2014-02-01,13148,DSPIC96,2024-08-30
2014-03-01,"13219,9",DSPIC96,2024-08-30
2014-04-01,"13270,2",DSPIC96,2024-08-30
2014-05-01,"13312,9",DSPIC96,2024-08-30
2014-06-01,"13360,4",DSPIC96,2024-08-30
2014-07-01,"13386,8",DSPIC96,2024-08-30
2014-08-01,"13445,9",DSPIC96,2024-08-30
2014-09-01,"13486,3",DSPIC96,2024-08-30
2014-10-01,"13550,7",DSPIC96,2024-08-30
2014-11-01,"13624,4",DSPIC96,2024-08-30
2014-12-01,"13719,1",DSPIC96,2024-08-30
2015-01-01,"13797,7",DSPIC96,2024-08-30
2015-02-01,13848,DSPIC96,2024-08-30
2015-03-01,"13811,3",DSPIC96,2024-08-30
2015-04-01,13842,DSPIC96,2024-08-30
2015-05-01,"13865,6",DSPIC96,2024-08-30
2015-06-01,"13874,1",DSPIC96,2024-08-30
2015-07-01,"13905,7",DSPIC96,2024-08-30
2015-08-01,"13935,8",DSPIC96,2024-08-30
2015-09-01,"13972,2",DSPIC96,2024-08-30
2015-10-01,"13996,9",DSPIC96,2024-08-30
2015-11-01,"13993,4",DSPIC96,2024-08-30
2015-12-01,"14060,2",DSPIC96,2024-08-30
2016-01-01,"14121,1",DSPIC96,2024-08-30
2016-02-01,"14135,3",DSPIC96,2024-08-30
2016-03-01,"14135,4",DSPIC96,2024-08-30
2016-04-01,"14106,2",DSPIC96,2024-08-30
2016-05-01,"14095,5",DSPIC96,2024-08-30
2016-06-01,"14104,9",DSPIC96,2024-08-30
2016-07-01,"14160,1",DSPIC96,2024-08-30
2016-08-01,"14176,7",DSPIC96,2024-08-30
2016-09-01,"14209,1",DSPIC96,2024-08-30
2016-10-01,"14235,4",DSPIC96,2024-08-30
2016-11-01,"14273,6",DSPIC96,2024-08-30
2016-12-01,"14313,7",DSPIC96,2024-08-30
2017-01-01,"14373,7",DSPIC96,2024-08-30
2017-02-01,"14416,8",DSPIC96,2024-08-30
2017-03-01,"14476,3",DSPIC96,2024-08-30
2017-04-01,"14509,3",DSPIC96,2024-08-30
2017-05-01,"14610,7",DSPIC96,2024-08-30
2017-06-01,"14618,7",DSPIC96,2024-08-30
2017-07-01,"14660,2",DSPIC96,2024-08-30
2017-08-01,"14678,3",DSPIC96,2024-08-30
2017-09-01,14706,DSPIC96,2024-08-30
2017-10-01,"14748,6",DSPIC96,2024-08-30
2017-11-01,"14771,1",DSPIC96,2024-08-30
2017-12-01,"14797,9",DSPIC96,2024-08-30
2018-01-01,"14886,6",DSPIC96,2024-08-30
2018-02-01,"14921,1",DSPIC96,2024-08-30
2018-03-01,"14974,8",DSPIC96,2024-08-30
2018-04-01,"15007,2",DSPIC96,2024-08-30
2018-05-01,"15057,8",DSPIC96,2024-08-30
2018-06-01,"15119,3",DSPIC96,2024-08-30
2018-07-01,"15184,7",DSPIC96,2024-08-30
2018-08-01,"15238,6",DSPIC96,2024-08-30
2018-09-01,"15237,5",DSPIC96,2024-08-30
2018-10-01,"15274,1",DSPIC96,2024-08-30
2018-11-01,"15315,2",DSPIC96,2024-08-30
2018-12-01,"15506,5",DSPIC96,2024-08-30
2019-01-01,"15501,7",DSPIC96,2024-08-30
2019-02-01,"15553,7",DSPIC96,2024-08-30
2019-03-01,"15568,9",DSPIC96,2024-08-30
2019-04-01,"15524,4",DSPIC96,2024-08-30
2019-05-01,"15519,6",DSPIC96,2024-08-30
2019-06-01,"15546,4",DSPIC96,2024-08-30
2019-07-01,"15565,7",DSPIC96,2024-08-30
2019-08-01,"15654,1",DSPIC96,2024-08-30
2019-09-01,"15691,3",DSPIC96,2024-08-30
2019-10-01,"15718,1",DSPIC96,2024-08-30
2019-11-01,"15778,2",DSPIC96,2024-08-30
2019-12-01,"15684,8",DSPIC96,2024-08-30
2020-01-01,"15852,5",DSPIC96,2024-08-30
2020-02-01,15918,DSPIC96,2024-08-30
2020-03-01,"15696,3",DSPIC96,2024-08-30
2020-04-01,"18020,2",DSPIC96,2024-08-30
2020-05-01,"17104,6",DSPIC96,2024-08-30
2020-06-01,17035,DSPIC96,2024-08-30
2020-07-01,"17193,2",DSPIC96,2024-08-30
2020-08-01,"16525,8",DSPIC96,2024-08-30
2020-09-01,"16607,9",DSPIC96,2024-08-30
2020-10-01,"16561,9",DSPIC96,2024-08-30
2020-11-01,"16368,1",DSPIC96,2024-08-30
2020-12-01,"16406,1",DSPIC96,2024-08-30
2021-01-01,"18107,3",DSPIC96,2024-08-30
2021-02-01,"16604,9",DSPIC96,2024-08-30
2021-03-01,"20422,6",DSPIC96,2024-08-30
2021-04-01,"17316,6",DSPIC96,2024-08-30
2021-05-01,"16819,1",DSPIC96,2024-08-30
2021-06-01,"16736,3",DSPIC96,2024-08-30
2021-07-01,"16836,1",DSPIC96,2024-08-30
2021-08-01,"16791,7",DSPIC96,2024-08-30
2021-09-01,"16564,3",DSPIC96,2024-08-30
2021-10-01,"16547,4",DSPIC96,2024-08-30
2021-11-01,"16499,8",DSPIC96,2024-08-30
2021-12-01,"16418,5",DSPIC96,2024-08-30
2022-01-01,"16080,8",DSPIC96,2024-08-30
2022-02-01,"16092,7",DSPIC96,2024-08-30
2022-03-01,"16028,1",DSPIC96,2024-08-30
2022-04-01,"16042,6",DSPIC96,2024-08-30
2022-05-01,"16023,2",DSPIC96,2024-08-30
2022-06-01,"15963,4",DSPIC96,2024-08-30
2022-07-01,"16109,3",DSPIC96,2024-08-30
2022-08-01,"16161,4",DSPIC96,2024-08-30
2022-09-01,"16184,9",DSPIC96,2024-08-30
2022-10-01,"16223,5",DSPIC96,2024-08-30
2022-11-01,"16229,6",DSPIC96,2024-08-30
2022-12-01,"16265,1",DSPIC96,2024-08-30
2023-01-01,"16601,9",DSPIC96,2024-08-30
2023-02-01,"16656,1",DSPIC96,2024-08-30
2023-03-01,"16730,2",DSPIC96,2024-08-30
2023-04-01,"16763,9",DSPIC96,2024-08-30
2023-05-01,"16818,5",DSPIC96,2024-08-30
2023-06-01,"16809,5",DSPIC96,2024-08-30
2023-07-01,"16816,4",DSPIC96,2024-08-30
2023-08-01,"16826,2",DSPIC96,2024-08-30
2023-09-01,"16816,3",DSPIC96,2024-08-30
2023-10-01,"16819,9",DSPIC96,2024-08-30
2023-11-01,"16859,6",DSPIC96,2024-08-30
2023-12-01,"16889,2",DSPIC96,2024-08-30
2024-01-01,"16914,2",DSPIC96,2024-08-30
2024-02-01,"16897,4",DSPIC96,2024-08-30
2024-03-01,"16924,3",DSPIC96,2024-08-30
2024-04-01,"16914,2",DSPIC96,2024-08-30
2024-05-01,"16969,3",DSPIC96,2024-08-30
2024-06-01,"16983,9",DSPIC96,2024-08-30
2024-07-01,17002,DSPIC96,2024-08-30
1959-01-01,"15,164",PCEPI,2024-08-30
1959-02-01,"15,179",PCEPI,2024-08-30
1959-03-01,"15,189",PCEPI,2024-08-30
1959-04-01,"15,219",PCEPI,2024-08-30
1959-05-01,"15,227",PCEPI,2024-08-30
1959-06-01,"15,271",PCEPI,2024-08-30
1959-07-01,"15,303",PCEPI,2024-08-30
1959-08-01,"15,325",PCEPI,2024-08-30
1959-09-01,"15,365",PCEPI,2024-08-30
1959-10-01,"15,402",PCEPI,2024-08-30
1959-11-01,"15,412",PCEPI,2024-08-30
1959-12-01,"15,43",PCEPI,2024-08-30
1960-01-01,"15,421",PCEPI,2024-08-30
1960-02-01,"15,437",PCEPI,2024-08-30
1960-03-01,"15,446",PCEPI,2024-08-30
1960-04-01,"15,502",PCEPI,2024-08-30
1960-05-01,"15,518",PCEPI,2024-08-30
1960-06-01,"15,525",PCEPI,2024-08-30
1960-07-01,"15,553",PCEPI,2024-08-30
1960-08-01,"15,579",PCEPI,2024-08-30
1960-09-01,"15,588",PCEPI,2024-08-30
1960-10-01,"15,606",PCEPI,2024-08-30
1960-11-01,"15,659",PCEPI,2024-08-30
1960-12-01,"15,662",PCEPI,2024-08-30
1961-01-01,"15,665",PCEPI,2024-08-30
1961-02-01,"15,679",PCEPI,2024-08-30
1961-03-01,"15,67",PCEPI,2024-08-30
1961-04-01,"15,661",PCEPI,2024-08-30
1961-05-01,"15,67",PCEPI,2024-08-30
1961-06-01,"15,677",PCEPI,2024-08-30
1961-07-01,"15,711",PCEPI,2024-08-30
1961-08-01,"15,724",PCEPI,2024-08-30
1961-09-01,"15,742",PCEPI,2024-08-30
1961-10-01,"15,741",PCEPI,2024-08-30
1961-11-01,"15,742",PCEPI,2024-08-30
1961-12-01,"15,746",PCEPI,2024-08-30
1962-01-01,"15,776",PCEPI,2024-08-30
1962-02-01,"15,818",PCEPI,2024-08-30
1962-03-01,"15,839",PCEPI,2024-08-30
1962-04-01,"15,857",PCEPI,2024-08-30
1962-05-01,"15,867",PCEPI,2024-08-30
1962-06-01,"15,877",PCEPI,2024-08-30
1962-07-01,"15,868",PCEPI,2024-08-30
1962-08-01,"15,891",PCEPI,2024-08-30
1962-09-01,"15,969",PCEPI,2024-08-30
1962-10-01,"15,953",PCEPI,2024-08-30
1962-11-01,"15,964",PCEPI,2024-08-30
1962-12-01,"15,958",PCEPI,2024-08-30
1963-01-01,"15,997",PCEPI,2024-08-30
1963-02-01,"16,014",PCEPI,2024-08-30
1963-03-01,"16,001",PCEPI,2024-08-30
1963-04-01,16,PCEPI,2024-08-30
1963-05-01,"16,026",PCEPI,2024-08-30
1963-06-01,"16,061",PCEPI,2024-08-30
1963-07-01,"16,093",PCEPI,2024-08-30
1963-08-01,"16,115",PCEPI,2024-08-30
1963-09-01,"16,112",PCEPI,2024-08-30
1963-10-01,"16,143",PCEPI,2024-08-30
1963-11-01,"16,166",PCEPI,2024-08-30
1963-12-01,"16,19",PCEPI,2024-08-30
1964-01-01,"16,224",PCEPI,2024-08-30
1964-02-01,"16,247",PCEPI,2024-08-30
1964-03-01,"16,257",PCEPI,2024-08-30
1964-04-01,"16,269",PCEPI,2024-08-30
1964-05-01,"16,271",PCEPI,2024-08-30
1964-06-01,"16,294",PCEPI,2024-08-30
1964-07-01,"16,315",PCEPI,2024-08-30
1964-08-01,"16,327",PCEPI,2024-08-30
1964-09-01,"16,352",PCEPI,2024-08-30
1964-10-01,"16,362",PCEPI,2024-08-30
1964-11-01,"16,385",PCEPI,2024-08-30
1964-12-01,"16,409",PCEPI,2024-08-30
1965-01-01,"16,427",PCEPI,2024-08-30
1965-02-01,"16,434",PCEPI,2024-08-30
1965-03-01,"16,455",PCEPI,2024-08-30
1965-04-01,"16,481",PCEPI,2024-08-30
1965-05-01,"16,518",PCEPI,2024-08-30
1965-06-01,"16,566",PCEPI,2024-08-30
1965-07-01,"16,578",PCEPI,2024-08-30
1965-08-01,"16,582",PCEPI,2024-08-30
1965-09-01,"16,59",PCEPI,2024-08-30
1965-10-01,"16,595",PCEPI,2024-08-30
1965-11-01,"16,623",PCEPI,2024-08-30
1965-12-01,"16,683",PCEPI,2024-08-30
1966-01-01,"16,703",PCEPI,2024-08-30
1966-02-01,"16,772",PCEPI,2024-08-30
1966-03-01,"16,813",PCEPI,2024-08-30
1966-04-01,"16,871",PCEPI,2024-08-30
1966-05-01,"16,892",PCEPI,2024-08-30
1966-06-01,"16,934",PCEPI,2024-08-30
1966-07-01,"16,967",PCEPI,2024-08-30
1966-08-01,"17,032",PCEPI,2024-08-30
1966-09-01,"17,086",PCEPI,2024-08-30
1966-10-01,"17,131",PCEPI,2024-08-30
1966-11-01,"17,156",PCEPI,2024-08-30
1966-12-01,"17,192",PCEPI,2024-08-30
1967-01-01,"17,193",PCEPI,2024-08-30
1967-02-01,"17,213",PCEPI,2024-08-30
1967-03-01,"17,222",PCEPI,2024-08-30
1967-04-01,"17,251",PCEPI,2024-08-30
1967-05-01,"17,284",PCEPI,2024-08-30
1967-06-01,"17,339",PCEPI,2024-08-30
1967-07-01,"17,398",PCEPI,2024-08-30
1967-08-01,"17,452",PCEPI,2024-08-30
1967-09-01,"17,505",PCEPI,2024-08-30
1967-10-01,"17,554",PCEPI,2024-08-30
1967-11-01,"17,612",PCEPI,2024-08-30
1967-12-01,"17,64",PCEPI,2024-08-30
1968-01-01,"17,722",PCEPI,2024-08-30
1968-02-01,"17,794",PCEPI,2024-08-30
1968-03-01,"17,852",PCEPI,2024-08-30
1968-04-01,"17,908",PCEPI,2024-08-30
1968-05-01,"17,974",PCEPI,2024-08-30
1968-06-01,"18,032",PCEPI,2024-08-30
1968-07-01,"18,087",PCEPI,2024-08-30
1968-08-01,"18,161",PCEPI,2024-08-30
1968-09-01,"18,224",PCEPI,2024-08-30
1968-10-01,"18,304",PCEPI,2024-08-30
1968-11-01,"18,366",PCEPI,2024-08-30
1968-12-01,"18,404",PCEPI,2024-08-30
1969-01-01,"18,476",PCEPI,2024-08-30
1969-02-01,"18,523",PCEPI,2024-08-30
1969-03-01,"18,61",PCEPI,2024-08-30
1969-04-01,"18,692",PCEPI,2024-08-30
1969-05-01,"18,767",PCEPI,2024-08-30
1969-06-01,"18,858",PCEPI,2024-08-30
1969-07-01,"18,941",PCEPI,2024-08-30
1969-08-01,"18,993",PCEPI,2024-08-30
1969-09-01,"19,072",PCEPI,2024-08-30
1969-10-01,"19,137",PCEPI,2024-08-30
1969-11-01,"19,22",PCEPI,2024-08-30
1969-12-01,"19,308",PCEPI,2024-08-30
1970-01-01,"19,377",PCEPI,2024-08-30
1970-02-01,"19,454",PCEPI,2024-08-30
1970-03-01,"19,502",PCEPI,2024-08-30
1970-04-01,"19,601",PCEPI,2024-08-30
1970-05-01,"19,663",PCEPI,2024-08-30
1970-06-01,"19,714",PCEPI,2024-08-30
1970-07-01,"19,786",PCEPI,2024-08-30
1970-08-01,"19,838",PCEPI,2024-08-30
1970-09-01,"19,927",PCEPI,2024-08-30
1970-10-01,"20,026",PCEPI,2024-08-30
1970-11-01,"20,105",PCEPI,2024-08-30
1970-12-01,"20,194",PCEPI,2024-08-30
1971-01-01,"20,237",PCEPI,2024-08-30
1971-02-01,"20,296",PCEPI,2024-08-30
1971-03-01,"20,363",PCEPI,2024-08-30
1971-04-01,"20,443",PCEPI,2024-08-30
1971-05-01,"20,528",PCEPI,2024-08-30
1971-06-01,"20,619",PCEPI,2024-08-30
1971-07-01,"20,681",PCEPI,2024-08-30
1971-08-01,"20,741",PCEPI,2024-08-30
1971-09-01,"20,772",PCEPI,2024-08-30
1971-10-01,"20,804",PCEPI,2024-08-30
1971-11-01,"20,847",PCEPI,2024-08-30
1971-12-01,"20,929",PCEPI,2024-08-30
1972-01-01,"21,015",PCEPI,2024-08-30
1972-02-01,"21,098",PCEPI,2024-08-30
1972-03-01,"21,128",PCEPI,2024-08-30
1972-04-01,"21,16",PCEPI,2024-08-30
1972-05-01,"21,207",PCEPI,2024-08-30
1972-06-01,"21,239",PCEPI,2024-08-30
1972-07-01,"21,315",PCEPI,2024-08-30
1972-08-01,"21,377",PCEPI,2024-08-30
1972-09-01,"21,473",PCEPI,2024-08-30
1972-10-01,"21,497",PCEPI,2024-08-30
1972-11-01,"21,561",PCEPI,2024-08-30
1972-12-01,"21,63",PCEPI,2024-08-30
1973-01-01,"21,695",PCEPI,2024-08-30
1973-02-01,"21,809",PCEPI,2024-08-30
1973-03-01,"21,964",PCEPI,2024-08-30
1973-04-01,"22,127",PCEPI,2024-08-30
1973-05-01,"22,236",PCEPI,2024-08-30
1973-06-01,"22,363",PCEPI,2024-08-30
1973-07-01,"22,444",PCEPI,2024-08-30
1973-08-01,"22,703",PCEPI,2024-08-30
1973-09-01,"22,793",PCEPI,2024-08-30
1973-10-01,"22,922",PCEPI,2024-08-30
1973-11-01,"23,11",PCEPI,2024-08-30
1973-12-01,"23,3",PCEPI,2024-08-30
1974-01-01,"23,523",PCEPI,2024-08-30
1974-02-01,"23,797",PCEPI,2024-08-30
1974-03-01,"24,073",PCEPI,2024-08-30
1974-04-01,"24,243",PCEPI,2024-08-30
1974-05-01,"24,482",PCEPI,2024-08-30
1974-06-01,"24,69",PCEPI,2024-08-30
1974-07-01,"24,872",PCEPI,2024-08-30
1974-08-01,"25,132",PCEPI,2024-08-30
1974-09-01,"25,393",PCEPI,2024-08-30
1974-10-01,"25,575",PCEPI,2024-08-30
1974-11-01,"25,767",PCEPI,2024-08-30
1974-12-01,"25,971",PCEPI,2024-08-30
1975-01-01,"26,132",PCEPI,2024-08-30
1975-02-01,"26,274",PCEPI,2024-08-30
1975-03-01,"26,363",PCEPI,2024-08-30
1975-04-01,"26,452",PCEPI,2024-08-30
1975-05-01,"26,558",PCEPI,2024-08-30
1975-06-01,"26,724",PCEPI,2024-08-30
1975-07-01,"26,953",PCEPI,2024-08-30
1975-08-01,"27,07",PCEPI,2024-08-30
1975-09-01,"27,204",PCEPI,2024-08-30
1975-10-01,"27,362",PCEPI,2024-08-30
1975-11-01,"27,538",PCEPI,2024-08-30
1975-12-01,"27,69",PCEPI,2024-08-30
1976-01-01,"27,795",PCEPI,2024-08-30
1976-02-01,"27,831",PCEPI,2024-08-30
1976-03-01,"27,873",PCEPI,2024-08-30
1976-04-01,"27,936",PCEPI,2024-08-30
1976-05-01,"28,069",PCEPI,2024-08-30
1976-06-01,"28,192",PCEPI,2024-08-30
1976-07-01,"28,335",PCEPI,2024-08-30
1976-08-01,"28,491",PCEPI,2024-08-30
1976-09-01,"28,651",PCEPI,2024-08-30
1976-10-01,"28,801",PCEPI,2024-08-30
1976-11-01,"28,932",PCEPI,2024-08-30
1976-12-01,"29,094",PCEPI,2024-08-30
1977-01-01,"29,263",PCEPI,2024-08-30
1977-02-01,"29,492",PCEPI,2024-08-30
1977-03-01,"29,64",PCEPI,2024-08-30
1977-04-01,"29,812",PCEPI,2024-08-30
1977-05-01,"29,963",PCEPI,2024-08-30
1977-06-01,"30,131",PCEPI,2024-08-30
1977-07-01,"30,287",PCEPI,2024-08-30
1977-08-01,"30,428",PCEPI,2024-08-30
1977-09-01,"30,543",PCEPI,2024-08-30
1977-10-01,"30,685",PCEPI,2024-08-30
1977-11-01,"30,861",PCEPI,2024-08-30
1977-12-01,"31,011",PCEPI,2024-08-30
1978-01-01,"31,194",PCEPI,2024-08-30
1978-02-01,"31,339",PCEPI,2024-08-30
1978-03-01,"31,542",PCEPI,2024-08-30
1978-04-01,"31,781",PCEPI,2024-08-30
1978-05-01,"32,008",PCEPI,2024-08-30
1978-06-01,"32,217",PCEPI,2024-08-30
1978-07-01,"32,393",PCEPI,2024-08-30
1978-08-01,"32,557",PCEPI,2024-08-30
1978-09-01,"32,742",PCEPI,2024-08-30
1978-10-01,"33,003",PCEPI,2024-08-30
1978-11-01,"33,19",PCEPI,2024-08-30
1978-12-01,"33,345",PCEPI,2024-08-30
1979-01-01,"33,597",PCEPI,2024-08-30
1979-02-01,"33,776",PCEPI,2024-08-30
1979-03-01,"34,04",PCEPI,2024-08-30
1979-04-01,"34,395",PCEPI,2024-08-30
1979-05-01,"34,751",PCEPI,2024-08-30
1979-06-01,"35,038",PCEPI,2024-08-30
1979-07-01,"35,305",PCEPI,2024-08-30
1979-08-01,"35,575",PCEPI,2024-08-30
1979-09-01,"35,889",PCEPI,2024-08-30
1979-10-01,"36,182",PCEPI,2024-08-30
1979-11-01,"36,433",PCEPI,2024-08-30
1979-12-01,"36,739",PCEPI,2024-08-30
1980-01-01,"37,124",PCEPI,2024-08-30
1980-02-01,"37,526",PCEPI,2024-08-30
1980-03-01,"37,987",PCEPI,2024-08-30
1980-04-01,"38,185",PCEPI,2024-08-30
1980-05-01,"38,482",PCEPI,2024-08-30
1980-06-01,"38,725",PCEPI,2024-08-30
1980-07-01,"39,026",PCEPI,2024-08-30
1980-08-01,"39,351",PCEPI,2024-08-30
1980-09-01,"39,715",PCEPI,2024-08-30
1980-10-01,"40,033",PCEPI,2024-08-30
1980-11-01,"40,359",PCEPI,2024-08-30
1980-12-01,"40,621",PCEPI,2024-08-30
1981-01-01,"41,011",PCEPI,2024-08-30
1981-02-01,"41,426",PCEPI,2024-08-30
1981-03-01,"41,715",PCEPI,2024-08-30
1981-04-01,"41,897",PCEPI,2024-08-30
1981-05-01,"42,085",PCEPI,2024-08-30
1981-06-01,"42,253",PCEPI,2024-08-30
1981-07-01,"42,508",PCEPI,2024-08-30
1981-08-01,"42,774",PCEPI,2024-08-30
1981-09-01,"43,033",PCEPI,2024-08-30
1981-10-01,"43,228",PCEPI,2024-08-30
1981-11-01,"43,46",PCEPI,2024-08-30
1981-12-01,"43,594",PCEPI,2024-08-30
1982-01-01,"43,853",PCEPI,2024-08-30
1982-02-01,"43,985",PCEPI,2024-08-30
1982-03-01,"44,098",PCEPI,2024-08-30
1982-04-01,"44,12",PCEPI,2024-08-30
1982-05-01,"44,382",PCEPI,2024-08-30
1982-06-01,"44,704",PCEPI,2024-08-30
1982-07-01,"44,969",PCEPI,2024-08-30
1982-08-01,"45,108",PCEPI,2024-08-30
1982-09-01,"45,233",PCEPI,2024-08-30
1982-10-01,"45,487",PCEPI,2024-08-30
1982-11-01,"45,624",PCEPI,2024-08-30
1982-12-01,"45,693",PCEPI,2024-08-30
1983-01-01,"45,906",PCEPI,2024-08-30
1983-02-01,"45,984",PCEPI,2024-08-30
1983-03-01,"46,043",PCEPI,2024-08-30
1983-04-01,"46,253",PCEPI,2024-08-30
1983-05-01,"46,384",PCEPI,2024-08-30
1983-06-01,"46,557",PCEPI,2024-08-30
1983-07-01,"46,82",PCEPI,2024-08-30
1983-08-01,"47,02",PCEPI,2024-08-30
1983-09-01,"47,185",PCEPI,2024-08-30
1983-10-01,"47,265",PCEPI,2024-08-30
1983-11-01,"47,332",PCEPI,2024-08-30
1983-12-01,"47,358",PCEPI,2024-08-30
1984-01-01,"47,564",PCEPI,2024-08-30
1984-02-01,"47,884",PCEPI,2024-08-30
1984-03-01,"48,041",PCEPI,2024-08-30
1984-04-01,"48,224",PCEPI,2024-08-30
1984-05-01,"48,285",PCEPI,2024-08-30
1984-06-01,"48,371",PCEPI,2024-08-30
1984-07-01,"48,544",PCEPI,2024-08-30
1984-08-01,"48,693",PCEPI,2024-08-30
1984-09-01,"48,759",PCEPI,2024-08-30
1984-10-01,"48,874",PCEPI,2024-08-30
1984-11-01,"48,943",PCEPI,2024-08-30
1984-12-01,"49,081",PCEPI,2024-08-30
1985-01-01,"49,326",PCEPI,2024-08-30
1985-02-01,"49,555",PCEPI,2024-08-30
1985-03-01,"49,749",PCEPI,2024-08-30
1985-04-01,"49,821",PCEPI,2024-08-30
1985-05-01,"49,939",PCEPI,2024-08-30
1985-06-01,"50,075",PCEPI,2024-08-30
1985-07-01,"50,198",PCEPI,2024-08-30
1985-08-01,"50,364",PCEPI,2024-08-30
1985-09-01,"50,449",PCEPI,2024-08-30
1985-10-01,"50,533",PCEPI,2024-08-30
1985-11-01,"50,68",PCEPI,2024-08-30
1985-12-01,"50,85",PCEPI,2024-08-30
1986-01-01,"51,084",PCEPI,2024-08-30
1986-02-01,"51,084",PCEPI,2024-08-30
1986-03-01,"50,972",PCEPI,2024-08-30
1986-04-01,"50,868",PCEPI,2024-08-30
1986-05-01,"50,961",PCEPI,2024-08-30
1986-06-01,"51,151",PCEPI,2024-08-30
1986-07-01,"51,164",PCEPI,2024-08-30
1986-08-01,"51,228",PCEPI,2024-08-30
1986-09-01,"51,396",PCEPI,2024-08-30
1986-10-01,"51,488",PCEPI,2024-08-30
1986-11-01,"51,58",PCEPI,2024-08-30
1986-12-01,"51,651",PCEPI,2024-08-30
1987-01-01,"51,894",PCEPI,2024-08-30
1987-02-01,"52,076",PCEPI,2024-08-30
1987-03-01,"52,214",PCEPI,2024-08-30
1987-04-01,"52,409",PCEPI,2024-08-30
1987-05-01,"52,542",PCEPI,2024-08-30
1987-06-01,"52,741",PCEPI,2024-08-30
1987-07-01,"52,863",PCEPI,2024-08-30
1987-08-01,"53,072",PCEPI,2024-08-30
1987-09-01,"53,251",PCEPI,2024-08-30
1987-10-01,"53,42",PCEPI,2024-08-30
1987-11-01,"53,521",PCEPI,2024-08-30
1987-12-01,"53,62",PCEPI,2024-08-30
1988-01-01,"53,828",PCEPI,2024-08-30
1988-02-01,"53,908",PCEPI,2024-08-30
1988-03-01,"54,093",PCEPI,2024-08-30
1988-04-01,"54,356",PCEPI,2024-08-30
1988-05-01,"54,514",PCEPI,2024-08-30
1988-06-01,"54,746",PCEPI,2024-08-30
1988-07-01,"55,012",PCEPI,2024-08-30
1988-08-01,"55,175",PCEPI,2024-08-30
1988-09-01,"55,444",PCEPI,2024-08-30
1988-10-01,"55,625",PCEPI,2024-08-30
1988-11-01,"55,754",PCEPI,2024-08-30
1988-12-01,"55,928",PCEPI,2024-08-30
1989-01-01,"56,215",PCEPI,2024-08-30
1989-02-01,"56,402",PCEPI,2024-08-30
1989-03-01,"56,612",PCEPI,2024-08-30
1989-04-01,"56,989",PCEPI,2024-08-30
1989-05-01,"57,197",PCEPI,2024-08-30
1989-06-01,"57,322",PCEPI,2024-08-30
1989-07-01,"57,459",PCEPI,2024-08-30
1989-08-01,"57,466",PCEPI,2024-08-30
1989-09-01,"57,594",PCEPI,2024-08-30
1989-10-01,"57,819",PCEPI,2024-08-30
1989-11-01,"57,945",PCEPI,2024-08-30
1989-12-01,"58,113",PCEPI,2024-08-30
1990-01-01,"58,553",PCEPI,2024-08-30
1990-02-01,"58,811",PCEPI,2024-08-30
1990-03-01,"59,033",PCEPI,2024-08-30
1990-04-01,"59,157",PCEPI,2024-08-30
1990-05-01,"59,29",PCEPI,2024-08-30
1990-06-01,"59,552",PCEPI,2024-08-30
1990-07-01,"59,699",PCEPI,2024-08-30
1990-08-01,"60,096",PCEPI,2024-08-30
1990-09-01,"60,465",PCEPI,2024-08-30
1990-10-01,"60,811",PCEPI,2024-08-30
1990-11-01,"60,888",PCEPI,2024-08-30
1990-12-01,"60,945",PCEPI,2024-08-30
1991-01-01,"61,177",PCEPI,2024-08-30
1991-02-01,"61,208",PCEPI,2024-08-30
1991-03-01,"61,221",PCEPI,2024-08-30
1991-04-01,"61,332",PCEPI,2024-08-30
1991-05-01,"61,586",PCEPI,2024-08-30
1991-06-01,"61,69",PCEPI,2024-08-30
1991-07-01,"61,787",PCEPI,2024-08-30
1991-08-01,"61,931",PCEPI,2024-08-30
1991-09-01,"62,144",PCEPI,2024-08-30
1991-10-01,"62,26",PCEPI,2024-08-30
1991-11-01,"62,397",PCEPI,2024-08-30
1991-12-01,"62,553",PCEPI,2024-08-30
1992-01-01,"62,638",PCEPI,2024-08-30
1992-02-01,"62,797",PCEPI,2024-08-30
1992-03-01,"62,949",PCEPI,2024-08-30
1992-04-01,"63,119",PCEPI,2024-08-30
1992-05-01,"63,203",PCEPI,2024-08-30
1992-06-01,"63,315",PCEPI,2024-08-30
1992-07-01,"63,524",PCEPI,2024-08-30
1992-08-01,"63,609",PCEPI,2024-08-30
1992-09-01,"63,713",PCEPI,2024-08-30
1992-10-01,"63,938",PCEPI,2024-08-30
1992-11-01,"64,064",PCEPI,2024-08-30
1992-12-01,"64,176",PCEPI,2024-08-30
1993-01-01,"64,332",PCEPI,2024-08-30
1993-02-01,"64,429",PCEPI,2024-08-30
1993-03-01,"64,561",PCEPI,2024-08-30
1993-04-01,"64,733",PCEPI,2024-08-30
1993-05-01,"64,933",PCEPI,2024-08-30
1993-06-01,"64,955",PCEPI,2024-08-30
1993-07-01,"65,059",PCEPI,2024-08-30
1993-08-01,"65,17",PCEPI,2024-08-30
1993-09-01,"65,238",PCEPI,2024-08-30
1993-10-01,"65,443",PCEPI,2024-08-30
1993-11-01,"65,567",PCEPI,2024-08-30
1993-12-01,"65,582",PCEPI,2024-08-30
1994-01-01,"65,604",PCEPI,2024-08-30
1994-02-01,"65,756",PCEPI,2024-08-30
1994-03-01,"65,937",PCEPI,2024-08-30
1994-04-01,"66,015",PCEPI,2024-08-30
1994-05-01,"66,111",PCEPI,2024-08-30
1994-06-01,"66,272",PCEPI,2024-08-30
1994-07-01,"66,481",PCEPI,2024-08-30
1994-08-01,"66,634",PCEPI,2024-08-30
1994-09-01,"66,708",PCEPI,2024-08-30
1994-10-01,"66,821",PCEPI,2024-08-30
1994-11-01,"66,948",PCEPI,2024-08-30
1994-12-01,"66,991",PCEPI,2024-08-30
1995-01-01,"67,127",PCEPI,2024-08-30
1995-02-01,"67,246",PCEPI,2024-08-30
1995-03-01,"67,37",PCEPI,2024-08-30
1995-04-01,"67,547",PCEPI,2024-08-30
1995-05-01,"67,651",PCEPI,2024-08-30
1995-06-01,"67,717",PCEPI,2024-08-30
1995-07-01,"67,802",PCEPI,2024-08-30
1995-08-01,"67,948",PCEPI,2024-08-30
1995-09-01,"67,995",PCEPI,2024-08-30
1995-10-01,"68,171",PCEPI,2024-08-30
1995-11-01,"68,169",PCEPI,2024-08-30
1995-12-01,"68,3",PCEPI,2024-08-30
1996-01-01,"68,452",PCEPI,2024-08-30
1996-02-01,"68,56",PCEPI,2024-08-30
1996-03-01,"68,767",PCEPI,2024-08-30
1996-04-01,"68,973",PCEPI,2024-08-30
1996-05-01,"69,092",PCEPI,2024-08-30
1996-06-01,"69,091",PCEPI,2024-08-30
1996-07-01,"69,237",PCEPI,2024-08-30
1996-08-01,"69,303",PCEPI,2024-08-30
1996-09-01,"69,499",PCEPI,2024-08-30
1996-10-01,"69,709",PCEPI,2024-08-30
1996-11-01,"69,833",PCEPI,2024-08-30
1996-12-01,"69,914",PCEPI,2024-08-30
1997-01-01,"70,005",PCEPI,2024-08-30
1997-02-01,"70,151",PCEPI,2024-08-30
1997-03-01,"70,225",PCEPI,2024-08-30
1997-04-01,"70,294",PCEPI,2024-08-30
1997-05-01,"70,262",PCEPI,2024-08-30
1997-06-01,"70,352",PCEPI,2024-08-30
1997-07-01,"70,394",PCEPI,2024-08-30
1997-08-01,"70,45",PCEPI,2024-08-30
1997-09-01,"70,62",PCEPI,2024-08-30
1997-10-01,"70,712",PCEPI,2024-08-30
1997-11-01,"70,716",PCEPI,2024-08-30
1997-12-01,"70,701",PCEPI,2024-08-30
1998-01-01,"70,736",PCEPI,2024-08-30
1998-02-01,"70,699",PCEPI,2024-08-30
1998-03-01,"70,71",PCEPI,2024-08-30
1998-04-01,"70,798",PCEPI,2024-08-30
1998-05-01,"70,895",PCEPI,2024-08-30
1998-06-01,"70,835",PCEPI,2024-08-30
1998-07-01,"71,01",PCEPI,2024-08-30
1998-08-01,"71,108",PCEPI,2024-08-30
1998-09-01,"71,067",PCEPI,2024-08-30
1998-10-01,"71,223",PCEPI,2024-08-30
1998-11-01,"71,226",PCEPI,2024-08-30
1998-12-01,"71,298",PCEPI,2024-08-30
1999-01-01,"71,398",PCEPI,2024-08-30
1999-02-01,"71,358",PCEPI,2024-08-30
1999-03-01,"71,412",PCEPI,2024-08-30
1999-04-01,"71,757",PCEPI,2024-08-30
1999-05-01,"71,804",PCEPI,2024-08-30
1999-06-01,"71,826",PCEPI,2024-08-30
1999-07-01,"72,017",PCEPI,2024-08-30
1999-08-01,"72,148",PCEPI,2024-08-30
1999-09-01,"72,407",PCEPI,2024-08-30
1999-10-01,"72,529",PCEPI,2024-08-30
1999-11-01,"72,594",PCEPI,2024-08-30
1999-12-01,"72,763",PCEPI,2024-08-30
2000-01-01,"72,961",PCEPI,2024-08-30
2000-02-01,"73,191",PCEPI,2024-08-30
2000-03-01,"73,505",PCEPI,2024-08-30
2000-04-01,"73,444",PCEPI,2024-08-30
2000-05-01,"73,505",PCEPI,2024-08-30
2000-06-01,"73,754",PCEPI,2024-08-30
2000-07-01,"73,939",PCEPI,2024-08-30
2000-08-01,"73,934",PCEPI,2024-08-30
2000-09-01,"74,252",PCEPI,2024-08-30
2000-10-01,"74,353",PCEPI,2024-08-30
2000-11-01,"74,457",PCEPI,2024-08-30
2000-12-01,"74,571",PCEPI,2024-08-30
2001-01-01,"74,932",PCEPI,2024-08-30
2001-02-01,"75,048",PCEPI,2024-08-30
2001-03-01,"75,055",PCEPI,2024-08-30
2001-04-01,"75,187",PCEPI,2024-08-30
2001-05-01,"75,385",PCEPI,2024-08-30
2001-06-01,"75,518",PCEPI,2024-08-30
2001-07-01,"75,493",PCEPI,2024-08-30
2001-08-01,"75,484",PCEPI,2024-08-30
2001-09-01,"75,227",PCEPI,2024-08-30
2001-10-01,"75,492",PCEPI,2024-08-30
2001-11-01,"75,441",PCEPI,2024-08-30
2001-12-01,"75,363",PCEPI,2024-08-30
2002-01-01,"75,431",PCEPI,2024-08-30
2002-02-01,"75,558",PCEPI,2024-08-30
2002-03-01,"75,763",PCEPI,2024-08-30
2002-04-01,"76,08",PCEPI,2024-08-30
2002-05-01,"76,13",PCEPI,2024-08-30
2002-06-01,"76,225",PCEPI,2024-08-30
2002-07-01,"76,393",PCEPI,2024-08-30
2002-08-01,"76,543",PCEPI,2024-08-30
2002-09-01,"76,681",PCEPI,2024-08-30
2002-10-01,"76,821",PCEPI,2024-08-30
2002-11-01,"76,897",PCEPI,2024-08-30
2002-12-01,"76,971",PCEPI,2024-08-30
2003-01-01,"77,201",PCEPI,2024-08-30
2003-02-01,"77,526",PCEPI,2024-08-30
2003-03-01,"77,725",PCEPI,2024-08-30
2003-04-01,"77,593",PCEPI,2024-08-30
2003-05-01,"77,504",PCEPI,2024-08-30
2003-06-01,"77,588",PCEPI,2024-08-30
2003-07-01,"77,816",PCEPI,2024-08-30
2003-08-01,"78,079",PCEPI,2024-08-30
2003-09-01,"78,323",PCEPI,2024-08-30
2003-10-01,"78,333",PCEPI,2024-08-30
2003-11-01,"78,432",PCEPI,2024-08-30
2003-12-01,"78,605",PCEPI,2024-08-30
2004-01-01,"78,909",PCEPI,2024-08-30
2004-02-01,"79,077",PCEPI,2024-08-30
2004-03-01,"79,199",PCEPI,2024-08-30
2004-04-01,"79,346",PCEPI,2024-08-30
2004-05-01,"79,604",PCEPI,2024-08-30
2004-06-01,"79,831",PCEPI,2024-08-30
2004-07-01,"79,905",PCEPI,2024-08-30
2004-08-01,"79,946",PCEPI,2024-08-30
2004-09-01,"80,104",PCEPI,2024-08-30
2004-10-01,"80,448",PCEPI,2024-08-30
2004-11-01,"80,758",PCEPI,2024-08-30
2004-12-01,"80,801",PCEPI,2024-08-30
2005-01-01,"80,907",PCEPI,2024-08-30
2005-02-01,"81,132",PCEPI,2024-08-30
2005-03-01,"81,375",PCEPI,2024-08-30
2005-04-01,"81,603",PCEPI,2024-08-30
2005-05-01,"81,649",PCEPI,2024-08-30
2005-06-01,"81,7",PCEPI,2024-08-30
2005-07-01,"82,046",PCEPI,2024-08-30
2005-08-01,"82,377",PCEPI,2024-08-30
2005-09-01,"83,172",PCEPI,2024-08-30
2005-10-01,"83,305",PCEPI,2024-08-30
2005-11-01,"83,131",PCEPI,2024-08-30
2005-12-01,"83,131",PCEPI,2024-08-30
2006-01-01,"83,534",PCEPI,2024-08-30
2006-02-01,"83,584",PCEPI,2024-08-30
2006-03-01,"83,746",PCEPI,2024-08-30
2006-04-01,"84,135",PCEPI,2024-08-30
2006-05-01,"84,361",PCEPI,2024-08-30
2006-06-01,"84,569",PCEPI,2024-08-30
2006-07-01,"84,858",PCEPI,2024-08-30
2006-08-01,"85,125",PCEPI,2024-08-30
2006-09-01,"84,902",PCEPI,2024-08-30
2006-10-01,"84,702",PCEPI,2024-08-30
2006-11-01,"84,731",PCEPI,2024-08-30
2006-12-01,"85,032",PCEPI,2024-08-30
2007-01-01,"85,316",PCEPI,2024-08-30
2007-02-01,"85,581",PCEPI,2024-08-30
2007-03-01,"85,894",PCEPI,2024-08-30
2007-04-01,"86,096",PCEPI,2024-08-30
2007-05-01,"86,346",PCEPI,2024-08-30
2007-06-01,"86,529",PCEPI,2024-08-30
2007-07-01,"86,661",PCEPI,2024-08-30
2007-08-01,"86,72",PCEPI,2024-08-30
2007-09-01,"87,054",PCEPI,2024-08-30
2007-10-01,"87,318",PCEPI,2024-08-30
2007-11-01,"87,781",PCEPI,2024-08-30
2007-12-01,"87,984",PCEPI,2024-08-30
2008-01-01,"88,206",PCEPI,2024-08-30
2008-02-01,"88,382",PCEPI,2024-08-30
2008-03-01,"88,635",PCEPI,2024-08-30
2008-04-01,"88,799",PCEPI,2024-08-30
2008-05-01,"89,18",PCEPI,2024-08-30
2008-06-01,"89,827",PCEPI,2024-08-30
2008-07-01,"90,245",PCEPI,2024-08-30
2008-08-01,"90,172",PCEPI,2024-08-30
2008-09-01,"90,247",PCEPI,2024-08-30
2008-10-01,"89,651",PCEPI,2024-08-30
2008-11-01,"88,593",PCEPI,2024-08-30
2008-12-01,"88,098",PCEPI,2024-08-30
2009-01-01,"88,108",PCEPI,2024-08-30
2009-02-01,"88,266",PCEPI,2024-08-30
2009-03-01,"88,169",PCEPI,2024-08-30
2009-04-01,"88,295",PCEPI,2024-08-30
2009-05-01,"88,387",PCEPI,2024-08-30
2009-06-01,"88,912",PCEPI,2024-08-30
2009-07-01,"88,922",PCEPI,2024-08-30
2009-08-01,"89,18",PCEPI,2024-08-30
2009-09-01,"89,324",PCEPI,2024-08-30
2009-10-01,"89,663",PCEPI,2024-08-30
2009-11-01,"89,887",PCEPI,2024-08-30
2009-12-01,"89,939",PCEPI,2024-08-30
2010-01-01,"90,136",PCEPI,2024-08-30
2010-02-01,"90,134",PCEPI,2024-08-30
2010-03-01,"90,261",PCEPI,2024-08-30
2010-04-01,"90,31",PCEPI,2024-08-30
2010-05-01,"90,339",PCEPI,2024-08-30
2010-06-01,"90,301",PCEPI,2024-08-30
2010-07-01,"90,378",PCEPI,2024-08-30
2010-08-01,"90,502",PCEPI,2024-08-30
2010-09-01,"90,592",PCEPI,2024-08-30
2010-10-01,"90,881",PCEPI,2024-08-30
2010-11-01,"91,062",PCEPI,2024-08-30
2010-12-01,"91,268",PCEPI,2024-08-30
2011-01-01,"91,542",PCEPI,2024-08-30
2011-02-01,"91,797",PCEPI,2024-08-30
2011-03-01,"92,166",PCEPI,2024-08-30
2011-04-01,"92,557",PCEPI,2024-08-30
2011-05-01,"92,838",PCEPI,2024-08-30
2011-06-01,"92,819",PCEPI,2024-08-30
2011-07-01,"92,977",PCEPI,2024-08-30
2011-08-01,"93,196",PCEPI,2024-08-30
2011-09-01,"93,327",PCEPI,2024-08-30
2011-10-01,"93,329",PCEPI,2024-08-30
2011-11-01,"93,52",PCEPI,2024-08-30
2011-12-01,"93,574",PCEPI,2024-08-30
2012-01-01,"93,894",PCEPI,2024-08-30
2012-02-01,"94,104",PCEPI,2024-08-30
2012-03-01,"94,284",PCEPI,2024-08-30
2012-04-01,"94,408",PCEPI,2024-08-30
2012-05-01,"94,302",PCEPI,2024-08-30
2012-06-01,"94,254",PCEPI,2024-08-30
2012-07-01,"94,288",PCEPI,2024-08-30
2012-08-01,"94,605",PCEPI,2024-08-30
2012-09-01,"94,893",PCEPI,2024-08-30
2012-10-01,"95,174",PCEPI,2024-08-30
2012-11-01,"95,109",PCEPI,2024-08-30
2012-12-01,"95,094",PCEPI,2024-08-30
2013-01-01,"95,275",PCEPI,2024-08-30
2013-02-01,"95,614",PCEPI,2024-08-30
2013-03-01,"95,488",PCEPI,2024-08-30
2013-04-01,"95,391",PCEPI,2024-08-30
2013-05-01,"95,461",PCEPI,2024-08-30
2013-06-01,"95,673",PCEPI,2024-08-30
2013-07-01,"95,792",PCEPI,2024-08-30
2013-08-01,"95,934",PCEPI,2024-08-30
2013-09-01,"95,976",PCEPI,2024-08-30
2013-10-01,"96,103",PCEPI,2024-08-30
2013-11-01,"96,246",PCEPI,2024-08-30
2013-12-01,"96,414",PCEPI,2024-08-30
2014-01-01,"96,614",PCEPI,2024-08-30
2014-02-01,"96,66",PCEPI,2024-08-30
2014-03-01,"96,815",PCEPI,2024-08-30
2014-04-01,"96,987",PCEPI,2024-08-30
2014-05-01,"97,147",PCEPI,2024-08-30
2014-06-01,"97,253",PCEPI,2024-08-30
2014-07-01,"97,391",PCEPI,2024-08-30
2014-08-01,"97,379",PCEPI,2024-08-30
2014-09-01,"97,413",PCEPI,2024-08-30
2014-10-01,"97,384",PCEPI,2024-08-30
2014-11-01,"97,291",PCEPI,2024-08-30
2014-12-01,"97,12",PCEPI,2024-08-30
2015-01-01,"96,654",PCEPI,2024-08-30
2015-02-01,"96,825",PCEPI,2024-08-30
2015-03-01,"97,008",PCEPI,2024-08-30
2015-04-01,"97,094",PCEPI,2024-08-30
2015-05-01,"97,327",PCEPI,2024-08-30
2015-06-01,"97,516",PCEPI,2024-08-30
2015-07-01,"97,605",PCEPI,2024-08-30
2015-08-01,"97,612",PCEPI,2024-08-30
2015-09-01,"97,477",PCEPI,2024-08-30
2015-10-01,"97,477",PCEPI,2024-08-30
2015-11-01,"97,538",PCEPI,2024-08-30
2015-12-01,"97,456",PCEPI,2024-08-30
2016-01-01,"97,496",PCEPI,2024-08-30
2016-02-01,"97,445",PCEPI,2024-08-30
2016-03-01,"97,673",PCEPI,2024-08-30
2016-04-01,"97,993",PCEPI,2024-08-30
2016-05-01,"98,153",PCEPI,2024-08-30
2016-06-01,"98,325",PCEPI,2024-08-30
2016-07-01,"98,342",PCEPI,2024-08-30
2016-08-01,"98,479",PCEPI,2024-08-30
2016-09-01,"98,666",PCEPI,2024-08-30
2016-10-01,"98,868",PCEPI,2024-08-30
2016-11-01,"98,901",PCEPI,2024-08-30
2016-12-01,"99,071",PCEPI,2024-08-30
2017-01-01,"99,451",PCEPI,2024-08-30
2017-02-01,"99,586",PCEPI,2024-08-30
2017-03-01,"99,535",PCEPI,2024-08-30
2017-04-01,"99,725",PCEPI,2024-08-30
2017-05-01,"99,682",PCEPI,2024-08-30
2017-06-01,"99,766",PCEPI,2024-08-30
2017-07-01,"99,803",PCEPI,2024-08-30
2017-08-01,"100,027",PCEPI,2024-08-30
2017-09-01,"100,4",PCEPI,2024-08-30
2017-10-01,"100,531",PCEPI,2024-08-30
2017-11-01,"100,675",PCEPI,2024-08-30
2017-12-01,"100,821",PCEPI,2024-08-30
2018-01-01,"101,199",PCEPI,2024-08-30
2018-02-01,"101,416",PCEPI,2024-08-30
2018-03-01,"101,524",PCEPI,2024-08-30
2018-04-01,"101,766",PCEPI,2024-08-30
2018-05-01,"101,941",PCEPI,2024-08-30
2018-06-01,"102,029",PCEPI,2024-08-30
2018-07-01,"102,137",PCEPI,2024-08-30
2018-08-01,"102,208",PCEPI,2024-08-30
2018-09-01,"102,418",PCEPI,2024-08-30
2018-10-01,"102,595",PCEPI,2024-08-30
2018-11-01,"102,63",PCEPI,2024-08-30
2018-12-01,"102,701",PCEPI,2024-08-30
2019-01-01,"102,714",PCEPI,2024-08-30
2019-02-01,"102,862",PCEPI,2024-08-30
2019-03-01,"103,056",PCEPI,2024-08-30
2019-04-01,"103,371",PCEPI,2024-08-30
2019-05-01,"103,426",PCEPI,2024-08-30
2019-06-01,"103,469",PCEPI,2024-08-30
2019-07-01,"103,608",PCEPI,2024-08-30
2019-08-01,"103,661",PCEPI,2024-08-30
2019-09-01,"103,754",PCEPI,2024-08-30
2019-10-01,"103,961",PCEPI,2024-08-30
2019-11-01,"103,997",PCEPI,2024-08-30
2019-12-01,"104,282",PCEPI,2024-08-30
2020-01-01,"104,458",PCEPI,2024-08-30
2020-02-01,"104,551",PCEPI,2024-08-30
2020-03-01,"104,238",PCEPI,2024-08-30
2020-04-01,"103,796",PCEPI,2024-08-30
2020-05-01,"103,89",PCEPI,2024-08-30
2020-06-01,"104,199",PCEPI,2024-08-30
2020-07-01,"104,541",PCEPI,2024-08-30
2020-08-01,"104,869",PCEPI,2024-08-30
2020-09-01,"105,048",PCEPI,2024-08-30
2020-10-01,"105,124",PCEPI,2024-08-30
2020-11-01,"105,197",PCEPI,2024-08-30
2020-12-01,"105,707",PCEPI,2024-08-30
2021-01-01,"106,145",PCEPI,2024-08-30
2021-02-01,"106,522",PCEPI,2024-08-30
2021-03-01,"107,066",PCEPI,2024-08-30
2021-04-01,"107,662",PCEPI,2024-08-30
2021-05-01,"108,207",PCEPI,2024-08-30
2021-06-01,"108,755",PCEPI,2024-08-30
2021-07-01,"109,28",PCEPI,2024-08-30
2021-08-01,"109,74",PCEPI,2024-08-30
2021-09-01,"110,096",PCEPI,2024-08-30
2021-10-01,"110,808",PCEPI,2024-08-30
2021-11-01,"111,494",PCEPI,2024-08-30
2021-12-01,"112,24",PCEPI,2024-08-30
2022-01-01,"112,829",PCEPI,2024-08-30
2022-02-01,"113,496",PCEPI,2024-08-30
2022-03-01,"114,446",PCEPI,2024-08-30
2022-04-01,"114,789",PCEPI,2024-08-30
2022-05-01,"115,446",PCEPI,2024-08-30
2022-06-01,"116,495",PCEPI,2024-08-30
2022-07-01,"116,511",PCEPI,2024-08-30
2022-08-01,"116,89",PCEPI,2024-08-30
2022-09-01,"117,314",PCEPI,2024-08-30
2022-10-01,"117,842",PCEPI,2024-08-30
2022-11-01,"118,104",PCEPI,2024-08-30
2022-12-01,"118,348",PCEPI,2024-08-30
2023-01-01,"119,011",PCEPI,2024-08-30
2023-02-01,"119,386",PCEPI,2024-08-30
2023-03-01,"119,53",PCEPI,2024-08-30
2023-04-01,"119,893",PCEPI,2024-08-30
2023-05-01,"120,02",PCEPI,2024-08-30
2023-06-01,"120,221",PCEPI,2024-08-30
2023-07-01,"120,373",PCEPI,2024-08-30
2023-08-01,"120,803",PCEPI,2024-08-30
2023-09-01,"121,267",PCEPI,2024-08-30
2023-10-01,"121,309",PCEPI,2024-08-30
2023-11-01,"121,296",PCEPI,2024-08-30
2023-12-01,"121,448",PCEPI,2024-08-30
2024-01-01,"121,966",PCEPI,2024-08-30
2024-02-01,"122,367",PCEPI,2024-08-30
2024-03-01,"122,782",PCEPI,2024-08-30
2024-04-01,"123,103",PCEPI,2024-08-30
2024-05-01,"123,112",PCEPI,2024-08-30
2024-06-01,"123,187",PCEPI,2024-08-30
2024-07-01,"123,378",PCEPI,2024-08-30
1959-01-01,"15,501",PCEPILFE,2024-08-30
1959-02-01,"15,513",PCEPILFE,2024-08-30
1959-03-01,"15,531",PCEPILFE,2024-08-30
1959-04-01,"15,57",PCEPILFE,2024-08-30
1959-05-01,"15,589",PCEPILFE,2024-08-30
1959-06-01,"15,635",PCEPILFE,2024-08-30
1959-07-01,"15,672",PCEPILFE,2024-08-30
1959-08-01,"15,697",PCEPILFE,2024-08-30
1959-09-01,"15,738",PCEPILFE,2024-08-30
1959-10-01,"15,765",PCEPILFE,2024-08-30
1959-11-01,"15,794",PCEPILFE,2024-08-30
1959-12-01,"15,818",PCEPILFE,2024-08-30
1960-01-01,"15,822",PCEPILFE,2024-08-30
1960-02-01,"15,852",PCEPILFE,2024-08-30
1960-03-01,"15,853",PCEPILFE,2024-08-30
1960-04-01,"15,882",PCEPILFE,2024-08-30
1960-05-01,"15,908",PCEPILFE,2024-08-30
1960-06-01,"15,917",PCEPILFE,2024-08-30
1960-07-01,"15,945",PCEPILFE,2024-08-30
1960-08-01,"15,968",PCEPILFE,2024-08-30
1960-09-01,"15,981",PCEPILFE,2024-08-30
1960-10-01,"15,99",PCEPILFE,2024-08-30
1960-11-01,"16,033",PCEPILFE,2024-08-30
1960-12-01,"16,028",PCEPILFE,2024-08-30
1961-01-01,"16,032",PCEPILFE,2024-08-30
1961-02-01,"16,048",PCEPILFE,2024-08-30
1961-03-01,"16,053",PCEPILFE,2024-08-30
1961-04-01,"16,075",PCEPILFE,2024-08-30
1961-05-01,"16,096",PCEPILFE,2024-08-30
1961-06-01,"16,12",PCEPILFE,2024-08-30
1961-07-01,"16,145",PCEPILFE,2024-08-30
1961-08-01,"16,162",PCEPILFE,2024-08-30
1961-09-01,"16,194",PCEPILFE,2024-08-30
1961-10-01,"16,199",PCEPILFE,2024-08-30
1961-11-01,"16,202",PCEPILFE,2024-08-30
1961-12-01,"16,216",PCEPILFE,2024-08-30
1962-01-01,"16,235",PCEPILFE,2024-08-30
1962-02-01,"16,262",PCEPILFE,2024-08-30
1962-03-01,"16,3",PCEPILFE,2024-08-30
1962-04-01,"16,303",PCEPILFE,2024-08-30
1962-05-01,"16,326",PCEPILFE,2024-08-30
1962-06-01,"16,356",PCEPILFE,2024-08-30
1962-07-01,"16,37",PCEPILFE,2024-08-30
1962-08-01,"16,372",PCEPILFE,2024-08-30
1962-09-01,"16,404",PCEPILFE,2024-08-30
1962-10-01,"16,403",PCEPILFE,2024-08-30
1962-11-01,"16,415",PCEPILFE,2024-08-30
1962-12-01,"16,42",PCEPILFE,2024-08-30
1963-01-01,"16,451",PCEPILFE,2024-08-30
1963-02-01,"16,47",PCEPILFE,2024-08-30
1963-03-01,"16,48",PCEPILFE,2024-08-30
1963-04-01,"16,5",PCEPILFE,2024-08-30
1963-05-01,"16,53",PCEPILFE,2024-08-30
1963-06-01,"16,558",PCEPILFE,2024-08-30
1963-07-01,"16,573",PCEPILFE,2024-08-30
1963-08-01,"16,588",PCEPILFE,2024-08-30
1963-09-01,"16,618",PCEPILFE,2024-08-30
1963-10-01,"16,655",PCEPILFE,2024-08-30
1963-11-01,"16,67",PCEPILFE,2024-08-30
1963-12-01,"16,694",PCEPILFE,2024-08-30
1964-01-01,"16,717",PCEPILFE,2024-08-30
1964-02-01,"16,749",PCEPILFE,2024-08-30
1964-03-01,"16,765",PCEPILFE,2024-08-30
1964-04-01,"16,78",PCEPILFE,2024-08-30
1964-05-01,"16,794",PCEPILFE,2024-08-30
1964-06-01,"16,806",PCEPILFE,2024-08-30
1964-07-01,"16,823",PCEPILFE,2024-08-30
1964-08-01,"16,845",PCEPILFE,2024-08-30
1964-09-01,"16,852",PCEPILFE,2024-08-30
1964-10-01,"16,859",PCEPILFE,2024-08-30
1964-11-01,"16,883",PCEPILFE,2024-08-30
1964-12-01,"16,907",PCEPILFE,2024-08-30
1965-01-01,"16,93",PCEPILFE,2024-08-30
1965-02-01,"16,95",PCEPILFE,2024-08-30
1965-03-01,"16,96",PCEPILFE,2024-08-30
1965-04-01,"16,98",PCEPILFE,2024-08-30
1965-05-01,"17,011",PCEPILFE,2024-08-30
1965-06-01,"17,007",PCEPILFE,2024-08-30
1965-07-01,"17,024",PCEPILFE,2024-08-30
1965-08-01,"17,056",PCEPILFE,2024-08-30
1965-09-01,"17,076",PCEPILFE,2024-08-30
1965-10-01,"17,07",PCEPILFE,2024-08-30
1965-11-01,"17,102",PCEPILFE,2024-08-30
1965-12-01,"17,154",PCEPILFE,2024-08-30
1966-01-01,"17,159",PCEPILFE,2024-08-30
1966-02-01,"17,201",PCEPILFE,2024-08-30
1966-03-01,"17,223",PCEPILFE,2024-08-30
1966-04-01,"17,285",PCEPILFE,2024-08-30
1966-05-01,"17,331",PCEPILFE,2024-08-30
1966-06-01,"17,387",PCEPILFE,2024-08-30
1966-07-01,"17,438",PCEPILFE,2024-08-30
1966-08-01,"17,47",PCEPILFE,2024-08-30
1966-09-01,"17,524",PCEPILFE,2024-08-30
1966-10-01,"17,581",PCEPILFE,2024-08-30
1966-11-01,"17,625",PCEPILFE,2024-08-30
1966-12-01,"17,679",PCEPILFE,2024-08-30
1967-01-01,"17,695",PCEPILFE,2024-08-30
1967-02-01,"17,727",PCEPILFE,2024-08-30
1967-03-01,"17,754",PCEPILFE,2024-08-30
1967-04-01,"17,803",PCEPILFE,2024-08-30
1967-05-01,"17,842",PCEPILFE,2024-08-30
1967-06-01,"17,887",PCEPILFE,2024-08-30
1967-07-01,"17,948",PCEPILFE,2024-08-30
1967-08-01,"18,003",PCEPILFE,2024-08-30
1967-09-01,"18,067",PCEPILFE,2024-08-30
1967-10-01,"18,134",PCEPILFE,2024-08-30
1967-11-01,"18,192",PCEPILFE,2024-08-30
1967-12-01,"18,237",PCEPILFE,2024-08-30
1968-01-01,"18,318",PCEPILFE,2024-08-30
1968-02-01,"18,397",PCEPILFE,2024-08-30
1968-03-01,"18,47",PCEPILFE,2024-08-30
1968-04-01,"18,538",PCEPILFE,2024-08-30
1968-05-01,"18,608",PCEPILFE,2024-08-30
1968-06-01,"18,681",PCEPILFE,2024-08-30
1968-07-01,"18,743",PCEPILFE,2024-08-30
1968-08-01,"18,816",PCEPILFE,2024-08-30
1968-09-01,"18,892",PCEPILFE,2024-08-30
1968-10-01,"18,969",PCEPILFE,2024-08-30
1968-11-01,"19,041",PCEPILFE,2024-08-30
1968-12-01,"19,098",PCEPILFE,2024-08-30
1969-01-01,"19,17",PCEPILFE,2024-08-30
1969-02-01,"19,236",PCEPILFE,2024-08-30
1969-03-01,"19,326",PCEPILFE,2024-08-30
1969-04-01,"19,4",PCEPILFE,2024-08-30
1969-05-01,"19,478",PCEPILFE,2024-08-30
1969-06-01,"19,545",PCEPILFE,2024-08-30
1969-07-01,"19,636",PCEPILFE,2024-08-30
1969-08-01,"19,691",PCEPILFE,2024-08-30
1969-09-01,"19,77",PCEPILFE,2024-08-30
1969-10-01,"19,855",PCEPILFE,2024-08-30
1969-11-01,"19,931",PCEPILFE,2024-08-30
1969-12-01,"20,005",PCEPILFE,2024-08-30
1970-01-01,"20,071",PCEPILFE,2024-08-30
1970-02-01,"20,148",PCEPILFE,2024-08-30
1970-03-01,"20,223",PCEPILFE,2024-08-30
1970-04-01,"20,303",PCEPILFE,2024-08-30
1970-05-01,"20,375",PCEPILFE,2024-08-30
1970-06-01,"20,448",PCEPILFE,2024-08-30
1970-07-01,"20,526",PCEPILFE,2024-08-30
1970-08-01,"20,597",PCEPILFE,2024-08-30
1970-09-01,"20,683",PCEPILFE,2024-08-30
1970-10-01,"20,785",PCEPILFE,2024-08-30
1970-11-01,"20,892",PCEPILFE,2024-08-30
1970-12-01,"20,997",PCEPILFE,2024-08-30
1971-01-01,"21,08",PCEPILFE,2024-08-30
1971-02-01,"21,16",PCEPILFE,2024-08-30
1971-03-01,"21,228",PCEPILFE,2024-08-30
1971-04-01,"21,307",PCEPILFE,2024-08-30
1971-05-01,"21,4",PCEPILFE,2024-08-30
1971-06-01,"21,485",PCEPILFE,2024-08-30
1971-07-01,"21,567",PCEPILFE,2024-08-30
1971-08-01,"21,597",PCEPILFE,2024-08-30
1971-09-01,"21,633",PCEPILFE,2024-08-30
1971-10-01,"21,667",PCEPILFE,2024-08-30
1971-11-01,"21,716",PCEPILFE,2024-08-30
1971-12-01,"21,784",PCEPILFE,2024-08-30
1972-01-01,"21,877",PCEPILFE,2024-08-30
1972-02-01,"21,936",PCEPILFE,2024-08-30
1972-03-01,"21,979",PCEPILFE,2024-08-30
1972-04-01,"22,03",PCEPILFE,2024-08-30
1972-05-01,"22,081",PCEPILFE,2024-08-30
1972-06-01,"22,126",PCEPILFE,2024-08-30
1972-07-01,"22,189",PCEPILFE,2024-08-30
1972-08-01,"22,236",PCEPILFE,2024-08-30
1972-09-01,"22,31",PCEPILFE,2024-08-30
1972-10-01,"22,323",PCEPILFE,2024-08-30
1972-11-01,"22,382",PCEPILFE,2024-08-30
1972-12-01,"22,449",PCEPILFE,2024-08-30
1973-01-01,"22,463",PCEPILFE,2024-08-30
1973-02-01,"22,534",PCEPILFE,2024-08-30
1973-03-01,"22,625",PCEPILFE,2024-08-30
1973-04-01,"22,756",PCEPILFE,2024-08-30
1973-05-01,"22,844",PCEPILFE,2024-08-30
1973-06-01,"22,943",PCEPILFE,2024-08-30
1973-07-01,"23,041",PCEPILFE,2024-08-30
1973-08-01,"23,148",PCEPILFE,2024-08-30
1973-09-01,"23,265",PCEPILFE,2024-08-30
1973-10-01,"23,355",PCEPILFE,2024-08-30
1973-11-01,"23,468",PCEPILFE,2024-08-30
1973-12-01,"23,598",PCEPILFE,2024-08-30
1974-01-01,"23,714",PCEPILFE,2024-08-30
1974-02-01,"23,865",PCEPILFE,2024-08-30
1974-03-01,"24,051",PCEPILFE,2024-08-30
1974-04-01,"24,231",PCEPILFE,2024-08-30
1974-05-01,"24,464",PCEPILFE,2024-08-30
1974-06-01,"24,715",PCEPILFE,2024-08-30
1974-07-01,"24,934",PCEPILFE,2024-08-30
1974-08-01,"25,174",PCEPILFE,2024-08-30
1974-09-01,"25,4",PCEPILFE,2024-08-30
1974-10-01,"25,599",PCEPILFE,2024-08-30
1974-11-01,"25,786",PCEPILFE,2024-08-30
1974-12-01,"25,968",PCEPILFE,2024-08-30
1975-01-01,"26,119",PCEPILFE,2024-08-30
1975-02-01,"26,304",PCEPILFE,2024-08-30
1975-03-01,"26,441",PCEPILFE,2024-08-30
1975-04-01,"26,57",PCEPILFE,2024-08-30
1975-05-01,"26,683",PCEPILFE,2024-08-30
1975-06-01,"26,813",PCEPILFE,2024-08-30
1975-07-01,"26,978",PCEPILFE,2024-08-30
1975-08-01,"27,071",PCEPILFE,2024-08-30
1975-09-01,"27,218",PCEPILFE,2024-08-30
1975-10-01,"27,354",PCEPILFE,2024-08-30
1975-11-01,"27,535",PCEPILFE,2024-08-30
1975-12-01,"27,702",PCEPILFE,2024-08-30
1976-01-01,"27,844",PCEPILFE,2024-08-30
1976-02-01,"27,955",PCEPILFE,2024-08-30
1976-03-01,"28,047",PCEPILFE,2024-08-30
1976-04-01,"28,157",PCEPILFE,2024-08-30
1976-05-01,"28,29",PCEPILFE,2024-08-30
1976-06-01,"28,405",PCEPILFE,2024-08-30
1976-07-01,"28,561",PCEPILFE,2024-08-30
1976-08-01,"28,726",PCEPILFE,2024-08-30
1976-09-01,"28,894",PCEPILFE,2024-08-30
1976-10-01,"29,036",PCEPILFE,2024-08-30
1976-11-01,"29,168",PCEPILFE,2024-08-30
1976-12-01,"29,326",PCEPILFE,2024-08-30
1977-01-01,"29,505",PCEPILFE,2024-08-30
1977-02-01,"29,686",PCEPILFE,2024-08-30
1977-03-01,"29,812",PCEPILFE,2024-08-30
1977-04-01,"29,959",PCEPILFE,2024-08-30
1977-05-01,"30,112",PCEPILFE,2024-08-30
1977-06-01,"30,292",PCEPILFE,2024-08-30
1977-07-01,"30,479",PCEPILFE,2024-08-30
1977-08-01,"30,629",PCEPILFE,2024-08-30
1977-09-01,"30,758",PCEPILFE,2024-08-30
1977-10-01,"30,907",PCEPILFE,2024-08-30
1977-11-01,"31,067",PCEPILFE,2024-08-30
1977-12-01,"31,227",PCEPILFE,2024-08-30
1978-01-01,"31,414",PCEPILFE,2024-08-30
1978-02-01,"31,535",PCEPILFE,2024-08-30
1978-03-01,"31,706",PCEPILFE,2024-08-30
1978-04-01,"31,911",PCEPILFE,2024-08-30
1978-05-01,"32,099",PCEPILFE,2024-08-30
1978-06-01,"32,278",PCEPILFE,2024-08-30
1978-07-01,"32,468",PCEPILFE,2024-08-30
1978-08-01,"32,642",PCEPILFE,2024-08-30
1978-09-01,"32,83",PCEPILFE,2024-08-30
1978-10-01,"33,071",PCEPILFE,2024-08-30
1978-11-01,"33,249",PCEPILFE,2024-08-30
1978-12-01,"33,378",PCEPILFE,2024-08-30
1979-01-01,"33,549",PCEPILFE,2024-08-30
1979-02-01,"33,659",PCEPILFE,2024-08-30
1979-03-01,"33,852",PCEPILFE,2024-08-30
1979-04-01,"34,165",PCEPILFE,2024-08-30
1979-05-01,"34,462",PCEPILFE,2024-08-30
1979-06-01,"34,655",PCEPILFE,2024-08-30
1979-07-01,"34,829",PCEPILFE,2024-08-30
1979-08-01,"35,06",PCEPILFE,2024-08-30
1979-09-01,"35,299",PCEPILFE,2024-08-30
1979-10-01,"35,557",PCEPILFE,2024-08-30
1979-11-01,"35,784",PCEPILFE,2024-08-30
1979-12-01,"36,041",PCEPILFE,2024-08-30
1980-01-01,"36,315",PCEPILFE,2024-08-30
1980-02-01,"36,677",PCEPILFE,2024-08-30
1980-03-01,"37,017",PCEPILFE,2024-08-30
1980-04-01,"37,207",PCEPILFE,2024-08-30
1980-05-01,"37,507",PCEPILFE,2024-08-30
1980-06-01,"37,756",PCEPILFE,2024-08-30
1980-07-01,"38,021",PCEPILFE,2024-08-30
1980-08-01,"38,296",PCEPILFE,2024-08-30
1980-09-01,"38,657",PCEPILFE,2024-08-30
1980-10-01,"38,975",PCEPILFE,2024-08-30
1980-11-01,"39,282",PCEPILFE,2024-08-30
1980-12-01,"39,518",PCEPILFE,2024-08-30
1981-01-01,"39,861",PCEPILFE,2024-08-30
1981-02-01,"40,152",PCEPILFE,2024-08-30
1981-03-01,"40,375",PCEPILFE,2024-08-30
1981-04-01,"40,633",PCEPILFE,2024-08-30
1981-05-01,"40,913",PCEPILFE,2024-08-30
1981-06-01,"41,117",PCEPILFE,2024-08-30
1981-07-01,"41,365",PCEPILFE,2024-08-30
1981-08-01,"41,642",PCEPILFE,2024-08-30
1981-09-01,"41,915",PCEPILFE,2024-08-30
1981-10-01,"42,165",PCEPILFE,2024-08-30
1981-11-01,"42,411",PCEPILFE,2024-08-30
1981-12-01,"42,568",PCEPILFE,2024-08-30
1982-01-01,"42,829",PCEPILFE,2024-08-30
1982-02-01,"42,994",PCEPILFE,2024-08-30
1982-03-01,"43,182",PCEPILFE,2024-08-30
1982-04-01,"43,353",PCEPILFE,2024-08-30
1982-05-01,"43,589",PCEPILFE,2024-08-30
1982-06-01,"43,808",PCEPILFE,2024-08-30
1982-07-01,"44,092",PCEPILFE,2024-08-30
1982-08-01,"44,295",PCEPILFE,2024-08-30
1982-09-01,"44,459",PCEPILFE,2024-08-30
1982-10-01,"44,741",PCEPILFE,2024-08-30
1982-11-01,"44,906",PCEPILFE,2024-08-30
1982-12-01,"45,049",PCEPILFE,2024-08-30
1983-01-01,"45,357",PCEPILFE,2024-08-30
1983-02-01,"45,525",PCEPILFE,2024-08-30
1983-03-01,"45,583",PCEPILFE,2024-08-30
1983-04-01,"45,721",PCEPILFE,2024-08-30
1983-05-01,"45,787",PCEPILFE,2024-08-30
1983-06-01,"46,001",PCEPILFE,2024-08-30
1983-07-01,"46,311",PCEPILFE,2024-08-30
1983-08-01,"46,55",PCEPILFE,2024-08-30
1983-09-01,"46,738",PCEPILFE,2024-08-30
1983-10-01,"46,821",PCEPILFE,2024-08-30
1983-11-01,"46,93",PCEPILFE,2024-08-30
1983-12-01,"46,965",PCEPILFE,2024-08-30
1984-01-01,"47,121",PCEPILFE,2024-08-30
1984-02-01,"47,418",PCEPILFE,2024-08-30
1984-03-01,"47,598",PCEPILFE,2024-08-30
1984-04-01,"47,822",PCEPILFE,2024-08-30
1984-05-01,"47,933",PCEPILFE,2024-08-30
1984-06-01,"48,046",PCEPILFE,2024-08-30
1984-07-01,"48,253",PCEPILFE,2024-08-30
1984-08-01,"48,412",PCEPILFE,2024-08-30
1984-09-01,"48,486",PCEPILFE,2024-08-30
1984-10-01,"48,595",PCEPILFE,2024-08-30
1984-11-01,"48,698",PCEPILFE,2024-08-30
1984-12-01,"48,891",PCEPILFE,2024-08-30
1985-01-01,"49,165",PCEPILFE,2024-08-30
1985-02-01,"49,42",PCEPILFE,2024-08-30
1985-03-01,"49,593",PCEPILFE,2024-08-30
1985-04-01,"49,652",PCEPILFE,2024-08-30
1985-05-01,"49,823",PCEPILFE,2024-08-30
1985-06-01,"49,988",PCEPILFE,2024-08-30
1985-07-01,"50,134",PCEPILFE,2024-08-30
1985-08-01,"50,38",PCEPILFE,2024-08-30
1985-09-01,"50,484",PCEPILFE,2024-08-30
1985-10-01,"50,565",PCEPILFE,2024-08-30
1985-11-01,"50,689",PCEPILFE,2024-08-30
1985-12-01,"50,827",PCEPILFE,2024-08-30
1986-01-01,"51,101",PCEPILFE,2024-08-30
1986-02-01,"51,233",PCEPILFE,2024-08-30
1986-03-01,"51,389",PCEPILFE,2024-08-30
1986-04-01,"51,482",PCEPILFE,2024-08-30
1986-05-01,"51,57",PCEPILFE,2024-08-30
1986-06-01,"51,725",PCEPILFE,2024-08-30
1986-07-01,"51,819",PCEPILFE,2024-08-30
1986-08-01,"51,925",PCEPILFE,2024-08-30
1986-09-01,"52,096",PCEPILFE,2024-08-30
1986-10-01,"52,273",PCEPILFE,2024-08-30
1986-11-01,"52,384",PCEPILFE,2024-08-30
1986-12-01,"52,452",PCEPILFE,2024-08-30
1987-01-01,"52,578",PCEPILFE,2024-08-30
1987-02-01,"52,685",PCEPILFE,2024-08-30
1987-03-01,"52,841",PCEPILFE,2024-08-30
1987-04-01,"53,065",PCEPILFE,2024-08-30
1987-05-01,"53,214",PCEPILFE,2024-08-30
1987-06-01,"53,36",PCEPILFE,2024-08-30
1987-07-01,"53,498",PCEPILFE,2024-08-30
1987-08-01,"53,679",PCEPILFE,2024-08-30
1987-09-01,"53,892",PCEPILFE,2024-08-30
1987-10-01,"54,122",PCEPILFE,2024-08-30
1987-11-01,"54,235",PCEPILFE,2024-08-30
1987-12-01,"54,349",PCEPILFE,2024-08-30
1988-01-01,"54,606",PCEPILFE,2024-08-30
1988-02-01,"54,718",PCEPILFE,2024-08-30
1988-03-01,"54,952",PCEPILFE,2024-08-30
1988-04-01,"55,219",PCEPILFE,2024-08-30
1988-05-01,"55,407",PCEPILFE,2024-08-30
1988-06-01,"55,641",PCEPILFE,2024-08-30
1988-07-01,"55,868",PCEPILFE,2024-08-30
1988-08-01,"56,007",PCEPILFE,2024-08-30
1988-09-01,"56,307",PCEPILFE,2024-08-30
1988-10-01,"56,521",PCEPILFE,2024-08-30
1988-11-01,"56,676",PCEPILFE,2024-08-30
1988-12-01,"56,864",PCEPILFE,2024-08-30
1989-01-01,"57,152",PCEPILFE,2024-08-30
1989-02-01,"57,297",PCEPILFE,2024-08-30
1989-03-01,"57,468",PCEPILFE,2024-08-30
1989-04-01,"57,661",PCEPILFE,2024-08-30
1989-05-01,"57,833",PCEPILFE,2024-08-30
1989-06-01,"57,987",PCEPILFE,2024-08-30
1989-07-01,"58,136",PCEPILFE,2024-08-30
1989-08-01,"58,217",PCEPILFE,2024-08-30
1989-09-01,"58,419",PCEPILFE,2024-08-30
1989-10-01,"58,631",PCEPILFE,2024-08-30
1989-11-01,"58,787",PCEPILFE,2024-08-30
1989-12-01,"58,954",PCEPILFE,2024-08-30
1990-01-01,"59,181",PCEPILFE,2024-08-30
1990-02-01,"59,468",PCEPILFE,2024-08-30
1990-03-01,"59,754",PCEPILFE,2024-08-30
1990-04-01,"59,932",PCEPILFE,2024-08-30
1990-05-01,"60,115",PCEPILFE,2024-08-30
1990-06-01,"60,349",PCEPILFE,2024-08-30
1990-07-01,"60,501",PCEPILFE,2024-08-30
1990-08-01,"60,753",PCEPILFE,2024-08-30
1990-09-01,"60,965",PCEPILFE,2024-08-30
1990-10-01,"61,172",PCEPILFE,2024-08-30
1990-11-01,"61,246",PCEPILFE,2024-08-30
1990-12-01,"61,331",PCEPILFE,2024-08-30
1991-01-01,"61,637",PCEPILFE,2024-08-30
1991-02-01,"61,807",PCEPILFE,2024-08-30
1991-03-01,"61,936",PCEPILFE,2024-08-30
1991-04-01,"62,06",PCEPILFE,2024-08-30
1991-05-01,"62,307",PCEPILFE,2024-08-30
1991-06-01,"62,442",PCEPILFE,2024-08-30
1991-07-01,"62,632",PCEPILFE,2024-08-30
1991-08-01,"62,804",PCEPILFE,2024-08-30
1991-09-01,"63,055",PCEPILFE,2024-08-30
1991-10-01,"63,194",PCEPILFE,2024-08-30
1991-11-01,"63,312",PCEPILFE,2024-08-30
1991-12-01,"63,468",PCEPILFE,2024-08-30
1992-01-01,"63,641",PCEPILFE,2024-08-30
1992-02-01,"63,814",PCEPILFE,2024-08-30
1992-03-01,"63,973",PCEPILFE,2024-08-30
1992-04-01,"64,183",PCEPILFE,2024-08-30
1992-05-01,"64,273",PCEPILFE,2024-08-30
1992-06-01,"64,323",PCEPILFE,2024-08-30
1992-07-01,"64,566",PCEPILFE,2024-08-30
1992-08-01,"64,625",PCEPILFE,2024-08-30
1992-09-01,"64,73",PCEPILFE,2024-08-30
1992-10-01,"64,979",PCEPILFE,2024-08-30
1992-11-01,"65,121",PCEPILFE,2024-08-30
1992-12-01,"65,242",PCEPILFE,2024-08-30
1993-01-01,"65,432",PCEPILFE,2024-08-30
1993-02-01,"65,557",PCEPILFE,2024-08-30
1993-03-01,"65,7",PCEPILFE,2024-08-30
1993-04-01,"65,891",PCEPILFE,2024-08-30
1993-05-01,"66,114",PCEPILFE,2024-08-30
1993-06-01,"66,177",PCEPILFE,2024-08-30
1993-07-01,"66,314",PCEPILFE,2024-08-30
1993-08-01,"66,438",PCEPILFE,2024-08-30
1993-09-01,"66,538",PCEPILFE,2024-08-30
1993-10-01,"66,647",PCEPILFE,2024-08-30
1993-11-01,"66,819",PCEPILFE,2024-08-30
1993-12-01,"66,849",PCEPILFE,2024-08-30
1994-01-01,"66,902",PCEPILFE,2024-08-30
1994-02-01,"67,047",PCEPILFE,2024-08-30
1994-03-01,"67,275",PCEPILFE,2024-08-30
1994-04-01,"67,376",PCEPILFE,2024-08-30
1994-05-01,"67,526",PCEPILFE,2024-08-30
1994-06-01,"67,676",PCEPILFE,2024-08-30
1994-07-01,"67,818",PCEPILFE,2024-08-30
1994-08-01,"67,894",PCEPILFE,2024-08-30
1994-09-01,"67,997",PCEPILFE,2024-08-30
1994-10-01,"68,157",PCEPILFE,2024-08-30
1994-11-01,"68,282",PCEPILFE,2024-08-30
1994-12-01,"68,305",PCEPILFE,2024-08-30
1995-01-01,"68,475",PCEPILFE,2024-08-30
1995-02-01,"68,587",PCEPILFE,2024-08-30
1995-03-01,"68,755",PCEPILFE,2024-08-30
1995-04-01,"68,915",PCEPILFE,2024-08-30
1995-05-01,"69,032",PCEPILFE,2024-08-30
1995-06-01,"69,092",PCEPILFE,2024-08-30
1995-07-01,"69,201",PCEPILFE,2024-08-30
1995-08-01,"69,367",PCEPILFE,2024-08-30
1995-09-01,"69,458",PCEPILFE,2024-08-30
1995-10-01,"69,627",PCEPILFE,2024-08-30
1995-11-01,"69,672",PCEPILFE,2024-08-30
1995-12-01,"69,77",PCEPILFE,2024-08-30
1996-01-01,"69,849",PCEPILFE,2024-08-30
1996-02-01,"69,94",PCEPILFE,2024-08-30
1996-03-01,"70,102",PCEPILFE,2024-08-30
1996-04-01,"70,197",PCEPILFE,2024-08-30
1996-05-01,"70,319",PCEPILFE,2024-08-30
1996-06-01,"70,373",PCEPILFE,2024-08-30
1996-07-01,"70,505",PCEPILFE,2024-08-30
1996-08-01,"70,566",PCEPILFE,2024-08-30
1996-09-01,"70,78",PCEPILFE,2024-08-30
1996-10-01,"70,948",PCEPILFE,2024-08-30
1996-11-01,"71,041",PCEPILFE,2024-08-30
1996-12-01,"71,068",PCEPILFE,2024-08-30
1997-01-01,"71,144",PCEPILFE,2024-08-30
1997-02-01,"71,29",PCEPILFE,2024-08-30
1997-03-01,"71,46",PCEPILFE,2024-08-30
1997-04-01,"71,6",PCEPILFE,2024-08-30
1997-05-01,"71,652",PCEPILFE,2024-08-30
1997-06-01,"71,758",PCEPILFE,2024-08-30
1997-07-01,"71,807",PCEPILFE,2024-08-30
1997-08-01,"71,778",PCEPILFE,2024-08-30
1997-09-01,"71,927",PCEPILFE,2024-08-30
1997-10-01,"72,036",PCEPILFE,2024-08-30
1997-11-01,"72,058",PCEPILFE,2024-08-30
1997-12-01,"72,1",PCEPILFE,2024-08-30
1998-01-01,"72,21",PCEPILFE,2024-08-30
1998-02-01,"72,272",PCEPILFE,2024-08-30
1998-03-01,"72,349",PCEPILFE,2024-08-30
1998-04-01,"72,482",PCEPILFE,2024-08-30
1998-05-01,"72,552",PCEPILFE,2024-08-30
1998-06-01,"72,461",PCEPILFE,2024-08-30
1998-07-01,"72,665",PCEPILFE,2024-08-30
1998-08-01,"72,807",PCEPILFE,2024-08-30
1998-09-01,"72,795",PCEPILFE,2024-08-30
1998-10-01,"72,937",PCEPILFE,2024-08-30
1998-11-01,"72,95",PCEPILFE,2024-08-30
1998-12-01,"73,076",PCEPILFE,2024-08-30
1999-01-01,"73,18",PCEPILFE,2024-08-30
1999-02-01,"73,155",PCEPILFE,2024-08-30
1999-03-01,"73,177",PCEPILFE,2024-08-30
1999-04-01,"73,365",PCEPILFE,2024-08-30
1999-05-01,"73,435",PCEPILFE,2024-08-30
1999-06-01,"73,474",PCEPILFE,2024-08-30
1999-07-01,"73,606",PCEPILFE,2024-08-30
1999-08-01,"73,642",PCEPILFE,2024-08-30
1999-09-01,"73,837",PCEPILFE,2024-08-30
1999-10-01,"73,963",PCEPILFE,2024-08-30
1999-11-01,"74,034",PCEPILFE,2024-08-30
1999-12-01,"74,128",PCEPILFE,2024-08-30
2000-01-01,"74,306",PCEPILFE,2024-08-30
2000-02-01,"74,415",PCEPILFE,2024-08-30
2000-03-01,"74,568",PCEPILFE,2024-08-30
2000-04-01,"74,617",PCEPILFE,2024-08-30
2000-05-01,"74,697",PCEPILFE,2024-08-30
2000-06-01,"74,754",PCEPILFE,2024-08-30
2000-07-01,"74,925",PCEPILFE,2024-08-30
2000-08-01,"75,021",PCEPILFE,2024-08-30
2000-09-01,"75,203",PCEPILFE,2024-08-30
2000-10-01,"75,308",PCEPILFE,2024-08-30
2000-11-01,"75,441",PCEPILFE,2024-08-30
2000-12-01,"75,515",PCEPILFE,2024-08-30
2001-01-01,"75,796",PCEPILFE,2024-08-30
2001-02-01,"75,93",PCEPILFE,2024-08-30
2001-03-01,"76,009",PCEPILFE,2024-08-30
2001-04-01,"76,13",PCEPILFE,2024-08-30
2001-05-01,"76,148",PCEPILFE,2024-08-30
2001-06-01,"76,318",PCEPILFE,2024-08-30
2001-07-01,"76,515",PCEPILFE,2024-08-30
2001-08-01,"76,553",PCEPILFE,2024-08-30
2001-09-01,"76,118",PCEPILFE,2024-08-30
2001-10-01,"76,654",PCEPILFE,2024-08-30
2001-11-01,"76,81",PCEPILFE,2024-08-30
2001-12-01,"76,828",PCEPILFE,2024-08-30
2002-01-01,"76,871",PCEPILFE,2024-08-30
2002-02-01,"77,018",PCEPILFE,2024-08-30
2002-03-01,"77,11",PCEPILFE,2024-08-30
2002-04-01,"77,325",PCEPILFE,2024-08-30
2002-05-01,"77,411",PCEPILFE,2024-08-30
2002-06-01,"77,534",PCEPILFE,2024-08-30
2002-07-01,"77,692",PCEPILFE,2024-08-30
2002-08-01,"77,845",PCEPILFE,2024-08-30
2002-09-01,"77,972",PCEPILFE,2024-08-30
2002-10-01,"78,038",PCEPILFE,2024-08-30
2002-11-01,"78,114",PCEPILFE,2024-08-30
2002-12-01,"78,187",PCEPILFE,2024-08-30
2003-01-01,"78,24",PCEPILFE,2024-08-30
2003-02-01,"78,348",PCEPILFE,2024-08-30
2003-03-01,"78,474",PCEPILFE,2024-08-30
2003-04-01,"78,561",PCEPILFE,2024-08-30
2003-05-01,"78,674",PCEPILFE,2024-08-30
2003-06-01,"78,718",PCEPILFE,2024-08-30
2003-07-01,"78,915",PCEPILFE,2024-08-30
2003-08-01,"79,004",PCEPILFE,2024-08-30
2003-09-01,"79,114",PCEPILFE,2024-08-30
2003-10-01,"79,26",PCEPILFE,2024-08-30
2003-11-01,"79,368",PCEPILFE,2024-08-30
2003-12-01,"79,467",PCEPILFE,2024-08-30
2004-01-01,"79,671",PCEPILFE,2024-08-30
2004-02-01,"79,8",PCEPILFE,2024-08-30
2004-03-01,"79,934",PCEPILFE,2024-08-30
2004-04-01,"80,142",PCEPILFE,2024-08-30
2004-05-01,"80,252",PCEPILFE,2024-08-30
2004-06-01,"80,379",PCEPILFE,2024-08-30
2004-07-01,"80,474",PCEPILFE,2024-08-30
2004-08-01,"80,505",PCEPILFE,2024-08-30
2004-09-01,"80,656",PCEPILFE,2024-08-30
2004-10-01,"80,831",PCEPILFE,2024-08-30
2004-11-01,"81,005",PCEPILFE,2024-08-30
2004-12-01,"81,109",PCEPILFE,2024-08-30
2005-01-01,"81,401",PCEPILFE,2024-08-30
2005-02-01,"81,536",PCEPILFE,2024-08-30
2005-03-01,"81,737",PCEPILFE,2024-08-30
2005-04-01,"81,831",PCEPILFE,2024-08-30
2005-05-01,"81,999",PCEPILFE,2024-08-30
2005-06-01,"82,056",PCEPILFE,2024-08-30
2005-07-01,"82,176",PCEPILFE,2024-08-30
2005-08-01,"82,243",PCEPILFE,2024-08-30
2005-09-01,"82,425",PCEPILFE,2024-08-30
2005-10-01,"82,662",PCEPILFE,2024-08-30
2005-11-01,"82,873",PCEPILFE,2024-08-30
2005-12-01,"82,959",PCEPILFE,2024-08-30
2006-01-01,"83,145",PCEPILFE,2024-08-30
2006-02-01,"83,279",PCEPILFE,2024-08-30
2006-03-01,"83,509",PCEPILFE,2024-08-30
2006-04-01,"83,764",PCEPILFE,2024-08-30
2006-05-01,"83,974",PCEPILFE,2024-08-30
2006-06-01,"84,186",PCEPILFE,2024-08-30
2006-07-01,"84,268",PCEPILFE,2024-08-30
2006-08-01,"84,44",PCEPILFE,2024-08-30
2006-09-01,"84,573",PCEPILFE,2024-08-30
2006-10-01,"84,726",PCEPILFE,2024-08-30
2006-11-01,"84,766",PCEPILFE,2024-08-30
2006-12-01,"84,88",PCEPILFE,2024-08-30
2007-01-01,"85,224",PCEPILFE,2024-08-30
2007-02-01,"85,408",PCEPILFE,2024-08-30
2007-03-01,"85,494",PCEPILFE,2024-08-30
2007-04-01,"85,616",PCEPILFE,2024-08-30
2007-05-01,"85,717",PCEPILFE,2024-08-30
2007-06-01,"85,859",PCEPILFE,2024-08-30
2007-07-01,"85,988",PCEPILFE,2024-08-30
2007-08-01,"86,116",PCEPILFE,2024-08-30
2007-09-01,"86,351",PCEPILFE,2024-08-30
2007-10-01,"86,576",PCEPILFE,2024-08-30
2007-11-01,"86,746",PCEPILFE,2024-08-30
2007-12-01,"86,92",PCEPILFE,2024-08-30
2008-01-01,"87,093",PCEPILFE,2024-08-30
2008-02-01,"87,178",PCEPILFE,2024-08-30
2008-03-01,"87,349",PCEPILFE,2024-08-30
2008-04-01,"87,4",PCEPILFE,2024-08-30
2008-05-01,"87,559",PCEPILFE,2024-08-30
2008-06-01,"87,76",PCEPILFE,2024-08-30
2008-07-01,"87,918",PCEPILFE,2024-08-30
2008-08-01,"88,026",PCEPILFE,2024-08-30
2008-09-01,"88,116",PCEPILFE,2024-08-30
2008-10-01,"87,991",PCEPILFE,2024-08-30
2008-11-01,"87,952",PCEPILFE,2024-08-30
2008-12-01,"87,909",PCEPILFE,2024-08-30
2009-01-01,"87,882",PCEPILFE,2024-08-30
2009-02-01,"87,952",PCEPILFE,2024-08-30
2009-03-01,"88,015",PCEPILFE,2024-08-30
2009-04-01,"88,211",PCEPILFE,2024-08-30
2009-05-01,"88,279",PCEPILFE,2024-08-30
2009-06-01,"88,392",PCEPILFE,2024-08-30
2009-07-01,"88,468",PCEPILFE,2024-08-30
2009-08-01,"88,599",PCEPILFE,2024-08-30
2009-09-01,"88,755",PCEPILFE,2024-08-30
2009-10-01,"89,082",PCEPILFE,2024-08-30
2009-11-01,"89,16",PCEPILFE,2024-08-30
2009-12-01,"89,236",PCEPILFE,2024-08-30
2010-01-01,"89,368",PCEPILFE,2024-08-30
2010-02-01,"89,446",PCEPILFE,2024-08-30
2010-03-01,"89,579",PCEPILFE,2024-08-30
2010-04-01,"89,625",PCEPILFE,2024-08-30
2010-05-01,"89,724",PCEPILFE,2024-08-30
2010-06-01,"89,767",PCEPILFE,2024-08-30
2010-07-01,"89,769",PCEPILFE,2024-08-30
2010-08-01,"89,855",PCEPILFE,2024-08-30
2010-09-01,"89,906",PCEPILFE,2024-08-30
2010-10-01,"90,043",PCEPILFE,2024-08-30
2010-11-01,"90,16",PCEPILFE,2024-08-30
2010-12-01,"90,179",PCEPILFE,2024-08-30
2011-01-01,"90,372",PCEPILFE,2024-08-30
2011-02-01,"90,53",PCEPILFE,2024-08-30
2011-03-01,"90,667",PCEPILFE,2024-08-30
2011-04-01,"90,875",PCEPILFE,2024-08-30
2011-05-01,"91,091",PCEPILFE,2024-08-30
2011-06-01,"91,191",PCEPILFE,2024-08-30
2011-07-01,"91,326",PCEPILFE,2024-08-30
2011-08-01,"91,508",PCEPILFE,2024-08-30
2011-09-01,"91,57",PCEPILFE,2024-08-30
2011-10-01,"91,614",PCEPILFE,2024-08-30
2011-11-01,"91,808",PCEPILFE,2024-08-30
2011-12-01,"91,96",PCEPILFE,2024-08-30
2012-01-01,"92,235",PCEPILFE,2024-08-30
2012-02-01,"92,364",PCEPILFE,2024-08-30
2012-03-01,"92,521",PCEPILFE,2024-08-30
2012-04-01,"92,661",PCEPILFE,2024-08-30
2012-05-01,"92,755",PCEPILFE,2024-08-30
2012-06-01,"92,85",PCEPILFE,2024-08-30
2012-07-01,"92,946",PCEPILFE,2024-08-30
2012-08-01,"93,005",PCEPILFE,2024-08-30
2012-09-01,"93,119",PCEPILFE,2024-08-30
2012-10-01,"93,345",PCEPILFE,2024-08-30
2012-11-01,"93,445",PCEPILFE,2024-08-30
2012-12-01,"93,514",PCEPILFE,2024-08-30
2013-01-01,"93,703",PCEPILFE,2024-08-30
2013-02-01,"93,805",PCEPILFE,2024-08-30
2013-03-01,"93,891",PCEPILFE,2024-08-30
2013-04-01,"93,937",PCEPILFE,2024-08-30
2013-05-01,"94,047",PCEPILFE,2024-08-30
2013-06-01,"94,209",PCEPILFE,2024-08-30
2013-07-01,"94,329",PCEPILFE,2024-08-30
2013-08-01,"94,431",PCEPILFE,2024-08-30
2013-09-01,"94,543",PCEPILFE,2024-08-30
2013-10-01,"94,703",PCEPILFE,2024-08-30
2013-11-01,"94,86",PCEPILFE,2024-08-30
2013-12-01,"94,961",PCEPILFE,2024-08-30
2014-01-01,"95,064",PCEPILFE,2024-08-30
2014-02-01,"95,109",PCEPILFE,2024-08-30
2014-03-01,"95,25",PCEPILFE,2024-08-30
2014-04-01,"95,413",PCEPILFE,2024-08-30
2014-05-01,"95,574",PCEPILFE,2024-08-30
2014-06-01,"95,682",PCEPILFE,2024-08-30
2014-07-01,"95,848",PCEPILFE,2024-08-30
2014-08-01,"95,885",PCEPILFE,2024-08-30
2014-09-01,"96,013",PCEPILFE,2024-08-30
2014-10-01,"96,096",PCEPILFE,2024-08-30
2014-11-01,"96,181",PCEPILFE,2024-08-30
2014-12-01,"96,249",PCEPILFE,2024-08-30
2015-01-01,"96,214",PCEPILFE,2024-08-30
2015-02-01,"96,324",PCEPILFE,2024-08-30
2015-03-01,"96,47",PCEPILFE,2024-08-30
2015-04-01,"96,648",PCEPILFE,2024-08-30
2015-05-01,"96,766",PCEPILFE,2024-08-30
2015-06-01,"96,882",PCEPILFE,2024-08-30
2015-07-01,"96,978",PCEPILFE,2024-08-30
2015-08-01,"97,056",PCEPILFE,2024-08-30
2015-09-01,"97,196",PCEPILFE,2024-08-30
2015-10-01,"97,228",PCEPILFE,2024-08-30
2015-11-01,"97,332",PCEPILFE,2024-08-30
2015-12-01,"97,396",PCEPILFE,2024-08-30
2016-01-01,"97,567",PCEPILFE,2024-08-30
2016-02-01,"97,736",PCEPILFE,2024-08-30
2016-03-01,"97,876",PCEPILFE,2024-08-30
2016-04-01,"98,117",PCEPILFE,2024-08-30
2016-05-01,"98,284",PCEPILFE,2024-08-30
2016-06-01,"98,386",PCEPILFE,2024-08-30
2016-07-01,"98,529",PCEPILFE,2024-08-30
2016-08-01,"98,703",PCEPILFE,2024-08-30
2016-09-01,"98,834",PCEPILFE,2024-08-30
2016-10-01,"98,961",PCEPILFE,2024-08-30
2016-11-01,"99,005",PCEPILFE,2024-08-30
2016-12-01,"99,12",PCEPILFE,2024-08-30
2017-01-01,"99,385",PCEPILFE,2024-08-30
2017-02-01,"99,561",PCEPILFE,2024-08-30
2017-03-01,"99,519",PCEPILFE,2024-08-30
2017-04-01,"99,723",PCEPILFE,2024-08-30
2017-05-01,"99,803",PCEPILFE,2024-08-30
2017-06-01,"99,937",PCEPILFE,2024-08-30
2017-07-01,"100,01",PCEPILFE,2024-08-30
2017-08-01,"100,118",PCEPILFE,2024-08-30
2017-09-01,"100,24",PCEPILFE,2024-08-30
2017-10-01,"100,486",PCEPILFE,2024-08-30
2017-11-01,"100,535",PCEPILFE,2024-08-30
2017-12-01,"100,683",PCEPILFE,2024-08-30
2018-01-01,"101,007",PCEPILFE,2024-08-30
2018-02-01,"101,198",PCEPILFE,2024-08-30
2018-03-01,"101,419",PCEPILFE,2024-08-30
2018-04-01,"101,602",PCEPILFE,2024-08-30
2018-05-01,"101,78",PCEPILFE,2024-08-30
2018-06-01,"101,872",PCEPILFE,2024-08-30
2018-07-01,"102,006",PCEPILFE,2024-08-30
2018-08-01,"102,016",PCEPILFE,2024-08-30
2018-09-01,"102,205",PCEPILFE,2024-08-30
2018-10-01,"102,366",PCEPILFE,2024-08-30
2018-11-01,"102,556",PCEPILFE,2024-08-30
2018-12-01,"102,735",PCEPILFE,2024-08-30
2019-01-01,"102,878",PCEPILFE,2024-08-30
2019-02-01,"102,959",PCEPILFE,2024-08-30
2019-03-01,"103,049",PCEPILFE,2024-08-30
2019-04-01,"103,274",PCEPILFE,2024-08-30
2019-05-01,"103,381",PCEPILFE,2024-08-30
2019-06-01,"103,586",PCEPILFE,2024-08-30
2019-07-01,"103,706",PCEPILFE,2024-08-30
2019-08-01,"103,811",PCEPILFE,2024-08-30
2019-09-01,"103,889",PCEPILFE,2024-08-30
2019-10-01,"104,048",PCEPILFE,2024-08-30
2019-11-01,"104,066",PCEPILFE,2024-08-30
2019-12-01,"104,279",PCEPILFE,2024-08-30
2020-01-01,"104,475",PCEPILFE,2024-08-30
2020-02-01,"104,664",PCEPILFE,2024-08-30
2020-03-01,"104,586",PCEPILFE,2024-08-30
2020-04-01,"104,237",PCEPILFE,2024-08-30
2020-05-01,"104,364",PCEPILFE,2024-08-30
2020-06-01,"104,527",PCEPILFE,2024-08-30
2020-07-01,"104,913",PCEPILFE,2024-08-30
2020-08-01,"105,229",PCEPILFE,2024-08-30
2020-09-01,"105,39",PCEPILFE,2024-08-30
2020-10-01,"105,47",PCEPILFE,2024-08-30
2020-11-01,"105,552",PCEPILFE,2024-08-30
2020-12-01,"105,899",PCEPILFE,2024-08-30
2021-01-01,"106,267",PCEPILFE,2024-08-30
2021-02-01,"106,499",PCEPILFE,2024-08-30
2021-03-01,"106,945",PCEPILFE,2024-08-30
2021-04-01,"107,594",PCEPILFE,2024-08-30
2021-05-01,"108,167",PCEPILFE,2024-08-30
2021-06-01,"108,655",PCEPILFE,2024-08-30
2021-07-01,"109,12",PCEPILFE,2024-08-30
2021-08-01,"109,458",PCEPILFE,2024-08-30
2021-09-01,"109,684",PCEPILFE,2024-08-30
2021-10-01,"110,217",PCEPILFE,2024-08-30
2021-11-01,"110,778",PCEPILFE,2024-08-30
2021-12-01,"111,446",PCEPILFE,2024-08-30
2022-01-01,"111,973",PCEPILFE,2024-08-30
2022-02-01,"112,436",PCEPILFE,2024-08-30
2022-03-01,"112,88",PCEPILFE,2024-08-30
2022-04-01,"113,248",PCEPILFE,2024-08-30
2022-05-01,"113,656",PCEPILFE,2024-08-30
2022-06-01,"114,297",PCEPILFE,2024-08-30
2022-07-01,"114,534",PCEPILFE,2024-08-30
2022-08-01,"115,158",PCEPILFE,2024-08-30
2022-09-01,"115,686",PCEPILFE,2024-08-30
2022-10-01,"116,087",PCEPILFE,2024-08-30
2022-11-01,"116,417",PCEPILFE,2024-08-30
2022-12-01,"116,868",PCEPILFE,2024-08-30
2023-01-01,"117,461",PCEPILFE,2024-08-30
2023-02-01,"117,883",PCEPILFE,2024-08-30
2023-03-01,"118,279",PCEPILFE,2024-08-30
2023-04-01,"118,642",PCEPILFE,2024-08-30
2023-05-01,"118,984",PCEPILFE,2024-08-30
2023-06-01,"119,189",PCEPILFE,2024-08-30
2023-07-01,"119,332",PCEPILFE,2024-08-30
2023-08-01,"119,449",PCEPILFE,2024-08-30
2023-09-01,"119,842",PCEPILFE,2024-08-30
2023-10-01,"120,015",PCEPILFE,2024-08-30
2023-11-01,"120,122",PCEPILFE,2024-08-30
2023-12-01,"120,305",PCEPILFE,2024-08-30
2024-01-01,"120,913",PCEPILFE,2024-08-30
2024-02-01,"121,224",PCEPILFE,2024-08-30
2024-03-01,"121,629",PCEPILFE,2024-08-30
2024-04-01,"121,939",PCEPILFE,2024-08-30
2024-05-01,"122,063",PCEPILFE,2024-08-30
2024-06-01,"122,262",PCEPILFE,2024-08-30
2024-07-01,"122,459",PCEPILFE,2024-08-30
1992-01-01,164095,RSAFS,2024-09-17
1992-02-01,164213,RSAFS,2024-09-17
1992-03-01,163721,RSAFS,2024-09-17
1992-04-01,164709,RSAFS,2024-09-17
1992-05-01,165612,RSAFS,2024-09-17
1992-06-01,166077,RSAFS,2024-09-17
1992-07-01,167257,RSAFS,2024-09-17
1992-08-01,167800,RSAFS,2024-09-17
1992-09-01,169400,RSAFS,2024-09-17
1992-10-01,170625,RSAFS,2024-09-17
1992-11-01,171003,RSAFS,2024-09-17
1992-12-01,173105,RSAFS,2024-09-17
1993-01-01,175108,RSAFS,2024-09-17
1993-02-01,173744,RSAFS,2024-09-17
1993-03-01,172306,RSAFS,2024-09-17
1993-04-01,176749,RSAFS,2024-09-17
1993-05-01,178426,RSAFS,2024-09-17
1993-06-01,178157,RSAFS,2024-09-17
1993-07-01,180743,RSAFS,2024-09-17
1993-08-01,180707,RSAFS,2024-09-17
1993-09-01,181773,RSAFS,2024-09-17
1993-10-01,182884,RSAFS,2024-09-17
1993-11-01,184747,RSAFS,2024-09-17
1993-12-01,186399,RSAFS,2024-09-17
1994-01-01,185142,RSAFS,2024-09-17
1994-02-01,188074,RSAFS,2024-09-17
1994-03-01,191579,RSAFS,2024-09-17
1994-04-01,191639,RSAFS,2024-09-17
1994-05-01,190929,RSAFS,2024-09-17
1994-06-01,193130,RSAFS,2024-09-17
1994-07-01,193743,RSAFS,2024-09-17
1994-08-01,196163,RSAFS,2024-09-17
1994-09-01,197765,RSAFS,2024-09-17
1994-10-01,199571,RSAFS,2024-09-17
1994-11-01,199731,RSAFS,2024-09-17
1994-12-01,200702,RSAFS,2024-09-17
1995-01-01,201573,RSAFS,2024-09-17
1995-02-01,198399,RSAFS,2024-09-17
1995-03-01,200247,RSAFS,2024-09-17
1995-04-01,201032,RSAFS,2024-09-17
1995-05-01,202986,RSAFS,2024-09-17
1995-06-01,205500,RSAFS,2024-09-17
1995-07-01,204920,RSAFS,2024-09-17
1995-08-01,206521,RSAFS,2024-09-17
1995-09-01,207006,RSAFS,2024-09-17
1995-10-01,206176,RSAFS,2024-09-17
1995-11-01,208664,RSAFS,2024-09-17
1995-12-01,210399,RSAFS,2024-09-17
1996-01-01,208699,RSAFS,2024-09-17
1996-02-01,212008,RSAFS,2024-09-17
1996-03-01,213891,RSAFS,2024-09-17
1996-04-01,214676,RSAFS,2024-09-17
1996-05-01,216299,RSAFS,2024-09-17
1996-06-01,216068,RSAFS,2024-09-17
1996-07-01,216332,RSAFS,2024-09-17
1996-08-01,216358,RSAFS,2024-09-17
1996-09-01,219256,RSAFS,2024-09-17
1996-10-01,221060,RSAFS,2024-09-17
1996-11-01,220963,RSAFS,2024-09-17
1996-12-01,221991,RSAFS,2024-09-17
1997-01-01,223481,RSAFS,2024-09-17
1997-02-01,225422,RSAFS,2024-09-17
1997-03-01,226161,RSAFS,2024-09-17
1997-04-01,224615,RSAFS,2024-09-17
1997-05-01,222929,RSAFS,2024-09-17
1997-06-01,226057,RSAFS,2024-09-17
1997-07-01,228703,RSAFS,2024-09-17
1997-08-01,229309,RSAFS,2024-09-17
1997-09-01,230312,RSAFS,2024-09-17
1997-10-01,229836,RSAFS,2024-09-17
1997-11-01,230440,RSAFS,2024-09-17
1997-12-01,231181,RSAFS,2024-09-17
1998-01-01,231587,RSAFS,2024-09-17
1998-02-01,231684,RSAFS,2024-09-17
1998-03-01,233083,RSAFS,2024-09-17
1998-04-01,235986,RSAFS,2024-09-17
1998-05-01,237075,RSAFS,2024-09-17
1998-06-01,238971,RSAFS,2024-09-17
1998-07-01,237411,RSAFS,2024-09-17
1998-08-01,236379,RSAFS,2024-09-17
1998-09-01,238550,RSAFS,2024-09-17
1998-10-01,242549,RSAFS,2024-09-17
1998-11-01,244291,RSAFS,2024-09-17
1998-12-01,246530,RSAFS,2024-09-17
1999-01-01,246868,RSAFS,2024-09-17
1999-02-01,249520,RSAFS,2024-09-17
1999-03-01,250667,RSAFS,2024-09-17
1999-04-01,252477,RSAFS,2024-09-17
1999-05-01,254735,RSAFS,2024-09-17
1999-06-01,255449,RSAFS,2024-09-17
1999-07-01,257456,RSAFS,2024-09-17
1999-08-01,260230,RSAFS,2024-09-17
1999-09-01,261317,RSAFS,2024-09-17
1999-10-01,261818,RSAFS,2024-09-17
1999-11-01,264965,RSAFS,2024-09-17
1999-12-01,269863,RSAFS,2024-09-17
2000-01-01,268044,RSAFS,2024-09-17
2000-02-01,272020,RSAFS,2024-09-17
2000-03-01,275192,RSAFS,2024-09-17
2000-04-01,271046,RSAFS,2024-09-17
2000-05-01,271394,RSAFS,2024-09-17
2000-06-01,273422,RSAFS,2024-09-17
2000-07-01,272630,RSAFS,2024-09-17
2000-08-01,272918,RSAFS,2024-09-17
2000-09-01,277548,RSAFS,2024-09-17
2000-10-01,276927,RSAFS,2024-09-17
2000-11-01,276029,RSAFS,2024-09-17
2000-12-01,275791,RSAFS,2024-09-17
2001-01-01,278834,RSAFS,2024-09-17
2001-02-01,278773,RSAFS,2024-09-17
2001-03-01,276450,RSAFS,2024-09-17
2001-04-01,280808,RSAFS,2024-09-17
2001-05-01,281496,RSAFS,2024-09-17
2001-06-01,280401,RSAFS,2024-09-17
2001-07-01,279504,RSAFS,2024-09-17
2001-08-01,281413,RSAFS,2024-09-17
2001-09-01,276084,RSAFS,2024-09-17
2001-10-01,294540,RSAFS,2024-09-17
2001-11-01,287111,RSAFS,2024-09-17
2001-12-01,283705,RSAFS,2024-09-17
2002-01-01,283508,RSAFS,2024-09-17
2002-02-01,285054,RSAFS,2024-09-17
2002-03-01,284262,RSAFS,2024-09-17
2002-04-01,288833,RSAFS,2024-09-17
2002-05-01,284951,RSAFS,2024-09-17
2002-06-01,287372,RSAFS,2024-09-17
2002-07-01,290385,RSAFS,2024-09-17
2002-08-01,292650,RSAFS,2024-09-17
2002-09-01,288410,RSAFS,2024-09-17
2002-10-01,289576,RSAFS,2024-09-17
2002-11-01,291484,RSAFS,2024-09-17
2002-12-01,293947,RSAFS,2024-09-17
2003-01-01,295248,RSAFS,2024-09-17
2003-02-01,291167,RSAFS,2024-09-17
2003-03-01,296325,RSAFS,2024-09-17
2003-04-01,295600,RSAFS,2024-09-17
2003-05-01,296410,RSAFS,2024-09-17
2003-06-01,299626,RSAFS,2024-09-17
2003-07-01,302747,RSAFS,2024-09-17
2003-08-01,307809,RSAFS,2024-09-17
2003-09-01,305933,RSAFS,2024-09-17
2003-10-01,304809,RSAFS,2024-09-17
2003-11-01,308527,RSAFS,2024-09-17
2003-12-01,307407,RSAFS,2024-09-17
2004-01-01,309254,RSAFS,2024-09-17
2004-02-01,311393,RSAFS,2024-09-17
2004-03-01,316912,RSAFS,2024-09-17
2004-04-01,313512,RSAFS,2024-09-17
2004-05-01,318964,RSAFS,2024-09-17
2004-06-01,314958,RSAFS,2024-09-17
2004-07-01,318549,RSAFS,2024-09-17
2004-08-01,318977,RSAFS,2024-09-17
2004-09-01,324569,RSAFS,2024-09-17
2004-10-01,326740,RSAFS,2024-09-17
2004-11-01,327836,RSAFS,2024-09-17
2004-12-01,331874,RSAFS,2024-09-17
2005-01-01,328696,RSAFS,2024-09-17
2005-02-01,333026,RSAFS,2024-09-17
2005-03-01,333581,RSAFS,2024-09-17
2005-04-01,336583,RSAFS,2024-09-17
2005-05-01,334522,RSAFS,2024-09-17
2005-06-01,343998,RSAFS,2024-09-17
2005-07-01,346576,RSAFS,2024-09-17
2005-08-01,343307,RSAFS,2024-09-17
2005-09-01,343956,RSAFS,2024-09-17
2005-10-01,344097,RSAFS,2024-09-17
2005-11-01,347325,RSAFS,2024-09-17
2005-12-01,347405,RSAFS,2024-09-17
2006-01-01,357331,RSAFS,2024-09-17
2006-02-01,354706,RSAFS,2024-09-17
2006-03-01,355665,RSAFS,2024-09-17
2006-04-01,357423,RSAFS,2024-09-17
2006-05-01,356704,RSAFS,2024-09-17
2006-06-01,357879,RSAFS,2024-09-17
2006-07-01,359006,RSAFS,2024-09-17
2006-08-01,360691,RSAFS,2024-09-17
2006-09-01,358961,RSAFS,2024-09-17
2006-10-01,358462,RSAFS,2024-09-17
2006-11-01,359266,RSAFS,2024-09-17
2006-12-01,363730,RSAFS,2024-09-17
2007-01-01,363616,RSAFS,2024-09-17
2007-02-01,364006,RSAFS,2024-09-17
2007-03-01,367158,RSAFS,2024-09-17
2007-04-01,366187,RSAFS,2024-09-17
2007-05-01,370934,RSAFS,2024-09-17
2007-06-01,368154,RSAFS,2024-09-17
2007-07-01,369614,RSAFS,2024-09-17
2007-08-01,371358,RSAFS,2024-09-17
2007-09-01,372869,RSAFS,2024-09-17
2007-10-01,375289,RSAFS,2024-09-17
2007-11-01,378860,RSAFS,2024-09-17
2007-12-01,374298,RSAFS,2024-09-17
2008-01-01,375236,RSAFS,2024-09-17
2008-02-01,371833,RSAFS,2024-09-17
2008-03-01,372745,RSAFS,2024-09-17
2008-04-01,372572,RSAFS,2024-09-17
2008-05-01,376036,RSAFS,2024-09-17
2008-06-01,376455,RSAFS,2024-09-17
2008-07-01,375038,RSAFS,2024-09-17
2008-08-01,372284,RSAFS,2024-09-17
2008-09-01,366729,RSAFS,2024-09-17
2008-10-01,352950,RSAFS,2024-09-17
2008-11-01,339350,RSAFS,2024-09-17
2008-12-01,332091,RSAFS,2024-09-17
2009-01-01,336929,RSAFS,2024-09-17
2009-02-01,335576,RSAFS,2024-09-17
2009-03-01,329747,RSAFS,2024-09-17
2009-04-01,331352,RSAFS,2024-09-17
2009-05-01,334256,RSAFS,2024-09-17
2009-06-01,339883,RSAFS,2024-09-17
2009-07-01,340517,RSAFS,2024-09-17
2009-08-01,346668,RSAFS,2024-09-17
2009-09-01,338507,RSAFS,2024-09-17
2009-10-01,341654,RSAFS,2024-09-17
2009-11-01,344375,RSAFS,2024-09-17
2009-12-01,346072,RSAFS,2024-09-17
2010-01-01,345889,RSAFS,2024-09-17
2010-02-01,346724,RSAFS,2024-09-17
2010-03-01,354119,RSAFS,2024-09-17
2010-04-01,357354,RSAFS,2024-09-17
2010-05-01,354068,RSAFS,2024-09-17
2010-06-01,353647,RSAFS,2024-09-17
2010-07-01,354717,RSAFS,2024-09-17
2010-08-01,356448,RSAFS,2024-09-17
2010-09-01,359359,RSAFS,2024-09-17
2010-10-01,363469,RSAFS,2024-09-17
2010-11-01,367051,RSAFS,2024-09-17
2010-12-01,369139,RSAFS,2024-09-17
2011-01-01,371841,RSAFS,2024-09-17
2011-02-01,375017,RSAFS,2024-09-17
2011-03-01,378506,RSAFS,2024-09-17
2011-04-01,380335,RSAFS,2024-09-17
2011-05-01,380024,RSAFS,2024-09-17
2011-06-01,383142,RSAFS,2024-09-17
2011-07-01,382837,RSAFS,2024-09-17
2011-08-01,383691,RSAFS,2024-09-17
2011-09-01,387567,RSAFS,2024-09-17
2011-10-01,389853,RSAFS,2024-09-17
2011-11-01,391274,RSAFS,2024-09-17
2011-12-01,391510,RSAFS,2024-09-17
2012-01-01,395469,RSAFS,2024-09-17
2012-02-01,400300,RSAFS,2024-09-17
2012-03-01,401569,RSAFS,2024-09-17
2012-04-01,399972,RSAFS,2024-09-17
2012-05-01,399180,RSAFS,2024-09-17
2012-06-01,395595,RSAFS,2024-09-17
2012-07-01,397407,RSAFS,2024-09-17
2012-08-01,402211,RSAFS,2024-09-17
2012-09-01,405357,RSAFS,2024-09-17
2012-10-01,405437,RSAFS,2024-09-17
2012-11-01,407308,RSAFS,2024-09-17
2012-12-01,408665,RSAFS,2024-09-17
2013-01-01,412115,RSAFS,2024-09-17
2013-02-01,417013,RSAFS,2024-09-17
2013-03-01,414024,RSAFS,2024-09-17
2013-04-01,411770,RSAFS,2024-09-17
2013-05-01,414325,RSAFS,2024-09-17
2013-06-01,415442,RSAFS,2024-09-17
2013-07-01,418110,RSAFS,2024-09-17
2013-08-01,417377,RSAFS,2024-09-17
2013-09-01,417654,RSAFS,2024-09-17
2013-10-01,419247,RSAFS,2024-09-17
2013-11-01,420513,RSAFS,2024-09-17
2013-12-01,422794,RSAFS,2024-09-17
2014-01-01,419015,RSAFS,2024-09-17
2014-02-01,424793,RSAFS,2024-09-17
2014-03-01,429132,RSAFS,2024-09-17
2014-04-01,433530,RSAFS,2024-09-17
2014-05-01,434248,RSAFS,2024-09-17
2014-06-01,435438,RSAFS,2024-09-17
2014-07-01,436150,RSAFS,2024-09-17
2014-08-01,439518,RSAFS,2024-09-17
2014-09-01,438459,RSAFS,2024-09-17
2014-10-01,440095,RSAFS,2024-09-17
2014-11-01,441249,RSAFS,2024-09-17
2014-12-01,438509,RSAFS,2024-09-17
2015-01-01,436125,RSAFS,2024-09-17
2015-02-01,435450,RSAFS,2024-09-17
2015-03-01,441895,RSAFS,2024-09-17
2015-04-01,442967,RSAFS,2024-09-17
2015-05-01,446114,RSAFS,2024-09-17
2015-06-01,446572,RSAFS,2024-09-17
2015-07-01,450143,RSAFS,2024-09-17
2015-08-01,450168,RSAFS,2024-09-17
2015-09-01,448090,RSAFS,2024-09-17
2015-10-01,446905,RSAFS,2024-09-17
2015-11-01,448738,RSAFS,2024-09-17
2015-12-01,450598,RSAFS,2024-09-17
2016-01-01,447376,RSAFS,2024-09-17
2016-02-01,451898,RSAFS,2024-09-17
2016-03-01,450462,RSAFS,2024-09-17
2016-04-01,452238,RSAFS,2024-09-17
2016-05-01,453898,RSAFS,2024-09-17
2016-06-01,458711,RSAFS,2024-09-17
2016-07-01,457894,RSAFS,2024-09-17
2016-08-01,458375,RSAFS,2024-09-17
2016-09-01,461400,RSAFS,2024-09-17
2016-10-01,462362,RSAFS,2024-09-17
2016-11-01,462231,RSAFS,2024-09-17
2016-12-01,467852,RSAFS,2024-09-17
2017-01-01,473019,RSAFS,2024-09-17
2017-02-01,472945,RSAFS,2024-09-17
2017-03-01,472149,RSAFS,2024-09-17
2017-04-01,473986,RSAFS,2024-09-17
2017-05-01,471630,RSAFS,2024-09-17
2017-06-01,473546,RSAFS,2024-09-17
2017-07-01,473552,RSAFS,2024-09-17
2017-08-01,474449,RSAFS,2024-09-17
2017-09-01,484163,RSAFS,2024-09-17
2017-10-01,484848,RSAFS,2024-09-17
2017-11-01,490013,RSAFS,2024-09-17
2017-12-01,492579,RSAFS,2024-09-17
2018-01-01,490426,RSAFS,2024-09-17
2018-02-01,493334,RSAFS,2024-09-17
2018-03-01,493022,RSAFS,2024-09-17
2018-04-01,494498,RSAFS,2024-09-17
2018-05-01,500930,RSAFS,2024-09-17
2018-06-01,499218,RSAFS,2024-09-17
2018-07-01,502255,RSAFS,2024-09-17
2018-08-01,501962,RSAFS,2024-09-17
2018-09-01,500033,RSAFS,2024-09-17
2018-10-01,505622,RSAFS,2024-09-17
2018-11-01,507278,RSAFS,2024-09-17
2018-12-01,496973,RSAFS,2024-09-17
2019-01-01,500208,RSAFS,2024-09-17
2019-02-01,500928,RSAFS,2024-09-17
2019-03-01,508944,RSAFS,2024-09-17
2019-04-01,509564,RSAFS,2024-09-17
2019-05-01,512930,RSAFS,2024-09-17
2019-06-01,513716,RSAFS,2024-09-17
2019-07-01,518274,RSAFS,2024-09-17
2019-08-01,521348,RSAFS,2024-09-17
2019-09-01,518188,RSAFS,2024-09-17
2019-10-01,519795,RSAFS,2024-09-17
2019-11-01,523120,RSAFS,2024-09-17
2019-12-01,524954,RSAFS,2024-09-17
2020-01-01,525411,RSAFS,2024-09-17
2020-02-01,525380,RSAFS,2024-09-17
2020-03-01,477676,RSAFS,2024-09-17
2020-04-01,408312,RSAFS,2024-09-17
2020-05-01,484978,RSAFS,2024-09-17
2020-06-01,526970,RSAFS,2024-09-17
2020-07-01,535644,RSAFS,2024-09-17
2020-08-01,540423,RSAFS,2024-09-17
2020-09-01,551131,RSAFS,2024-09-17
2020-10-01,549271,RSAFS,2024-09-17
2020-11-01,544421,RSAFS,2024-09-17
2020-12-01,549300,RSAFS,2024-09-17
2021-01-01,570510,RSAFS,2024-09-17
2021-02-01,555489,RSAFS,2024-09-17
2021-03-01,616348,RSAFS,2024-09-17
2021-04-01,622705,RSAFS,2024-09-17
2021-05-01,615543,RSAFS,2024-09-17
2021-06-01,622125,RSAFS,2024-09-17
2021-07-01,612647,RSAFS,2024-09-17
2021-08-01,616892,RSAFS,2024-09-17
2021-09-01,620529,RSAFS,2024-09-17
2021-10-01,630562,RSAFS,2024-09-17
2021-11-01,637775,RSAFS,2024-09-17
2021-12-01,632515,RSAFS,2024-09-17
2022-01-01,644034,RSAFS,2024-09-17
2022-02-01,650522,RSAFS,2024-09-17
2022-03-01,664167,RSAFS,2024-09-17
2022-04-01,673245,RSAFS,2024-09-17
2022-05-01,671040,RSAFS,2024-09-17
2022-06-01,675702,RSAFS,2024-09-17
2022-07-01,671067,RSAFS,2024-09-17
2022-08-01,675107,RSAFS,2024-09-17
2022-09-01,673312,RSAFS,2024-09-17
2022-10-01,681748,RSAFS,2024-09-17
2022-11-01,673674,RSAFS,2024-09-17
2022-12-01,666734,RSAFS,2024-09-17
2023-01-01,693826,RSAFS,2024-09-17
2023-02-01,686434,RSAFS,2024-09-17
2023-03-01,679067,RSAFS,2024-09-17
2023-04-01,683698,RSAFS,2024-09-17
2023-05-01,686672,RSAFS,2024-09-17
2023-06-01,688810,RSAFS,2024-09-17
2023-07-01,690641,RSAFS,2024-09-17
2023-08-01,695940,RSAFS,2024-09-17
2023-09-01,701286,RSAFS,2024-09-17
2023-10-01,699977,RSAFS,2024-09-17
2023-11-01,700707,RSAFS,2024-09-17
2023-12-01,703256,RSAFS,2024-09-17
2024-01-01,695631,RSAFS,2024-09-17
2024-02-01,700519,RSAFS,2024-09-17
2024-03-01,703738,RSAFS,2024-09-17
2024-04-01,702681,RSAFS,2024-09-17
2024-05-01,704309,RSAFS,2024-09-17
2024-06-01,702350,RSAFS,2024-09-17
2024-07-01,710409,RSAFS,2024-09-17
2024-08-01,710773,RSAFS,2024-09-17
1993-01-01,458080,TTLCONS,2024-09-03
1993-02-01,462967,TTLCONS,2024-09-03
1993-03-01,458399,TTLCONS,2024-09-03
1993-04-01,469425,TTLCONS,2024-09-03
1993-05-01,468998,TTLCONS,2024-09-03
1993-06-01,480247,TTLCONS,2024-09-03
1993-07-01,483571,TTLCONS,2024-09-03
1993-08-01,491494,TTLCONS,2024-09-03
1993-09-01,497297,TTLCONS,2024-09-03
1993-10-01,492823,TTLCONS,2024-09-03
1993-11-01,515934,TTLCONS,2024-09-03
1993-12-01,533150,TTLCONS,2024-09-03
1994-01-01,513314,TTLCONS,2024-09-03
1994-02-01,513196,TTLCONS,2024-09-03
1994-03-01,521040,TTLCONS,2024-09-03
1994-04-01,528063,TTLCONS,2024-09-03
1994-05-01,532328,TTLCONS,2024-09-03
1994-06-01,536198,TTLCONS,2024-09-03
1994-07-01,537232,TTLCONS,2024-09-03
1994-08-01,537960,TTLCONS,2024-09-03
1994-09-01,538215,TTLCONS,2024-09-03
1994-10-01,533273,TTLCONS,2024-09-03
1994-11-01,539150,TTLCONS,2024-09-03
1994-12-01,541794,TTLCONS,2024-09-03
1995-01-01,543930,TTLCONS,2024-09-03
1995-02-01,537826,TTLCONS,2024-09-03
1995-03-01,542715,TTLCONS,2024-09-03
1995-04-01,543096,TTLCONS,2024-09-03
1995-05-01,542566,TTLCONS,2024-09-03
1995-06-01,546131,TTLCONS,2024-09-03
1995-07-01,547342,TTLCONS,2024-09-03
1995-08-01,550996,TTLCONS,2024-09-03
1995-09-01,554011,TTLCONS,2024-09-03
1995-10-01,555132,TTLCONS,2024-09-03
1995-11-01,557445,TTLCONS,2024-09-03
1995-12-01,557953,TTLCONS,2024-09-03
1996-01-01,575138,TTLCONS,2024-09-03
1996-02-01,568052,TTLCONS,2024-09-03
1996-03-01,574538,TTLCONS,2024-09-03
1996-04-01,590464,TTLCONS,2024-09-03
1996-05-01,600186,TTLCONS,2024-09-03
1996-06-01,602150,TTLCONS,2024-09-03
1996-07-01,599899,TTLCONS,2024-09-03
1996-08-01,603959,TTLCONS,2024-09-03
1996-09-01,615466,TTLCONS,2024-09-03
1996-10-01,621761,TTLCONS,2024-09-03
1996-11-01,620812,TTLCONS,2024-09-03
1996-12-01,606078,TTLCONS,2024-09-03
1997-01-01,608608,TTLCONS,2024-09-03
1997-02-01,615415,TTLCONS,2024-09-03
1997-03-01,620467,TTLCONS,2024-09-03
1997-04-01,616175,TTLCONS,2024-09-03
1997-05-01,624743,TTLCONS,2024-09-03
1997-06-01,626396,TTLCONS,2024-09-03
1997-07-01,637410,TTLCONS,2024-09-03
1997-08-01,639593,TTLCONS,2024-09-03
1997-09-01,646526,TTLCONS,2024-09-03
1997-10-01,653196,TTLCONS,2024-09-03
1997-11-01,643710,TTLCONS,2024-09-03
1997-12-01,642021,TTLCONS,2024-09-03
1998-01-01,645686,TTLCONS,2024-09-03
1998-02-01,648121,TTLCONS,2024-09-03
1998-03-01,666906,TTLCONS,2024-09-03
1998-04-01,674351,TTLCONS,2024-09-03
1998-05-01,674325,TTLCONS,2024-09-03
1998-06-01,703177,TTLCONS,2024-09-03
1998-07-01,696540,TTLCONS,2024-09-03
1998-08-01,698156,TTLCONS,2024-09-03
1998-09-01,707561,TTLCONS,2024-09-03
1998-10-01,707943,TTLCONS,2024-09-03
1998-11-01,707845,TTLCONS,2024-09-03
1998-12-01,706989,TTLCONS,2024-09-03
1999-01-01,708818,TTLCONS,2024-09-03
1999-02-01,726308,TTLCONS,2024-09-03
1999-03-01,737226,TTLCONS,2024-09-03
1999-04-01,728788,TTLCONS,2024-09-03
1999-05-01,727358,TTLCONS,2024-09-03
1999-06-01,739167,TTLCONS,2024-09-03
1999-07-01,745815,TTLCONS,2024-09-03
1999-08-01,741524,TTLCONS,2024-09-03
1999-09-01,751402,TTLCONS,2024-09-03
1999-10-01,759906,TTLCONS,2024-09-03
1999-11-01,781199,TTLCONS,2024-09-03
1999-12-01,789431,TTLCONS,2024-09-03
2000-01-01,784940,TTLCONS,2024-09-03
2000-02-01,793737,TTLCONS,2024-09-03
2000-03-01,809459,TTLCONS,2024-09-03
2000-04-01,804766,TTLCONS,2024-09-03
2000-05-01,805005,TTLCONS,2024-09-03
2000-06-01,795411,TTLCONS,2024-09-03
2000-07-01,783795,TTLCONS,2024-09-03
2000-08-01,805341,TTLCONS,2024-09-03
2000-09-01,814330,TTLCONS,2024-09-03
2000-10-01,816100,TTLCONS,2024-09-03
2000-11-01,820054,TTLCONS,2024-09-03
2000-12-01,811516,TTLCONS,2024-09-03
2001-01-01,814479,TTLCONS,2024-09-03
2001-02-01,813647,TTLCONS,2024-09-03
2001-03-01,828057,TTLCONS,2024-09-03
2001-04-01,842392,TTLCONS,2024-09-03
2001-05-01,848146,TTLCONS,2024-09-03
2001-06-01,855730,TTLCONS,2024-09-03
2001-07-01,850471,TTLCONS,2024-09-03
2001-08-01,847465,TTLCONS,2024-09-03
2001-09-01,837412,TTLCONS,2024-09-03
2001-10-01,845941,TTLCONS,2024-09-03
2001-11-01,843911,TTLCONS,2024-09-03
2001-12-01,849689,TTLCONS,2024-09-03
2002-01-01,858654,TTLCONS,2024-09-03
2002-02-01,862338,TTLCONS,2024-09-03
2002-03-01,844551,TTLCONS,2024-09-03
2002-04-01,858240,TTLCONS,2024-09-03
2002-05-01,850935,TTLCONS,2024-09-03
2002-06-01,846777,TTLCONS,2024-09-03
2002-07-01,847129,TTLCONS,2024-09-03
2002-08-01,839008,TTLCONS,2024-09-03
2002-09-01,832134,TTLCONS,2024-09-03
2002-10-01,839690,TTLCONS,2024-09-03
2002-11-01,844697,TTLCONS,2024-09-03
2002-12-01,855921,TTLCONS,2024-09-03
2003-01-01,863855,TTLCONS,2024-09-03
2003-02-01,859225,TTLCONS,2024-09-03
2003-03-01,851132,TTLCONS,2024-09-03
2003-04-01,859459,TTLCONS,2024-09-03
2003-05-01,866814,TTLCONS,2024-09-03
2003-06-01,880865,TTLCONS,2024-09-03
2003-07-01,891264,TTLCONS,2024-09-03
2003-08-01,901839,TTLCONS,2024-09-03
2003-09-01,911589,TTLCONS,2024-09-03
2003-10-01,925732,TTLCONS,2024-09-03
2003-11-01,925985,TTLCONS,2024-09-03
2003-12-01,948491,TTLCONS,2024-09-03
2004-01-01,938525,TTLCONS,2024-09-03
2004-02-01,937813,TTLCONS,2024-09-03
2004-03-01,961159,TTLCONS,2024-09-03
2004-04-01,967602,TTLCONS,2024-09-03
2004-05-01,974381,TTLCONS,2024-09-03
2004-06-01,983087,TTLCONS,2024-09-03
2004-07-01,1006184,TTLCONS,2024-09-03
2004-08-01,1013616,TTLCONS,2024-09-03
2004-09-01,1012080,TTLCONS,2024-09-03
2004-10-01,1015719,TTLCONS,2024-09-03
2004-11-01,1022994,TTLCONS,2024-09-03
2004-12-01,1037480,TTLCONS,2024-09-03
2005-01-01,1046082,TTLCONS,2024-09-03
2005-02-01,1066848,TTLCONS,2024-09-03
2005-03-01,1071745,TTLCONS,2024-09-03
2005-04-01,1081012,TTLCONS,2024-09-03
2005-05-01,1093341,TTLCONS,2024-09-03
2005-06-01,1105896,TTLCONS,2024-09-03
2005-07-01,1119101,TTLCONS,2024-09-03
2005-08-01,1129163,TTLCONS,2024-09-03
2005-09-01,1148438,TTLCONS,2024-09-03
2005-10-01,1160831,TTLCONS,2024-09-03
2005-11-01,1172090,TTLCONS,2024-09-03
2005-12-01,1184677,TTLCONS,2024-09-03
2006-01-01,1195642,TTLCONS,2024-09-03
2006-02-01,1205639,TTLCONS,2024-09-03
2006-03-01,1205169,TTLCONS,2024-09-03
2006-04-01,1193296,TTLCONS,2024-09-03
2006-05-01,1180581,TTLCONS,2024-09-03
2006-06-01,1172128,TTLCONS,2024-09-03
2006-07-01,1157926,TTLCONS,2024-09-03
2006-08-01,1145907,TTLCONS,2024-09-03
2006-09-01,1135753,TTLCONS,2024-09-03
2006-10-01,1122914,TTLCONS,2024-09-03
2006-11-01,1121749,TTLCONS,2024-09-03
2006-12-01,1135406,TTLCONS,2024-09-03
2007-01-01,1137917,TTLCONS,2024-09-03
2007-02-01,1139032,TTLCONS,2024-09-03
2007-03-01,1146624,TTLCONS,2024-09-03
2007-04-01,1150590,TTLCONS,2024-09-03
2007-05-01,1161581,TTLCONS,2024-09-03
2007-06-01,1163511,TTLCONS,2024-09-03
2007-07-01,1155448,TTLCONS,2024-09-03
2007-08-01,1159077,TTLCONS,2024-09-03
2007-09-01,1158580,TTLCONS,2024-09-03
2007-10-01,1152491,TTLCONS,2024-09-03
2007-11-01,1132908,TTLCONS,2024-09-03
2007-12-01,1115141,TTLCONS,2024-09-03
2008-01-01,1111347,TTLCONS,2024-09-03
2008-02-01,1096648,TTLCONS,2024-09-03
2008-03-01,1103446,TTLCONS,2024-09-03
2008-04-01,1101252,TTLCONS,2024-09-03
2008-05-01,1101547,TTLCONS,2024-09-03
2008-06-01,1090098,TTLCONS,2024-09-03
2008-07-01,1086952,TTLCONS,2024-09-03
2008-08-01,1070075,TTLCONS,2024-09-03
2008-09-01,1059579,TTLCONS,2024-09-03
2008-10-01,1055959,TTLCONS,2024-09-03
2008-11-01,1035033,TTLCONS,2024-09-03
2008-12-01,999139,TTLCONS,2024-09-03
2009-01-01,975099,TTLCONS,2024-09-03
2009-02-01,971708,TTLCONS,2024-09-03
2009-03-01,963793,TTLCONS,2024-09-03
2009-04-01,932482,TTLCONS,2024-09-03
2009-05-01,920020,TTLCONS,2024-09-03
2009-06-01,912530,TTLCONS,2024-09-03
2009-07-01,911438,TTLCONS,2024-09-03
2009-08-01,900112,TTLCONS,2024-09-03
2009-09-01,887241,TTLCONS,2024-09-03
2009-10-01,871391,TTLCONS,2024-09-03
2009-11-01,858493,TTLCONS,2024-09-03
2009-12-01,842609,TTLCONS,2024-09-03
2010-01-01,822114,TTLCONS,2024-09-03
2010-02-01,814885,TTLCONS,2024-09-03
2010-03-01,821849,TTLCONS,2024-09-03
2010-04-01,829664,TTLCONS,2024-09-03
2010-05-01,823447,TTLCONS,2024-09-03
2010-06-01,821943,TTLCONS,2024-09-03
2010-07-01,799694,TTLCONS,2024-09-03
2010-08-01,802030,TTLCONS,2024-09-03
2010-09-01,807728,TTLCONS,2024-09-03
2010-10-01,801372,TTLCONS,2024-09-03
2010-11-01,804151,TTLCONS,2024-09-03
2010-12-01,789395,TTLCONS,2024-09-03
2011-01-01,759964,TTLCONS,2024-09-03
2011-02-01,758376,TTLCONS,2024-09-03
2011-03-01,769157,TTLCONS,2024-09-03
2011-04-01,769437,TTLCONS,2024-09-03
2011-05-01,775251,TTLCONS,2024-09-03
2011-06-01,794839,TTLCONS,2024-09-03
2011-07-01,792381,TTLCONS,2024-09-03
2011-08-01,811953,TTLCONS,2024-09-03
2011-09-01,813660,TTLCONS,2024-09-03
2011-10-01,808378,TTLCONS,2024-09-03
2011-11-01,812050,TTLCONS,2024-09-03
2011-12-01,821367,TTLCONS,2024-09-03
2012-01-01,830610,TTLCONS,2024-09-03
2012-02-01,824368,TTLCONS,2024-09-03
2012-03-01,829288,TTLCONS,2024-09-03
2012-04-01,841740,TTLCONS,2024-09-03
2012-05-01,850928,TTLCONS,2024-09-03
2012-06-01,858009,TTLCONS,2024-09-03
2012-07-01,858934,TTLCONS,2024-09-03
2012-08-01,862726,TTLCONS,2024-09-03
2012-09-01,866588,TTLCONS,2024-09-03
2012-10-01,875366,TTLCONS,2024-09-03
2012-11-01,872052,TTLCONS,2024-09-03
2012-12-01,871809,TTLCONS,2024-09-03
2013-01-01,862722,TTLCONS,2024-09-03
2013-02-01,873583,TTLCONS,2024-09-03
2013-03-01,864510,TTLCONS,2024-09-03
2013-04-01,879728,TTLCONS,2024-09-03
2013-05-01,888752,TTLCONS,2024-09-03
2013-06-01,899295,TTLCONS,2024-09-03
2013-07-01,917756,TTLCONS,2024-09-03
2013-08-01,929061,TTLCONS,2024-09-03
2013-09-01,938121,TTLCONS,2024-09-03
2013-10-01,951214,TTLCONS,2024-09-03
2013-11-01,964122,TTLCONS,2024-09-03
2013-12-01,979211,TTLCONS,2024-09-03
2014-01-01,986587,TTLCONS,2024-09-03
2014-02-01,987538,TTLCONS,2024-09-03
2014-03-01,991157,TTLCONS,2024-09-03
2014-04-01,1006901,TTLCONS,2024-09-03
2014-05-01,1007147,TTLCONS,2024-09-03
2014-06-01,1006424,TTLCONS,2024-09-03
2014-07-01,1014935,TTLCONS,2024-09-03
2014-08-01,1015096,TTLCONS,2024-09-03
2014-09-01,1021890,TTLCONS,2024-09-03
2014-10-01,1046402,TTLCONS,2024-09-03
2014-11-01,1044893,TTLCONS,2024-09-03
2014-12-01,1056429,TTLCONS,2024-09-03
2015-01-01,1061241,TTLCONS,2024-09-03
2015-02-01,1072895,TTLCONS,2024-09-03
2015-03-01,1086748,TTLCONS,2024-09-03
2015-04-01,1115619,TTLCONS,2024-09-03
2015-05-01,1135433,TTLCONS,2024-09-03
2015-06-01,1158193,TTLCONS,2024-09-03
2015-07-01,1154561,TTLCONS,2024-09-03
2015-08-01,1164377,TTLCONS,2024-09-03
2015-09-01,1163937,TTLCONS,2024-09-03
2015-10-01,1151533,TTLCONS,2024-09-03
2015-11-01,1145510,TTLCONS,2024-09-03
2015-12-01,1156354,TTLCONS,2024-09-03
2016-01-01,1160988,TTLCONS,2024-09-03
2016-02-01,1172851,TTLCONS,2024-09-03
2016-03-01,1188776,TTLCONS,2024-09-03
2016-04-01,1185902,TTLCONS,2024-09-03
2016-05-01,1190685,TTLCONS,2024-09-03
2016-06-01,1217604,TTLCONS,2024-09-03
2016-07-01,1214532,TTLCONS,2024-09-03
2016-08-01,1221250,TTLCONS,2024-09-03
2016-09-01,1232438,TTLCONS,2024-09-03
2016-10-01,1241100,TTLCONS,2024-09-03
2016-11-01,1264881,TTLCONS,2024-09-03
2016-12-01,1270443,TTLCONS,2024-09-03
2017-01-01,1256025,TTLCONS,2024-09-03
2017-02-01,1277327,TTLCONS,2024-09-03
2017-03-01,1274466,TTLCONS,2024-09-03
2017-04-01,1268229,TTLCONS,2024-09-03
2017-05-01,1282119,TTLCONS,2024-09-03
2017-06-01,1277442,TTLCONS,2024-09-03
2017-07-01,1275620,TTLCONS,2024-09-03
2017-08-01,1274043,TTLCONS,2024-09-03
2017-09-01,1280026,TTLCONS,2024-09-03
2017-10-01,1283890,TTLCONS,2024-09-03
2017-11-01,1309300,TTLCONS,2024-09-03
2017-12-01,1314355,TTLCONS,2024-09-03
2018-01-01,1336820,TTLCONS,2024-09-03
2018-02-01,1356385,TTLCONS,2024-09-03
2018-03-01,1346759,TTLCONS,2024-09-03
2018-04-01,1355060,TTLCONS,2024-09-03
2018-05-01,1361079,TTLCONS,2024-09-03
2018-06-01,1342953,TTLCONS,2024-09-03
2018-07-01,1337209,TTLCONS,2024-09-03
2018-08-01,1340123,TTLCONS,2024-09-03
2018-09-01,1325322,TTLCONS,2024-09-03
2018-10-01,1310337,TTLCONS,2024-09-03
2018-11-01,1301200,TTLCONS,2024-09-03
2018-12-01,1291568,TTLCONS,2024-09-03
2019-01-01,1294553,TTLCONS,2024-09-03
2019-02-01,1312163,TTLCONS,2024-09-03
2019-03-01,1322586,TTLCONS,2024-09-03
2019-04-01,1353153,TTLCONS,2024-09-03
2019-05-01,1364165,TTLCONS,2024-09-03
2019-06-01,1384299,TTLCONS,2024-09-03
2019-07-01,1412161,TTLCONS,2024-09-03
2019-08-01,1426715,TTLCONS,2024-09-03
2019-09-01,1439059,TTLCONS,2024-09-03
2019-10-01,1440792,TTLCONS,2024-09-03
2019-11-01,1462853,TTLCONS,2024-09-03
2019-12-01,1468025,TTLCONS,2024-09-03
2020-01-01,1490544,TTLCONS,2024-09-03
2020-02-01,1498345,TTLCONS,2024-09-03
2020-03-01,1505604,TTLCONS,2024-09-03
2020-04-01,1459249,TTLCONS,2024-09-03
2020-05-01,1452280,TTLCONS,2024-09-03
2020-06-01,1461261,TTLCONS,2024-09-03
2020-07-01,1473560,TTLCONS,2024-09-03
2020-08-01,1491409,TTLCONS,2024-09-03
2020-09-01,1510420,TTLCONS,2024-09-03
2020-10-01,1534371,TTLCONS,2024-09-03
2020-11-01,1551966,TTLCONS,2024-09-03
2020-12-01,1573791,TTLCONS,2024-09-03
2021-01-01,1601386,TTLCONS,2024-09-03
2021-02-01,1580186,TTLCONS,2024-09-03
2021-03-01,1610868,TTLCONS,2024-09-03
2021-04-01,1617204,TTLCONS,2024-09-03
2021-05-01,1630067,TTLCONS,2024-09-03
2021-06-01,1639714,TTLCONS,2024-09-03
2021-07-01,1661458,TTLCONS,2024-09-03
2021-08-01,1666755,TTLCONS,2024-09-03
2021-09-01,1669575,TTLCONS,2024-09-03
2021-10-01,1685471,TTLCONS,2024-09-03
2021-11-01,1728158,TTLCONS,2024-09-03
2021-12-01,1757320,TTLCONS,2024-09-03
2022-01-01,1810368,TTLCONS,2024-09-03
2022-02-01,1852805,TTLCONS,2024-09-03
2022-03-01,1878681,TTLCONS,2024-09-03
2022-04-01,1918254,TTLCONS,2024-09-03
2022-05-01,1930664,TTLCONS,2024-09-03
2022-06-01,1918140,TTLCONS,2024-09-03
2022-07-01,1925909,TTLCONS,2024-09-03
2022-08-01,1915377,TTLCONS,2024-09-03
2022-09-01,1914299,TTLCONS,2024-09-03
2022-10-01,1907841,TTLCONS,2024-09-03
2022-11-01,1913413,TTLCONS,2024-09-03
2022-12-01,1922389,TTLCONS,2024-09-03
2023-01-01,1932302,TTLCONS,2024-09-03
2023-02-01,1944950,TTLCONS,2024-09-03
2023-03-01,1964793,TTLCONS,2024-09-03
2023-04-01,1990292,TTLCONS,2024-09-03
2023-05-01,2011831,TTLCONS,2024-09-03
2023-06-01,2023013,TTLCONS,2024-09-03
2023-07-01,2027412,TTLCONS,2024-09-03
2023-08-01,2047414,TTLCONS,2024-09-03
2023-09-01,2055216,TTLCONS,2024-09-03
2023-10-01,2071136,TTLCONS,2024-09-03
2023-11-01,2090690,TTLCONS,2024-09-03
2023-12-01,2101292,TTLCONS,2024-09-03
2024-01-01,2122229,TTLCONS,2024-09-03
2024-02-01,2133750,TTLCONS,2024-09-03
2024-03-01,2135771,TTLCONS,2024-09-03
2024-04-01,2163179,TTLCONS,2024-09-03
2024-05-01,2168211,TTLCONS,2024-09-03
2024-06-01,2168990,TTLCONS,2024-09-03
2024-07-01,2162683,TTLCONS,2024-09-03
1947-01-01,"21,48",CPIAUCSL,2024-09-11
1947-02-01,"21,62",CPIAUCSL,2024-09-11
1947-03-01,22,CPIAUCSL,2024-09-11
1947-04-01,22,CPIAUCSL,2024-09-11
1947-05-01,"21,95",CPIAUCSL,2024-09-11
1947-06-01,"22,08",CPIAUCSL,2024-09-11
1947-07-01,"22,23",CPIAUCSL,2024-09-11
1947-08-01,"22,4",CPIAUCSL,2024-09-11
1947-09-01,"22,84",CPIAUCSL,2024-09-11
1947-10-01,"22,91",CPIAUCSL,2024-09-11
1947-11-01,"23,06",CPIAUCSL,2024-09-11
1947-12-01,"23,41",CPIAUCSL,2024-09-11
1948-01-01,"23,68",CPIAUCSL,2024-09-11
1948-02-01,"23,67",CPIAUCSL,2024-09-11
1948-03-01,"23,5",CPIAUCSL,2024-09-11
1948-04-01,"23,82",CPIAUCSL,2024-09-11
1948-05-01,"24,01",CPIAUCSL,2024-09-11
1948-06-01,"24,15",CPIAUCSL,2024-09-11
1948-07-01,"24,4",CPIAUCSL,2024-09-11
1948-08-01,"24,43",CPIAUCSL,2024-09-11
1948-09-01,"24,36",CPIAUCSL,2024-09-11
1948-10-01,"24,31",CPIAUCSL,2024-09-11
1948-11-01,"24,16",CPIAUCSL,2024-09-11
1948-12-01,"24,05",CPIAUCSL,2024-09-11
1949-01-01,"24,01",CPIAUCSL,2024-09-11
1949-02-01,"23,91",CPIAUCSL,2024-09-11
1949-03-01,"23,91",CPIAUCSL,2024-09-11
1949-04-01,"23,92",CPIAUCSL,2024-09-11
1949-05-01,"23,91",CPIAUCSL,2024-09-11
1949-06-01,"23,92",CPIAUCSL,2024-09-11
1949-07-01,"23,7",CPIAUCSL,2024-09-11
1949-08-01,"23,7",CPIAUCSL,2024-09-11
1949-09-01,"23,75",CPIAUCSL,2024-09-11
1949-10-01,"23,67",CPIAUCSL,2024-09-11
1949-11-01,"23,7",CPIAUCSL,2024-09-11
1949-12-01,"23,61",CPIAUCSL,2024-09-11
1950-01-01,"23,51",CPIAUCSL,2024-09-11
1950-02-01,"23,61",CPIAUCSL,2024-09-11
1950-03-01,"23,64",CPIAUCSL,2024-09-11
1950-04-01,"23,65",CPIAUCSL,2024-09-11
1950-05-01,"23,77",CPIAUCSL,2024-09-11
1950-06-01,"23,88",CPIAUCSL,2024-09-11
1950-07-01,"24,07",CPIAUCSL,2024-09-11
1950-08-01,"24,2",CPIAUCSL,2024-09-11
1950-09-01,"24,34",CPIAUCSL,2024-09-11
1950-10-01,"24,5",CPIAUCSL,2024-09-11
1950-11-01,"24,6",CPIAUCSL,2024-09-11
1950-12-01,"24,98",CPIAUCSL,2024-09-11
1951-01-01,"25,38",CPIAUCSL,2024-09-11
1951-02-01,"25,83",CPIAUCSL,2024-09-11
1951-03-01,"25,88",CPIAUCSL,2024-09-11
1951-04-01,"25,92",CPIAUCSL,2024-09-11
1951-05-01,"25,99",CPIAUCSL,2024-09-11
1951-06-01,"25,93",CPIAUCSL,2024-09-11
1951-07-01,"25,91",CPIAUCSL,2024-09-11
1951-08-01,"25,86",CPIAUCSL,2024-09-11
1951-09-01,"26,03",CPIAUCSL,2024-09-11
1951-10-01,"26,16",CPIAUCSL,2024-09-11
1951-11-01,"26,32",CPIAUCSL,2024-09-11
1951-12-01,"26,47",CPIAUCSL,2024-09-11
1952-01-01,"26,45",CPIAUCSL,2024-09-11
1952-02-01,"26,41",CPIAUCSL,2024-09-11
1952-03-01,"26,39",CPIAUCSL,2024-09-11
1952-04-01,"26,46",CPIAUCSL,2024-09-11
1952-05-01,"26,47",CPIAUCSL,2024-09-11
1952-06-01,"26,53",CPIAUCSL,2024-09-11
1952-07-01,"26,68",CPIAUCSL,2024-09-11
1952-08-01,"26,69",CPIAUCSL,2024-09-11
1952-09-01,"26,63",CPIAUCSL,2024-09-11
1952-10-01,"26,69",CPIAUCSL,2024-09-11
1952-11-01,"26,69",CPIAUCSL,2024-09-11
1952-12-01,"26,71",CPIAUCSL,2024-09-11
1953-01-01,"26,64",CPIAUCSL,2024-09-11
1953-02-01,"26,59",CPIAUCSL,2024-09-11
1953-03-01,"26,63",CPIAUCSL,2024-09-11
1953-04-01,"26,69",CPIAUCSL,2024-09-11
1953-05-01,"26,7",CPIAUCSL,2024-09-11
1953-06-01,"26,77",CPIAUCSL,2024-09-11
1953-07-01,"26,79",CPIAUCSL,2024-09-11
1953-08-01,"26,85",CPIAUCSL,2024-09-11
1953-09-01,"26,89",CPIAUCSL,2024-09-11
1953-10-01,"26,95",CPIAUCSL,2024-09-11
1953-11-01,"26,85",CPIAUCSL,2024-09-11
1953-12-01,"26,87",CPIAUCSL,2024-09-11
1954-01-01,"26,94",CPIAUCSL,2024-09-11
1954-02-01,"26,99",CPIAUCSL,2024-09-11
1954-03-01,"26,93",CPIAUCSL,2024-09-11
1954-04-01,"26,86",CPIAUCSL,2024-09-11
1954-05-01,"26,93",CPIAUCSL,2024-09-11
1954-06-01,"26,94",CPIAUCSL,2024-09-11
1954-07-01,"26,86",CPIAUCSL,2024-09-11
1954-08-01,"26,85",CPIAUCSL,2024-09-11
1954-09-01,"26,81",CPIAUCSL,2024-09-11
1954-10-01,"26,72",CPIAUCSL,2024-09-11
1954-11-01,"26,78",CPIAUCSL,2024-09-11
1954-12-01,"26,77",CPIAUCSL,2024-09-11
1955-01-01,"26,77",CPIAUCSL,2024-09-11
1955-02-01,"26,82",CPIAUCSL,2024-09-11
1955-03-01,"26,79",CPIAUCSL,2024-09-11
1955-04-01,"26,79",CPIAUCSL,2024-09-11
1955-05-01,"26,77",CPIAUCSL,2024-09-11
1955-06-01,"26,71",CPIAUCSL,2024-09-11
1955-07-01,"26,76",CPIAUCSL,2024-09-11
1955-08-01,"26,72",CPIAUCSL,2024-09-11
1955-09-01,"26,85",CPIAUCSL,2024-09-11
1955-10-01,"26,82",CPIAUCSL,2024-09-11
1955-11-01,"26,88",CPIAUCSL,2024-09-11
1955-12-01,"26,87",CPIAUCSL,2024-09-11
1956-01-01,"26,83",CPIAUCSL,2024-09-11
1956-02-01,"26,86",CPIAUCSL,2024-09-11
1956-03-01,"26,89",CPIAUCSL,2024-09-11
1956-04-01,"26,93",CPIAUCSL,2024-09-11
1956-05-01,"27,03",CPIAUCSL,2024-09-11
1956-06-01,"27,15",CPIAUCSL,2024-09-11
1956-07-01,"27,29",CPIAUCSL,2024-09-11
1956-08-01,"27,31",CPIAUCSL,2024-09-11
1956-09-01,"27,35",CPIAUCSL,2024-09-11
1956-10-01,"27,51",CPIAUCSL,2024-09-11
1956-11-01,"27,51",CPIAUCSL,2024-09-11
1956-12-01,"27,63",CPIAUCSL,2024-09-11
1957-01-01,"27,67",CPIAUCSL,2024-09-11
1957-02-01,"27,8",CPIAUCSL,2024-09-11
1957-03-01,"27,86",CPIAUCSL,2024-09-11
1957-04-01,"27,93",CPIAUCSL,2024-09-11
1957-05-01,28,CPIAUCSL,2024-09-11
1957-06-01,"28,11",CPIAUCSL,2024-09-11
1957-07-01,"28,19",CPIAUCSL,2024-09-11
1957-08-01,"28,28",CPIAUCSL,2024-09-11
1957-09-01,"28,32",CPIAUCSL,2024-09-11
1957-10-01,"28,32",CPIAUCSL,2024-09-11
1957-11-01,"28,41",CPIAUCSL,2024-09-11
1957-12-01,"28,47",CPIAUCSL,2024-09-11
1958-01-01,"28,64",CPIAUCSL,2024-09-11
1958-02-01,"28,7",CPIAUCSL,2024-09-11
1958-03-01,"28,87",CPIAUCSL,2024-09-11
1958-04-01,"28,94",CPIAUCSL,2024-09-11
1958-05-01,"28,94",CPIAUCSL,2024-09-11
1958-06-01,"28,91",CPIAUCSL,2024-09-11
1958-07-01,"28,89",CPIAUCSL,2024-09-11
1958-08-01,"28,94",CPIAUCSL,2024-09-11
1958-09-01,"28,91",CPIAUCSL,2024-09-11
1958-10-01,"28,91",CPIAUCSL,2024-09-11
1958-11-01,"28,95",CPIAUCSL,2024-09-11
1958-12-01,"28,97",CPIAUCSL,2024-09-11
1959-01-01,"29,01",CPIAUCSL,2024-09-11
1959-02-01,29,CPIAUCSL,2024-09-11
1959-03-01,"28,97",CPIAUCSL,2024-09-11
1959-04-01,"28,98",CPIAUCSL,2024-09-11
1959-05-01,"29,04",CPIAUCSL,2024-09-11
1959-06-01,"29,11",CPIAUCSL,2024-09-11
1959-07-01,"29,15",CPIAUCSL,2024-09-11
1959-08-01,"29,18",CPIAUCSL,2024-09-11
1959-09-01,"29,25",CPIAUCSL,2024-09-11
1959-10-01,"29,35",CPIAUCSL,2024-09-11
1959-11-01,"29,35",CPIAUCSL,2024-09-11
1959-12-01,"29,41",CPIAUCSL,2024-09-11
1960-01-01,"29,37",CPIAUCSL,2024-09-11
1960-02-01,"29,41",CPIAUCSL,2024-09-11
1960-03-01,"29,41",CPIAUCSL,2024-09-11
1960-04-01,"29,54",CPIAUCSL,2024-09-11
1960-05-01,"29,57",CPIAUCSL,2024-09-11
1960-06-01,"29,61",CPIAUCSL,2024-09-11
1960-07-01,"29,55",CPIAUCSL,2024-09-11
1960-08-01,"29,61",CPIAUCSL,2024-09-11
1960-09-01,"29,61",CPIAUCSL,2024-09-11
1960-10-01,"29,75",CPIAUCSL,2024-09-11
1960-11-01,"29,78",CPIAUCSL,2024-09-11
1960-12-01,"29,81",CPIAUCSL,2024-09-11
1961-01-01,"29,84",CPIAUCSL,2024-09-11
1961-02-01,"29,84",CPIAUCSL,2024-09-11
1961-03-01,"29,84",CPIAUCSL,2024-09-11
1961-04-01,"29,81",CPIAUCSL,2024-09-11
1961-05-01,"29,84",CPIAUCSL,2024-09-11
1961-06-01,"29,84",CPIAUCSL,2024-09-11
1961-07-01,"29,92",CPIAUCSL,2024-09-11
1961-08-01,"29,94",CPIAUCSL,2024-09-11
1961-09-01,"29,98",CPIAUCSL,2024-09-11
1961-10-01,"29,98",CPIAUCSL,2024-09-11
1961-11-01,"29,98",CPIAUCSL,2024-09-11
1961-12-01,"30,01",CPIAUCSL,2024-09-11
1962-01-01,"30,04",CPIAUCSL,2024-09-11
1962-02-01,"30,11",CPIAUCSL,2024-09-11
1962-03-01,"30,17",CPIAUCSL,2024-09-11
1962-04-01,"30,21",CPIAUCSL,2024-09-11
1962-05-01,"30,24",CPIAUCSL,2024-09-11
1962-06-01,"30,21",CPIAUCSL,2024-09-11
1962-07-01,"30,22",CPIAUCSL,2024-09-11
1962-08-01,"30,28",CPIAUCSL,2024-09-11
1962-09-01,"30,42",CPIAUCSL,2024-09-11
1962-10-01,"30,38",CPIAUCSL,2024-09-11
1962-11-01,"30,38",CPIAUCSL,2024-09-11
1962-12-01,"30,38",CPIAUCSL,2024-09-11
1963-01-01,"30,44",CPIAUCSL,2024-09-11
1963-02-01,"30,48",CPIAUCSL,2024-09-11
1963-03-01,"30,51",CPIAUCSL,2024-09-11
1963-04-01,"30,48",CPIAUCSL,2024-09-11
1963-05-01,"30,51",CPIAUCSL,2024-09-11
1963-06-01,"30,61",CPIAUCSL,2024-09-11
1963-07-01,"30,69",CPIAUCSL,2024-09-11
1963-08-01,"30,75",CPIAUCSL,2024-09-11
1963-09-01,"30,72",CPIAUCSL,2024-09-11
1963-10-01,"30,75",CPIAUCSL,2024-09-11
1963-11-01,"30,78",CPIAUCSL,2024-09-11
1963-12-01,"30,88",CPIAUCSL,2024-09-11
1964-01-01,"30,94",CPIAUCSL,2024-09-11
1964-02-01,"30,91",CPIAUCSL,2024-09-11
1964-03-01,"30,94",CPIAUCSL,2024-09-11
1964-04-01,"30,95",CPIAUCSL,2024-09-11
1964-05-01,"30,98",CPIAUCSL,2024-09-11
1964-06-01,"31,01",CPIAUCSL,2024-09-11
1964-07-01,"31,02",CPIAUCSL,2024-09-11
1964-08-01,"31,05",CPIAUCSL,2024-09-11
1964-09-01,"31,08",CPIAUCSL,2024-09-11
1964-10-01,"31,12",CPIAUCSL,2024-09-11
1964-11-01,"31,21",CPIAUCSL,2024-09-11
1964-12-01,"31,25",CPIAUCSL,2024-09-11
1965-01-01,"31,28",CPIAUCSL,2024-09-11
1965-02-01,"31,28",CPIAUCSL,2024-09-11
1965-03-01,"31,31",CPIAUCSL,2024-09-11
1965-04-01,"31,38",CPIAUCSL,2024-09-11
1965-05-01,"31,48",CPIAUCSL,2024-09-11
1965-06-01,"31,61",CPIAUCSL,2024-09-11
1965-07-01,"31,58",CPIAUCSL,2024-09-11
1965-08-01,"31,55",CPIAUCSL,2024-09-11
1965-09-01,"31,62",CPIAUCSL,2024-09-11
1965-10-01,"31,65",CPIAUCSL,2024-09-11
1965-11-01,"31,75",CPIAUCSL,2024-09-11
1965-12-01,"31,85",CPIAUCSL,2024-09-11
1966-01-01,"31,88",CPIAUCSL,2024-09-11
1966-02-01,"32,08",CPIAUCSL,2024-09-11
1966-03-01,"32,18",CPIAUCSL,2024-09-11
1966-04-01,"32,28",CPIAUCSL,2024-09-11
1966-05-01,"32,35",CPIAUCSL,2024-09-11
1966-06-01,"32,38",CPIAUCSL,2024-09-11
1966-07-01,"32,45",CPIAUCSL,2024-09-11
1966-08-01,"32,65",CPIAUCSL,2024-09-11
1966-09-01,"32,75",CPIAUCSL,2024-09-11
1966-10-01,"32,85",CPIAUCSL,2024-09-11
1966-11-01,"32,88",CPIAUCSL,2024-09-11
1966-12-01,"32,92",CPIAUCSL,2024-09-11
1967-01-01,"32,9",CPIAUCSL,2024-09-11
1967-02-01,33,CPIAUCSL,2024-09-11
1967-03-01,33,CPIAUCSL,2024-09-11
1967-04-01,"33,1",CPIAUCSL,2024-09-11
1967-05-01,"33,1",CPIAUCSL,2024-09-11
1967-06-01,"33,3",CPIAUCSL,2024-09-11
1967-07-01,"33,4",CPIAUCSL,2024-09-11
1967-08-01,"33,5",CPIAUCSL,2024-09-11
1967-09-01,"33,6",CPIAUCSL,2024-09-11
1967-10-01,"33,7",CPIAUCSL,2024-09-11
1967-11-01,"33,9",CPIAUCSL,2024-09-11
1967-12-01,34,CPIAUCSL,2024-09-11
1968-01-01,"34,1",CPIAUCSL,2024-09-11
1968-02-01,"34,2",CPIAUCSL,2024-09-11
1968-03-01,"34,3",CPIAUCSL,2024-09-11
1968-04-01,"34,4",CPIAUCSL,2024-09-11
1968-05-01,"34,5",CPIAUCSL,2024-09-11
1968-06-01,"34,7",CPIAUCSL,2024-09-11
1968-07-01,"34,9",CPIAUCSL,2024-09-11
1968-08-01,35,CPIAUCSL,2024-09-11
1968-09-01,"35,1",CPIAUCSL,2024-09-11
1968-10-01,"35,3",CPIAUCSL,2024-09-11
1968-11-01,"35,4",CPIAUCSL,2024-09-11
1968-12-01,"35,6",CPIAUCSL,2024-09-11
1969-01-01,"35,7",CPIAUCSL,2024-09-11
1969-02-01,"35,8",CPIAUCSL,2024-09-11
1969-03-01,"36,1",CPIAUCSL,2024-09-11
1969-04-01,"36,3",CPIAUCSL,2024-09-11
1969-05-01,"36,4",CPIAUCSL,2024-09-11
1969-06-01,"36,6",CPIAUCSL,2024-09-11
1969-07-01,"36,8",CPIAUCSL,2024-09-11
1969-08-01,"36,9",CPIAUCSL,2024-09-11
1969-09-01,"37,1",CPIAUCSL,2024-09-11
1969-10-01,"37,3",CPIAUCSL,2024-09-11
1969-11-01,"37,5",CPIAUCSL,2024-09-11
1969-12-01,"37,7",CPIAUCSL,2024-09-11
1970-01-01,"37,9",CPIAUCSL,2024-09-11
1970-02-01,"38,1",CPIAUCSL,2024-09-11
1970-03-01,"38,3",CPIAUCSL,2024-09-11
1970-04-01,"38,5",CPIAUCSL,2024-09-11
1970-05-01,"38,6",CPIAUCSL,2024-09-11
1970-06-01,"38,8",CPIAUCSL,2024-09-11
1970-07-01,"38,9",CPIAUCSL,2024-09-11
1970-08-01,39,CPIAUCSL,2024-09-11
1970-09-01,"39,2",CPIAUCSL,2024-09-11
1970-10-01,"39,4",CPIAUCSL,2024-09-11
1970-11-01,"39,6",CPIAUCSL,2024-09-11
1970-12-01,"39,8",CPIAUCSL,2024-09-11
1971-01-01,"39,9",CPIAUCSL,2024-09-11
1971-02-01,"39,9",CPIAUCSL,2024-09-11
1971-03-01,40,CPIAUCSL,2024-09-11
1971-04-01,"40,1",CPIAUCSL,2024-09-11
1971-05-01,"40,3",CPIAUCSL,2024-09-11
1971-06-01,"40,5",CPIAUCSL,2024-09-11
1971-07-01,"40,6",CPIAUCSL,2024-09-11
1971-08-01,"40,7",CPIAUCSL,2024-09-11
1971-09-01,"40,8",CPIAUCSL,2024-09-11
1971-10-01,"40,9",CPIAUCSL,2024-09-11
1971-11-01,41,CPIAUCSL,2024-09-11
1971-12-01,"41,1",CPIAUCSL,2024-09-11
1972-01-01,"41,2",CPIAUCSL,2024-09-11
1972-02-01,"41,4",CPIAUCSL,2024-09-11
1972-03-01,"41,4",CPIAUCSL,2024-09-11
1972-04-01,"41,5",CPIAUCSL,2024-09-11
1972-05-01,"41,6",CPIAUCSL,2024-09-11
1972-06-01,"41,7",CPIAUCSL,2024-09-11
1972-07-01,"41,8",CPIAUCSL,2024-09-11
1972-08-01,"41,9",CPIAUCSL,2024-09-11
1972-09-01,"42,1",CPIAUCSL,2024-09-11
1972-10-01,"42,2",CPIAUCSL,2024-09-11
1972-11-01,"42,4",CPIAUCSL,2024-09-11
1972-12-01,"42,5",CPIAUCSL,2024-09-11
1973-01-01,"42,7",CPIAUCSL,2024-09-11
1973-02-01,43,CPIAUCSL,2024-09-11
1973-03-01,"43,4",CPIAUCSL,2024-09-11
1973-04-01,"43,7",CPIAUCSL,2024-09-11
1973-05-01,"43,9",CPIAUCSL,2024-09-11
1973-06-01,"44,2",CPIAUCSL,2024-09-11
1973-07-01,"44,2",CPIAUCSL,2024-09-11
1973-08-01,45,CPIAUCSL,2024-09-11
1973-09-01,"45,2",CPIAUCSL,2024-09-11
1973-10-01,"45,6",CPIAUCSL,2024-09-11
1973-11-01,"45,9",CPIAUCSL,2024-09-11
1973-12-01,"46,3",CPIAUCSL,2024-09-11
1974-01-01,"46,8",CPIAUCSL,2024-09-11
1974-02-01,"47,3",CPIAUCSL,2024-09-11
1974-03-01,"47,8",CPIAUCSL,2024-09-11
1974-04-01,"48,1",CPIAUCSL,2024-09-11
1974-05-01,"48,6",CPIAUCSL,2024-09-11
1974-06-01,49,CPIAUCSL,2024-09-11
1974-07-01,"49,3",CPIAUCSL,2024-09-11
1974-08-01,"49,9",CPIAUCSL,2024-09-11
1974-09-01,"50,6",CPIAUCSL,2024-09-11
1974-10-01,51,CPIAUCSL,2024-09-11
1974-11-01,"51,5",CPIAUCSL,2024-09-11
1974-12-01,"51,9",CPIAUCSL,2024-09-11
1975-01-01,"52,3",CPIAUCSL,2024-09-11
1975-02-01,"52,6",CPIAUCSL,2024-09-11
1975-03-01,"52,8",CPIAUCSL,2024-09-11
1975-04-01,53,CPIAUCSL,2024-09-11
1975-05-01,"53,1",CPIAUCSL,2024-09-11
1975-06-01,"53,5",CPIAUCSL,2024-09-11
1975-07-01,54,CPIAUCSL,2024-09-11
1975-08-01,"54,2",CPIAUCSL,2024-09-11
1975-09-01,"54,6",CPIAUCSL,2024-09-11
1975-10-01,"54,9",CPIAUCSL,2024-09-11
1975-11-01,"55,3",CPIAUCSL,2024-09-11
1975-12-01,"55,6",CPIAUCSL,2024-09-11
1976-01-01,"55,8",CPIAUCSL,2024-09-11
1976-02-01,"55,9",CPIAUCSL,2024-09-11
1976-03-01,56,CPIAUCSL,2024-09-11
1976-04-01,"56,1",CPIAUCSL,2024-09-11
1976-05-01,"56,4",CPIAUCSL,2024-09-11
1976-06-01,"56,7",CPIAUCSL,2024-09-11
1976-07-01,57,CPIAUCSL,2024-09-11
1976-08-01,"57,3",CPIAUCSL,2024-09-11
1976-09-01,"57,6",CPIAUCSL,2024-09-11
1976-10-01,"57,9",CPIAUCSL,2024-09-11
1976-11-01,"58,1",CPIAUCSL,2024-09-11
1976-12-01,"58,4",CPIAUCSL,2024-09-11
1977-01-01,"58,7",CPIAUCSL,2024-09-11
1977-02-01,"59,3",CPIAUCSL,2024-09-11
1977-03-01,"59,6",CPIAUCSL,2024-09-11
1977-04-01,60,CPIAUCSL,2024-09-11
1977-05-01,"60,2",CPIAUCSL,2024-09-11
1977-06-01,"60,5",CPIAUCSL,2024-09-11
1977-07-01,"60,8",CPIAUCSL,2024-09-11
1977-08-01,"61,1",CPIAUCSL,2024-09-11
1977-09-01,"61,3",CPIAUCSL,2024-09-11
1977-10-01,"61,6",CPIAUCSL,2024-09-11
1977-11-01,62,CPIAUCSL,2024-09-11
1977-12-01,"62,3",CPIAUCSL,2024-09-11
1978-01-01,"62,7",CPIAUCSL,2024-09-11
1978-02-01,63,CPIAUCSL,2024-09-11
1978-03-01,"63,4",CPIAUCSL,2024-09-11
1978-04-01,"63,9",CPIAUCSL,2024-09-11
1978-05-01,"64,5",CPIAUCSL,2024-09-11
1978-06-01,65,CPIAUCSL,2024-09-11
1978-07-01,"65,5",CPIAUCSL,2024-09-11
1978-08-01,"65,9",CPIAUCSL,2024-09-11
1978-09-01,"66,5",CPIAUCSL,2024-09-11
1978-10-01,"67,1",CPIAUCSL,2024-09-11
1978-11-01,"67,5",CPIAUCSL,2024-09-11
1978-12-01,"67,9",CPIAUCSL,2024-09-11
1979-01-01,"68,5",CPIAUCSL,2024-09-11
1979-02-01,"69,2",CPIAUCSL,2024-09-11
1979-03-01,"69,9",CPIAUCSL,2024-09-11
1979-04-01,"70,6",CPIAUCSL,2024-09-11
1979-05-01,"71,4",CPIAUCSL,2024-09-11
1979-06-01,"72,2",CPIAUCSL,2024-09-11
1979-07-01,73,CPIAUCSL,2024-09-11
1979-08-01,"73,7",CPIAUCSL,2024-09-11
1979-09-01,"74,4",CPIAUCSL,2024-09-11
1979-10-01,"75,2",CPIAUCSL,2024-09-11
1979-11-01,76,CPIAUCSL,2024-09-11
1979-12-01,"76,9",CPIAUCSL,2024-09-11
1980-01-01,78,CPIAUCSL,2024-09-11
1980-02-01,79,CPIAUCSL,2024-09-11
1980-03-01,"80,1",CPIAUCSL,2024-09-11
1980-04-01,"80,9",CPIAUCSL,2024-09-11
1980-05-01,"81,7",CPIAUCSL,2024-09-11
1980-06-01,"82,5",CPIAUCSL,2024-09-11
1980-07-01,"82,6",CPIAUCSL,2024-09-11
1980-08-01,"83,2",CPIAUCSL,2024-09-11
1980-09-01,"83,9",CPIAUCSL,2024-09-11
1980-10-01,"84,7",CPIAUCSL,2024-09-11
1980-11-01,"85,6",CPIAUCSL,2024-09-11
1980-12-01,"86,4",CPIAUCSL,2024-09-11
1981-01-01,"87,2",CPIAUCSL,2024-09-11
1981-02-01,88,CPIAUCSL,2024-09-11
1981-03-01,"88,6",CPIAUCSL,2024-09-11
1981-04-01,"89,1",CPIAUCSL,2024-09-11
1981-05-01,"89,7",CPIAUCSL,2024-09-11
1981-06-01,"90,5",CPIAUCSL,2024-09-11
1981-07-01,"91,5",CPIAUCSL,2024-09-11
1981-08-01,"92,2",CPIAUCSL,2024-09-11
1981-09-01,"93,1",CPIAUCSL,2024-09-11
1981-10-01,"93,4",CPIAUCSL,2024-09-11
1981-11-01,"93,8",CPIAUCSL,2024-09-11
1981-12-01,"94,1",CPIAUCSL,2024-09-11
1982-01-01,"94,4",CPIAUCSL,2024-09-11
1982-02-01,"94,7",CPIAUCSL,2024-09-11
1982-03-01,"94,7",CPIAUCSL,2024-09-11
1982-04-01,95,CPIAUCSL,2024-09-11
1982-05-01,"95,9",CPIAUCSL,2024-09-11
1982-06-01,97,CPIAUCSL,2024-09-11
1982-07-01,"97,5",CPIAUCSL,2024-09-11
1982-08-01,"97,7",CPIAUCSL,2024-09-11
1982-09-01,"97,7",CPIAUCSL,2024-09-11
1982-10-01,"98,1",CPIAUCSL,2024-09-11
1982-11-01,98,CPIAUCSL,2024-09-11
1982-12-01,"97,7",CPIAUCSL,2024-09-11
1983-01-01,"97,9",CPIAUCSL,2024-09-11
1983-02-01,98,CPIAUCSL,2024-09-11
1983-03-01,"98,1",CPIAUCSL,2024-09-11
1983-04-01,"98,8",CPIAUCSL,2024-09-11
1983-05-01,"99,2",CPIAUCSL,2024-09-11
1983-06-01,"99,4",CPIAUCSL,2024-09-11
1983-07-01,"99,8",CPIAUCSL,2024-09-11
1983-08-01,"100,1",CPIAUCSL,2024-09-11
1983-09-01,"100,4",CPIAUCSL,2024-09-11
1983-10-01,"100,8",CPIAUCSL,2024-09-11
1983-11-01,"101,1",CPIAUCSL,2024-09-11
1983-12-01,"101,4",CPIAUCSL,2024-09-11
1984-01-01,"102,1",CPIAUCSL,2024-09-11
1984-02-01,"102,6",CPIAUCSL,2024-09-11
1984-03-01,"102,9",CPIAUCSL,2024-09-11
1984-04-01,"103,3",CPIAUCSL,2024-09-11
1984-05-01,"103,5",CPIAUCSL,2024-09-11
1984-06-01,"103,7",CPIAUCSL,2024-09-11
1984-07-01,"104,1",CPIAUCSL,2024-09-11
1984-08-01,"104,4",CPIAUCSL,2024-09-11
1984-09-01,"104,7",CPIAUCSL,2024-09-11
1984-10-01,"105,1",CPIAUCSL,2024-09-11
1984-11-01,"105,3",CPIAUCSL,2024-09-11
1984-12-01,"105,5",CPIAUCSL,2024-09-11
1985-01-01,"105,7",CPIAUCSL,2024-09-11
1985-02-01,"106,3",CPIAUCSL,2024-09-11
1985-03-01,"106,8",CPIAUCSL,2024-09-11
1985-04-01,107,CPIAUCSL,2024-09-11
1985-05-01,"107,2",CPIAUCSL,2024-09-11
1985-06-01,"107,5",CPIAUCSL,2024-09-11
1985-07-01,"107,7",CPIAUCSL,2024-09-11
1985-08-01,"107,9",CPIAUCSL,2024-09-11
1985-09-01,"108,1",CPIAUCSL,2024-09-11
1985-10-01,"108,5",CPIAUCSL,2024-09-11
1985-11-01,109,CPIAUCSL,2024-09-11
1985-12-01,"109,5",CPIAUCSL,2024-09-11
1986-01-01,"109,9",CPIAUCSL,2024-09-11
1986-02-01,"109,7",CPIAUCSL,2024-09-11
1986-03-01,"109,1",CPIAUCSL,2024-09-11
1986-04-01,"108,7",CPIAUCSL,2024-09-11
1986-05-01,109,CPIAUCSL,2024-09-11
1986-06-01,"109,4",CPIAUCSL,2024-09-11
1986-07-01,"109,5",CPIAUCSL,2024-09-11
1986-08-01,"109,6",CPIAUCSL,2024-09-11
1986-09-01,110,CPIAUCSL,2024-09-11
1986-10-01,"110,2",CPIAUCSL,2024-09-11
1986-11-01,"110,4",CPIAUCSL,2024-09-11
1986-12-01,"110,8",CPIAUCSL,2024-09-11
1987-01-01,"111,4",CPIAUCSL,2024-09-11
1987-02-01,"111,8",CPIAUCSL,2024-09-11
1987-03-01,"112,2",CPIAUCSL,2024-09-11
1987-04-01,"112,7",CPIAUCSL,2024-09-11
1987-05-01,113,CPIAUCSL,2024-09-11
1987-06-01,"113,5",CPIAUCSL,2024-09-11
1987-07-01,"113,8",CPIAUCSL,2024-09-11
1987-08-01,"114,3",CPIAUCSL,2024-09-11
1987-09-01,"114,7",CPIAUCSL,2024-09-11
1987-10-01,115,CPIAUCSL,2024-09-11
1987-11-01,"115,4",CPIAUCSL,2024-09-11
1987-12-01,"115,6",CPIAUCSL,2024-09-11
1988-01-01,116,CPIAUCSL,2024-09-11
1988-02-01,"116,2",CPIAUCSL,2024-09-11
1988-03-01,"116,5",CPIAUCSL,2024-09-11
1988-04-01,"117,2",CPIAUCSL,2024-09-11
1988-05-01,"117,5",CPIAUCSL,2024-09-11
1988-06-01,118,CPIAUCSL,2024-09-11
1988-07-01,"118,5",CPIAUCSL,2024-09-11
1988-08-01,119,CPIAUCSL,2024-09-11
1988-09-01,"119,5",CPIAUCSL,2024-09-11
1988-10-01,"119,9",CPIAUCSL,2024-09-11
1988-11-01,"120,3",CPIAUCSL,2024-09-11
1988-12-01,"120,7",CPIAUCSL,2024-09-11
1989-01-01,"121,2",CPIAUCSL,2024-09-11
1989-02-01,"121,6",CPIAUCSL,2024-09-11
1989-03-01,"122,2",CPIAUCSL,2024-09-11
1989-04-01,"123,1",CPIAUCSL,2024-09-11
1989-05-01,"123,7",CPIAUCSL,2024-09-11
1989-06-01,"124,1",CPIAUCSL,2024-09-11
1989-07-01,"124,5",CPIAUCSL,2024-09-11
1989-08-01,"124,5",CPIAUCSL,2024-09-11
1989-09-01,"124,8",CPIAUCSL,2024-09-11
1989-10-01,"125,4",CPIAUCSL,2024-09-11
1989-11-01,"125,9",CPIAUCSL,2024-09-11
1989-12-01,"126,3",CPIAUCSL,2024-09-11
1990-01-01,"127,5",CPIAUCSL,2024-09-11
1990-02-01,128,CPIAUCSL,2024-09-11
1990-03-01,"128,6",CPIAUCSL,2024-09-11
1990-04-01,"128,9",CPIAUCSL,2024-09-11
1990-05-01,"129,1",CPIAUCSL,2024-09-11
1990-06-01,"129,9",CPIAUCSL,2024-09-11
1990-07-01,"130,5",CPIAUCSL,2024-09-11
1990-08-01,"131,6",CPIAUCSL,2024-09-11
1990-09-01,"132,5",CPIAUCSL,2024-09-11
1990-10-01,"133,4",CPIAUCSL,2024-09-11
1990-11-01,"133,7",CPIAUCSL,2024-09-11
1990-12-01,"134,2",CPIAUCSL,2024-09-11
1991-01-01,"134,7",CPIAUCSL,2024-09-11
1991-02-01,"134,8",CPIAUCSL,2024-09-11
1991-03-01,"134,8",CPIAUCSL,2024-09-11
1991-04-01,"135,1",CPIAUCSL,2024-09-11
1991-05-01,"135,6",CPIAUCSL,2024-09-11
1991-06-01,136,CPIAUCSL,2024-09-11
1991-07-01,"136,2",CPIAUCSL,2024-09-11
1991-08-01,"136,6",CPIAUCSL,2024-09-11
1991-09-01,137,CPIAUCSL,2024-09-11
1991-10-01,"137,2",CPIAUCSL,2024-09-11
1991-11-01,"137,8",CPIAUCSL,2024-09-11
1991-12-01,"138,2",CPIAUCSL,2024-09-11
1992-01-01,"138,3",CPIAUCSL,2024-09-11
1992-02-01,"138,6",CPIAUCSL,2024-09-11
1992-03-01,"139,1",CPIAUCSL,2024-09-11
1992-04-01,"139,4",CPIAUCSL,2024-09-11
1992-05-01,"139,7",CPIAUCSL,2024-09-11
1992-06-01,"140,1",CPIAUCSL,2024-09-11
1992-07-01,"140,5",CPIAUCSL,2024-09-11
1992-08-01,"140,8",CPIAUCSL,2024-09-11
1992-09-01,"141,1",CPIAUCSL,2024-09-11
1992-10-01,"141,7",CPIAUCSL,2024-09-11
1992-11-01,"142,1",CPIAUCSL,2024-09-11
1992-12-01,"142,3",CPIAUCSL,2024-09-11
1993-01-01,"142,8",CPIAUCSL,2024-09-11
1993-02-01,"143,1",CPIAUCSL,2024-09-11
1993-03-01,"143,3",CPIAUCSL,2024-09-11
1993-04-01,"143,8",CPIAUCSL,2024-09-11
1993-05-01,"144,2",CPIAUCSL,2024-09-11
1993-06-01,"144,3",CPIAUCSL,2024-09-11
1993-07-01,"144,5",CPIAUCSL,2024-09-11
1993-08-01,"144,8",CPIAUCSL,2024-09-11
1993-09-01,145,CPIAUCSL,2024-09-11
1993-10-01,"145,6",CPIAUCSL,2024-09-11
1993-11-01,146,CPIAUCSL,2024-09-11
1993-12-01,"146,3",CPIAUCSL,2024-09-11
1994-01-01,"146,3",CPIAUCSL,2024-09-11
1994-02-01,"146,7",CPIAUCSL,2024-09-11
1994-03-01,"147,1",CPIAUCSL,2024-09-11
1994-04-01,"147,2",CPIAUCSL,2024-09-11
1994-05-01,"147,5",CPIAUCSL,2024-09-11
1994-06-01,"147,9",CPIAUCSL,2024-09-11
1994-07-01,"148,4",CPIAUCSL,2024-09-11
1994-08-01,149,CPIAUCSL,2024-09-11
1994-09-01,"149,3",CPIAUCSL,2024-09-11
1994-10-01,"149,4",CPIAUCSL,2024-09-11
1994-11-01,"149,8",CPIAUCSL,2024-09-11
1994-12-01,"150,1",CPIAUCSL,2024-09-11
1995-01-01,"150,5",CPIAUCSL,2024-09-11
1995-02-01,"150,9",CPIAUCSL,2024-09-11
1995-03-01,"151,2",CPIAUCSL,2024-09-11
1995-04-01,"151,8",CPIAUCSL,2024-09-11
1995-05-01,"152,1",CPIAUCSL,2024-09-11
1995-06-01,"152,4",CPIAUCSL,2024-09-11
1995-07-01,"152,6",CPIAUCSL,2024-09-11
1995-08-01,"152,9",CPIAUCSL,2024-09-11
1995-09-01,"153,1",CPIAUCSL,2024-09-11
1995-10-01,"153,5",CPIAUCSL,2024-09-11
1995-11-01,"153,7",CPIAUCSL,2024-09-11
1995-12-01,"153,9",CPIAUCSL,2024-09-11
1996-01-01,"154,7",CPIAUCSL,2024-09-11
1996-02-01,155,CPIAUCSL,2024-09-11
1996-03-01,"155,5",CPIAUCSL,2024-09-11
1996-04-01,"156,1",CPIAUCSL,2024-09-11
1996-05-01,"156,4",CPIAUCSL,2024-09-11
1996-06-01,"156,7",CPIAUCSL,2024-09-11
1996-07-01,157,CPIAUCSL,2024-09-11
1996-08-01,"157,2",CPIAUCSL,2024-09-11
1996-09-01,"157,7",CPIAUCSL,2024-09-11
1996-10-01,"158,2",CPIAUCSL,2024-09-11
1996-11-01,"158,7",CPIAUCSL,2024-09-11
1996-12-01,"159,1",CPIAUCSL,2024-09-11
1997-01-01,"159,4",CPIAUCSL,2024-09-11
1997-02-01,"159,7",CPIAUCSL,2024-09-11
1997-03-01,"159,8",CPIAUCSL,2024-09-11
1997-04-01,"159,9",CPIAUCSL,2024-09-11
1997-05-01,"159,9",CPIAUCSL,2024-09-11
1997-06-01,"160,2",CPIAUCSL,2024-09-11
1997-07-01,"160,4",CPIAUCSL,2024-09-11
1997-08-01,"160,8",CPIAUCSL,2024-09-11
1997-09-01,"161,2",CPIAUCSL,2024-09-11
1997-10-01,"161,5",CPIAUCSL,2024-09-11
1997-11-01,"161,7",CPIAUCSL,2024-09-11
1997-12-01,"161,8",CPIAUCSL,2024-09-11
1998-01-01,162,CPIAUCSL,2024-09-11
1998-02-01,162,CPIAUCSL,2024-09-11
1998-03-01,162,CPIAUCSL,2024-09-11
1998-04-01,"162,2",CPIAUCSL,2024-09-11
1998-05-01,"162,6",CPIAUCSL,2024-09-11
1998-06-01,"162,8",CPIAUCSL,2024-09-11
1998-07-01,"163,2",CPIAUCSL,2024-09-11
1998-08-01,"163,4",CPIAUCSL,2024-09-11
1998-09-01,"163,5",CPIAUCSL,2024-09-11
1998-10-01,"163,9",CPIAUCSL,2024-09-11
1998-11-01,"164,1",CPIAUCSL,2024-09-11
1998-12-01,"164,4",CPIAUCSL,2024-09-11
1999-01-01,"164,7",CPIAUCSL,2024-09-11
1999-02-01,"164,7",CPIAUCSL,2024-09-11
1999-03-01,"164,8",CPIAUCSL,2024-09-11
1999-04-01,"165,9",CPIAUCSL,2024-09-11
1999-05-01,166,CPIAUCSL,2024-09-11
1999-06-01,166,CPIAUCSL,2024-09-11
1999-07-01,"166,7",CPIAUCSL,2024-09-11
1999-08-01,"167,1",CPIAUCSL,2024-09-11
1999-09-01,"167,8",CPIAUCSL,2024-09-11
1999-10-01,"168,1",CPIAUCSL,2024-09-11
1999-11-01,"168,4",CPIAUCSL,2024-09-11
1999-12-01,"168,8",CPIAUCSL,2024-09-11
2000-01-01,"169,3",CPIAUCSL,2024-09-11
2000-02-01,170,CPIAUCSL,2024-09-11
2000-03-01,171,CPIAUCSL,2024-09-11
2000-04-01,"170,9",CPIAUCSL,2024-09-11
2000-05-01,"171,2",CPIAUCSL,2024-09-11
2000-06-01,"172,2",CPIAUCSL,2024-09-11
2000-07-01,"172,7",CPIAUCSL,2024-09-11
2000-08-01,"172,7",CPIAUCSL,2024-09-11
2000-09-01,"173,6",CPIAUCSL,2024-09-11
2000-10-01,"173,9",CPIAUCSL,2024-09-11
2000-11-01,"174,2",CPIAUCSL,2024-09-11
2000-12-01,"174,6",CPIAUCSL,2024-09-11
2001-01-01,"175,6",CPIAUCSL,2024-09-11
2001-02-01,176,CPIAUCSL,2024-09-11
2001-03-01,"176,1",CPIAUCSL,2024-09-11
2001-04-01,"176,4",CPIAUCSL,2024-09-11
2001-05-01,"177,3",CPIAUCSL,2024-09-11
2001-06-01,"177,7",CPIAUCSL,2024-09-11
2001-07-01,"177,4",CPIAUCSL,2024-09-11
2001-08-01,"177,4",CPIAUCSL,2024-09-11
2001-09-01,"178,1",CPIAUCSL,2024-09-11
2001-10-01,"177,6",CPIAUCSL,2024-09-11
2001-11-01,"177,5",CPIAUCSL,2024-09-11
2001-12-01,"177,4",CPIAUCSL,2024-09-11
2002-01-01,"177,7",CPIAUCSL,2024-09-11
2002-02-01,178,CPIAUCSL,2024-09-11
2002-03-01,"178,5",CPIAUCSL,2024-09-11
2002-04-01,"179,3",CPIAUCSL,2024-09-11
2002-05-01,"179,5",CPIAUCSL,2024-09-11
2002-06-01,"179,6",CPIAUCSL,2024-09-11
2002-07-01,180,CPIAUCSL,2024-09-11
2002-08-01,"180,5",CPIAUCSL,2024-09-11
2002-09-01,"180,8",CPIAUCSL,2024-09-11
2002-10-01,"181,2",CPIAUCSL,2024-09-11
2002-11-01,"181,5",CPIAUCSL,2024-09-11
2002-12-01,"181,8",CPIAUCSL,2024-09-11
2003-01-01,"182,6",CPIAUCSL,2024-09-11
2003-02-01,"183,6",CPIAUCSL,2024-09-11
2003-03-01,"183,9",CPIAUCSL,2024-09-11
2003-04-01,"183,2",CPIAUCSL,2024-09-11
2003-05-01,"182,9",CPIAUCSL,2024-09-11
2003-06-01,"183,1",CPIAUCSL,2024-09-11
2003-07-01,"183,7",CPIAUCSL,2024-09-11
2003-08-01,"184,5",CPIAUCSL,2024-09-11
2003-09-01,"185,1",CPIAUCSL,2024-09-11
2003-10-01,"184,9",CPIAUCSL,2024-09-11
2003-11-01,185,CPIAUCSL,2024-09-11
2003-12-01,"185,5",CPIAUCSL,2024-09-11
2004-01-01,"186,3",CPIAUCSL,2024-09-11
2004-02-01,"186,7",CPIAUCSL,2024-09-11
2004-03-01,"187,1",CPIAUCSL,2024-09-11
2004-04-01,"187,4",CPIAUCSL,2024-09-11
2004-05-01,"188,2",CPIAUCSL,2024-09-11
2004-06-01,"188,9",CPIAUCSL,2024-09-11
2004-07-01,"189,1",CPIAUCSL,2024-09-11
2004-08-01,"189,2",CPIAUCSL,2024-09-11
2004-09-01,"189,8",CPIAUCSL,2024-09-11
2004-10-01,"190,8",CPIAUCSL,2024-09-11
2004-11-01,"191,7",CPIAUCSL,2024-09-11
2004-12-01,"191,7",CPIAUCSL,2024-09-11
2005-01-01,"191,6",CPIAUCSL,2024-09-11
2005-02-01,"192,4",CPIAUCSL,2024-09-11
2005-03-01,"193,1",CPIAUCSL,2024-09-11
2005-04-01,"193,7",CPIAUCSL,2024-09-11
2005-05-01,"193,6",CPIAUCSL,2024-09-11
2005-06-01,"193,7",CPIAUCSL,2024-09-11
2005-07-01,"194,9",CPIAUCSL,2024-09-11
2005-08-01,"196,1",CPIAUCSL,2024-09-11
2005-09-01,"198,8",CPIAUCSL,2024-09-11
2005-10-01,"199,1",CPIAUCSL,2024-09-11
2005-11-01,"198,1",CPIAUCSL,2024-09-11
2005-12-01,"198,1",CPIAUCSL,2024-09-11
2006-01-01,"199,3",CPIAUCSL,2024-09-11
2006-02-01,"199,4",CPIAUCSL,2024-09-11
2006-03-01,"199,7",CPIAUCSL,2024-09-11
2006-04-01,"200,7",CPIAUCSL,2024-09-11
2006-05-01,"201,3",CPIAUCSL,2024-09-11
2006-06-01,"201,8",CPIAUCSL,2024-09-11
2006-07-01,"202,9",CPIAUCSL,2024-09-11
2006-08-01,"203,8",CPIAUCSL,2024-09-11
2006-09-01,"202,8",CPIAUCSL,2024-09-11
2006-10-01,"201,9",CPIAUCSL,2024-09-11
2006-11-01,202,CPIAUCSL,2024-09-11
2006-12-01,"203,1",CPIAUCSL,2024-09-11
2007-01-01,"203,437",CPIAUCSL,2024-09-11
2007-02-01,"204,226",CPIAUCSL,2024-09-11
2007-03-01,"205,288",CPIAUCSL,2024-09-11
2007-04-01,"205,904",CPIAUCSL,2024-09-11
2007-05-01,"206,755",CPIAUCSL,2024-09-11
2007-06-01,"207,234",CPIAUCSL,2024-09-11
2007-07-01,"207,603",CPIAUCSL,2024-09-11
2007-08-01,"207,667",CPIAUCSL,2024-09-11
2007-09-01,"208,547",CPIAUCSL,2024-09-11
2007-10-01,"209,19",CPIAUCSL,2024-09-11
2007-11-01,"210,834",CPIAUCSL,2024-09-11
2007-12-01,"211,445",CPIAUCSL,2024-09-11
2008-01-01,"212,174",CPIAUCSL,2024-09-11
2008-02-01,"212,687",CPIAUCSL,2024-09-11
2008-03-01,"213,448",CPIAUCSL,2024-09-11
2008-04-01,"213,942",CPIAUCSL,2024-09-11
2008-05-01,"215,208",CPIAUCSL,2024-09-11
2008-06-01,"217,463",CPIAUCSL,2024-09-11
2008-07-01,"219,016",CPIAUCSL,2024-09-11
2008-08-01,"218,69",CPIAUCSL,2024-09-11
2008-09-01,"218,877",CPIAUCSL,2024-09-11
2008-10-01,"216,995",CPIAUCSL,2024-09-11
2008-11-01,"213,153",CPIAUCSL,2024-09-11
2008-12-01,"211,398",CPIAUCSL,2024-09-11
2009-01-01,"211,933",CPIAUCSL,2024-09-11
2009-02-01,"212,705",CPIAUCSL,2024-09-11
2009-03-01,"212,495",CPIAUCSL,2024-09-11
2009-04-01,"212,709",CPIAUCSL,2024-09-11
2009-05-01,"213,022",CPIAUCSL,2024-09-11
2009-06-01,"214,79",CPIAUCSL,2024-09-11
2009-07-01,"214,726",CPIAUCSL,2024-09-11
2009-08-01,"215,445",CPIAUCSL,2024-09-11
2009-09-01,"215,861",CPIAUCSL,2024-09-11
2009-10-01,"216,509",CPIAUCSL,2024-09-11
2009-11-01,"217,234",CPIAUCSL,2024-09-11
2009-12-01,"217,347",CPIAUCSL,2024-09-11
2010-01-01,"217,488",CPIAUCSL,2024-09-11
2010-02-01,"217,281",CPIAUCSL,2024-09-11
2010-03-01,"217,353",CPIAUCSL,2024-09-11
2010-04-01,"217,403",CPIAUCSL,2024-09-11
2010-05-01,"217,29",CPIAUCSL,2024-09-11
2010-06-01,"217,199",CPIAUCSL,2024-09-11
2010-07-01,"217,605",CPIAUCSL,2024-09-11
2010-08-01,"217,923",CPIAUCSL,2024-09-11
2010-09-01,"218,275",CPIAUCSL,2024-09-11
2010-10-01,"219,035",CPIAUCSL,2024-09-11
2010-11-01,"219,59",CPIAUCSL,2024-09-11
2010-12-01,"220,472",CPIAUCSL,2024-09-11
2011-01-01,"221,187",CPIAUCSL,2024-09-11
2011-02-01,"221,898",CPIAUCSL,2024-09-11
2011-03-01,"223,046",CPIAUCSL,2024-09-11
2011-04-01,"224,093",CPIAUCSL,2024-09-11
2011-05-01,"224,806",CPIAUCSL,2024-09-11
2011-06-01,"224,806",CPIAUCSL,2024-09-11
2011-07-01,"225,395",CPIAUCSL,2024-09-11
2011-08-01,"226,106",CPIAUCSL,2024-09-11
2011-09-01,"226,597",CPIAUCSL,2024-09-11
2011-10-01,"226,75",CPIAUCSL,2024-09-11
2011-11-01,"227,169",CPIAUCSL,2024-09-11
2011-12-01,"227,223",CPIAUCSL,2024-09-11
2012-01-01,"227,842",CPIAUCSL,2024-09-11
2012-02-01,"228,329",CPIAUCSL,2024-09-11
2012-03-01,"228,807",CPIAUCSL,2024-09-11
2012-04-01,"229,187",CPIAUCSL,2024-09-11
2012-05-01,"228,713",CPIAUCSL,2024-09-11
2012-06-01,"228,524",CPIAUCSL,2024-09-11
2012-07-01,"228,59",CPIAUCSL,2024-09-11
2012-08-01,"229,918",CPIAUCSL,2024-09-11
2012-09-01,"231,015",CPIAUCSL,2024-09-11
2012-10-01,"231,638",CPIAUCSL,2024-09-11
2012-11-01,"231,249",CPIAUCSL,2024-09-11
2012-12-01,"231,221",CPIAUCSL,2024-09-11
2013-01-01,"231,679",CPIAUCSL,2024-09-11
2013-02-01,"232,937",CPIAUCSL,2024-09-11
2013-03-01,"232,282",CPIAUCSL,2024-09-11
2013-04-01,"231,797",CPIAUCSL,2024-09-11
2013-05-01,"231,893",CPIAUCSL,2024-09-11
2013-06-01,"232,445",CPIAUCSL,2024-09-11
2013-07-01,"232,9",CPIAUCSL,2024-09-11
2013-08-01,"233,456",CPIAUCSL,2024-09-11
2013-09-01,"233,544",CPIAUCSL,2024-09-11
2013-10-01,"233,669",CPIAUCSL,2024-09-11
2013-11-01,"234,1",CPIAUCSL,2024-09-11
2013-12-01,"234,719",CPIAUCSL,2024-09-11
2014-01-01,"235,288",CPIAUCSL,2024-09-11
2014-02-01,"235,547",CPIAUCSL,2024-09-11
2014-03-01,"236,028",CPIAUCSL,2024-09-11
2014-04-01,"236,468",CPIAUCSL,2024-09-11
2014-05-01,"236,918",CPIAUCSL,2024-09-11
2014-06-01,"237,231",CPIAUCSL,2024-09-11
2014-07-01,"237,498",CPIAUCSL,2024-09-11
2014-08-01,"237,46",CPIAUCSL,2024-09-11
2014-09-01,"237,477",CPIAUCSL,2024-09-11
2014-10-01,"237,43",CPIAUCSL,2024-09-11
2014-11-01,"236,983",CPIAUCSL,2024-09-11
2014-12-01,"236,252",CPIAUCSL,2024-09-11
2015-01-01,"234,747",CPIAUCSL,2024-09-11
2015-02-01,"235,342",CPIAUCSL,2024-09-11
2015-03-01,"235,976",CPIAUCSL,2024-09-11
2015-04-01,"236,222",CPIAUCSL,2024-09-11
2015-05-01,"237,001",CPIAUCSL,2024-09-11
2015-06-01,"237,657",CPIAUCSL,2024-09-11
2015-07-01,"238,034",CPIAUCSL,2024-09-11
2015-08-01,"238,033",CPIAUCSL,2024-09-11
2015-09-01,"237,498",CPIAUCSL,2024-09-11
2015-10-01,"237,733",CPIAUCSL,2024-09-11
2015-11-01,"238,017",CPIAUCSL,2024-09-11
2015-12-01,"237,761",CPIAUCSL,2024-09-11
2016-01-01,"237,652",CPIAUCSL,2024-09-11
2016-02-01,"237,336",CPIAUCSL,2024-09-11
2016-03-01,"238,08",CPIAUCSL,2024-09-11
2016-04-01,"238,992",CPIAUCSL,2024-09-11
2016-05-01,"239,557",CPIAUCSL,2024-09-11
2016-06-01,"240,222",CPIAUCSL,2024-09-11
2016-07-01,"240,101",CPIAUCSL,2024-09-11
2016-08-01,"240,545",CPIAUCSL,2024-09-11
2016-09-01,"241,176",CPIAUCSL,2024-09-11
2016-10-01,"241,741",CPIAUCSL,2024-09-11
2016-11-01,"242,026",CPIAUCSL,2024-09-11
2016-12-01,"242,637",CPIAUCSL,2024-09-11
2017-01-01,"243,618",CPIAUCSL,2024-09-11
2017-02-01,"244,006",CPIAUCSL,2024-09-11
2017-03-01,"243,892",CPIAUCSL,2024-09-11
2017-04-01,"244,193",CPIAUCSL,2024-09-11
2017-05-01,"244,004",CPIAUCSL,2024-09-11
2017-06-01,"244,163",CPIAUCSL,2024-09-11
2017-07-01,"244,243",CPIAUCSL,2024-09-11
2017-08-01,"245,183",CPIAUCSL,2024-09-11
2017-09-01,"246,435",CPIAUCSL,2024-09-11
2017-10-01,"246,626",CPIAUCSL,2024-09-11
2017-11-01,"247,284",CPIAUCSL,2024-09-11
2017-12-01,"247,805",CPIAUCSL,2024-09-11
2018-01-01,"248,859",CPIAUCSL,2024-09-11
2018-02-01,"249,529",CPIAUCSL,2024-09-11
2018-03-01,"249,577",CPIAUCSL,2024-09-11
2018-04-01,"250,227",CPIAUCSL,2024-09-11
2018-05-01,"250,792",CPIAUCSL,2024-09-11
2018-06-01,"251,018",CPIAUCSL,2024-09-11
2018-07-01,"251,214",CPIAUCSL,2024-09-11
2018-08-01,"251,663",CPIAUCSL,2024-09-11
2018-09-01,"252,182",CPIAUCSL,2024-09-11
2018-10-01,"252,772",CPIAUCSL,2024-09-11
2018-11-01,"252,594",CPIAUCSL,2024-09-11
2018-12-01,"252,767",CPIAUCSL,2024-09-11
2019-01-01,"252,561",CPIAUCSL,2024-09-11
2019-02-01,"253,319",CPIAUCSL,2024-09-11
2019-03-01,"254,277",CPIAUCSL,2024-09-11
2019-04-01,"255,233",CPIAUCSL,2024-09-11
2019-05-01,"255,296",CPIAUCSL,2024-09-11
2019-06-01,"255,213",CPIAUCSL,2024-09-11
2019-07-01,"255,802",CPIAUCSL,2024-09-11
2019-08-01,"256,036",CPIAUCSL,2024-09-11
2019-09-01,"256,43",CPIAUCSL,2024-09-11
2019-10-01,"257,155",CPIAUCSL,2024-09-11
2019-11-01,"257,879",CPIAUCSL,2024-09-11
2019-12-01,"258,63",CPIAUCSL,2024-09-11
2020-01-01,"258,906",CPIAUCSL,2024-09-11
2020-02-01,"259,246",CPIAUCSL,2024-09-11
2020-03-01,"258,15",CPIAUCSL,2024-09-11
2020-04-01,"256,126",CPIAUCSL,2024-09-11
2020-05-01,"255,848",CPIAUCSL,2024-09-11
2020-06-01,"257,004",CPIAUCSL,2024-09-11
2020-07-01,"258,408",CPIAUCSL,2024-09-11
2020-08-01,"259,366",CPIAUCSL,2024-09-11
2020-09-01,"259,951",CPIAUCSL,2024-09-11
2020-10-01,"260,249",CPIAUCSL,2024-09-11
2020-11-01,"260,895",CPIAUCSL,2024-09-11
2020-12-01,"262,005",CPIAUCSL,2024-09-11
2021-01-01,"262,518",CPIAUCSL,2024-09-11
2021-02-01,"263,583",CPIAUCSL,2024-09-11
2021-03-01,"264,91",CPIAUCSL,2024-09-11
2021-04-01,"266,752",CPIAUCSL,2024-09-11
2021-05-01,"268,452",CPIAUCSL,2024-09-11
2021-06-01,"270,664",CPIAUCSL,2024-09-11
2021-07-01,"271,994",CPIAUCSL,2024-09-11
2021-08-01,"272,789",CPIAUCSL,2024-09-11
2021-09-01,"273,887",CPIAUCSL,2024-09-11
2021-10-01,"276,434",CPIAUCSL,2024-09-11
2021-11-01,"278,799",CPIAUCSL,2024-09-11
2021-12-01,"280,808",CPIAUCSL,2024-09-11
2022-01-01,"282,39",CPIAUCSL,2024-09-11
2022-02-01,"284,535",CPIAUCSL,2024-09-11
2022-03-01,"287,553",CPIAUCSL,2024-09-11
2022-04-01,"288,764",CPIAUCSL,2024-09-11
2022-05-01,"291,359",CPIAUCSL,2024-09-11
2022-06-01,"294,996",CPIAUCSL,2024-09-11
2022-07-01,"294,977",CPIAUCSL,2024-09-11
2022-08-01,"295,209",CPIAUCSL,2024-09-11
2022-09-01,"296,341",CPIAUCSL,2024-09-11
2022-10-01,"297,863",CPIAUCSL,2024-09-11
2022-11-01,"298,648",CPIAUCSL,2024-09-11
2022-12-01,"298,812",CPIAUCSL,2024-09-11
2023-01-01,"300,356",CPIAUCSL,2024-09-11
2023-02-01,"301,509",CPIAUCSL,2024-09-11
2023-03-01,"301,744",CPIAUCSL,2024-09-11
2023-04-01,"303,032",CPIAUCSL,2024-09-11
2023-05-01,"303,365",CPIAUCSL,2024-09-11
2023-06-01,"304,003",CPIAUCSL,2024-09-11
2023-07-01,"304,628",CPIAUCSL,2024-09-11
2023-08-01,"306,187",CPIAUCSL,2024-09-11
2023-09-01,"307,288",CPIAUCSL,2024-09-11
2023-10-01,"307,531",CPIAUCSL,2024-09-11
2023-11-01,"308,024",CPIAUCSL,2024-09-11
2023-12-01,"308,742",CPIAUCSL,2024-09-11
2024-01-01,"309,685",CPIAUCSL,2024-09-11
2024-02-01,"311,054",CPIAUCSL,2024-09-11
2024-03-01,"312,23",CPIAUCSL,2024-09-11
2024-04-01,"313,207",CPIAUCSL,2024-09-11
2024-05-01,"313,225",CPIAUCSL,2024-09-11
2024-06-01,"313,049",CPIAUCSL,2024-09-11
2024-07-01,"313,534",CPIAUCSL,2024-09-11
2024-08-01,"314,121",CPIAUCSL,2024-09-11
1957-01-01,"28,5",CPILFESL,2024-09-11
1957-02-01,"28,6",CPILFESL,2024-09-11
1957-03-01,"28,7",CPILFESL,2024-09-11
1957-04-01,"28,8",CPILFESL,2024-09-11
1957-05-01,"28,8",CPILFESL,2024-09-11
1957-06-01,"28,9",CPILFESL,2024-09-11
1957-07-01,29,CPILFESL,2024-09-11
1957-08-01,29,CPILFESL,2024-09-11
1957-09-01,"29,1",CPILFESL,2024-09-11
1957-10-01,"29,2",CPILFESL,2024-09-11
1957-11-01,"29,3",CPILFESL,2024-09-11
1957-12-01,"29,3",CPILFESL,2024-09-11
1958-01-01,"29,3",CPILFESL,2024-09-11
1958-02-01,"29,4",CPILFESL,2024-09-11
1958-03-01,"29,5",CPILFESL,2024-09-11
1958-04-01,"29,5",CPILFESL,2024-09-11
1958-05-01,"29,5",CPILFESL,2024-09-11
1958-06-01,"29,6",CPILFESL,2024-09-11
1958-07-01,"29,6",CPILFESL,2024-09-11
1958-08-01,"29,6",CPILFESL,2024-09-11
1958-09-01,"29,7",CPILFESL,2024-09-11
1958-10-01,"29,7",CPILFESL,2024-09-11
1958-11-01,"29,8",CPILFESL,2024-09-11
1958-12-01,"29,9",CPILFESL,2024-09-11
1959-01-01,"29,9",CPILFESL,2024-09-11
1959-02-01,"29,9",CPILFESL,2024-09-11
1959-03-01,30,CPILFESL,2024-09-11
1959-04-01,30,CPILFESL,2024-09-11
1959-05-01,"30,1",CPILFESL,2024-09-11
1959-06-01,"30,2",CPILFESL,2024-09-11
1959-07-01,"30,2",CPILFESL,2024-09-11
1959-08-01,"30,2",CPILFESL,2024-09-11
1959-09-01,"30,3",CPILFESL,2024-09-11
1959-10-01,"30,4",CPILFESL,2024-09-11
1959-11-01,"30,4",CPILFESL,2024-09-11
1959-12-01,"30,5",CPILFESL,2024-09-11
1960-01-01,"30,5",CPILFESL,2024-09-11
1960-02-01,"30,6",CPILFESL,2024-09-11
1960-03-01,"30,6",CPILFESL,2024-09-11
1960-04-01,"30,6",CPILFESL,2024-09-11
1960-05-01,"30,6",CPILFESL,2024-09-11
1960-06-01,"30,7",CPILFESL,2024-09-11
1960-07-01,"30,6",CPILFESL,2024-09-11
1960-08-01,"30,6",CPILFESL,2024-09-11
1960-09-01,"30,6",CPILFESL,2024-09-11
1960-10-01,"30,8",CPILFESL,2024-09-11
1960-11-01,"30,8",CPILFESL,2024-09-11
1960-12-01,"30,7",CPILFESL,2024-09-11
1961-01-01,"30,8",CPILFESL,2024-09-11
1961-02-01,"30,8",CPILFESL,2024-09-11
1961-03-01,"30,9",CPILFESL,2024-09-11
1961-04-01,"30,9",CPILFESL,2024-09-11
1961-05-01,"30,9",CPILFESL,2024-09-11
1961-06-01,31,CPILFESL,2024-09-11
1961-07-01,31,CPILFESL,2024-09-11
1961-08-01,"31,1",CPILFESL,2024-09-11
1961-09-01,"31,1",CPILFESL,2024-09-11
1961-10-01,"31,1",CPILFESL,2024-09-11
1961-11-01,"31,2",CPILFESL,2024-09-11
1961-12-01,"31,2",CPILFESL,2024-09-11
1962-01-01,"31,2",CPILFESL,2024-09-11
1962-02-01,"31,2",CPILFESL,2024-09-11
1962-03-01,"31,3",CPILFESL,2024-09-11
1962-04-01,"31,3",CPILFESL,2024-09-11
1962-05-01,"31,4",CPILFESL,2024-09-11
1962-06-01,"31,4",CPILFESL,2024-09-11
1962-07-01,"31,4",CPILFESL,2024-09-11
1962-08-01,"31,5",CPILFESL,2024-09-11
1962-09-01,"31,5",CPILFESL,2024-09-11
1962-10-01,"31,5",CPILFESL,2024-09-11
1962-11-01,"31,5",CPILFESL,2024-09-11
1962-12-01,"31,6",CPILFESL,2024-09-11
1963-01-01,"31,5",CPILFESL,2024-09-11
1963-02-01,"31,6",CPILFESL,2024-09-11
1963-03-01,"31,7",CPILFESL,2024-09-11
1963-04-01,"31,7",CPILFESL,2024-09-11
1963-05-01,"31,7",CPILFESL,2024-09-11
1963-06-01,"31,8",CPILFESL,2024-09-11
1963-07-01,"31,8",CPILFESL,2024-09-11
1963-08-01,"31,9",CPILFESL,2024-09-11
1963-09-01,"31,9",CPILFESL,2024-09-11
1963-10-01,32,CPILFESL,2024-09-11
1963-11-01,32,CPILFESL,2024-09-11
1963-12-01,"32,1",CPILFESL,2024-09-11
1964-01-01,"32,2",CPILFESL,2024-09-11
1964-02-01,"32,2",CPILFESL,2024-09-11
1964-03-01,"32,2",CPILFESL,2024-09-11
1964-04-01,"32,2",CPILFESL,2024-09-11
1964-05-01,"32,2",CPILFESL,2024-09-11
1964-06-01,"32,3",CPILFESL,2024-09-11
1964-07-01,"32,3",CPILFESL,2024-09-11
1964-08-01,"32,3",CPILFESL,2024-09-11
1964-09-01,"32,3",CPILFESL,2024-09-11
1964-10-01,"32,4",CPILFESL,2024-09-11
1964-11-01,"32,5",CPILFESL,2024-09-11
1964-12-01,"32,5",CPILFESL,2024-09-11
1965-01-01,"32,6",CPILFESL,2024-09-11
1965-02-01,"32,6",CPILFESL,2024-09-11
1965-03-01,"32,6",CPILFESL,2024-09-11
1965-04-01,"32,7",CPILFESL,2024-09-11
1965-05-01,"32,7",CPILFESL,2024-09-11
1965-06-01,"32,7",CPILFESL,2024-09-11
1965-07-01,"32,7",CPILFESL,2024-09-11
1965-08-01,"32,7",CPILFESL,2024-09-11
1965-09-01,"32,8",CPILFESL,2024-09-11
1965-10-01,"32,8",CPILFESL,2024-09-11
1965-11-01,"32,9",CPILFESL,2024-09-11
1965-12-01,33,CPILFESL,2024-09-11
1966-01-01,33,CPILFESL,2024-09-11
1966-02-01,"33,1",CPILFESL,2024-09-11
1966-03-01,"33,1",CPILFESL,2024-09-11
1966-04-01,"33,3",CPILFESL,2024-09-11
1966-05-01,"33,4",CPILFESL,2024-09-11
1966-06-01,"33,5",CPILFESL,2024-09-11
1966-07-01,"33,6",CPILFESL,2024-09-11
1966-08-01,"33,7",CPILFESL,2024-09-11
1966-09-01,"33,8",CPILFESL,2024-09-11
1966-10-01,34,CPILFESL,2024-09-11
1966-11-01,34,CPILFESL,2024-09-11
1966-12-01,"34,1",CPILFESL,2024-09-11
1967-01-01,"34,2",CPILFESL,2024-09-11
1967-02-01,"34,2",CPILFESL,2024-09-11
1967-03-01,"34,3",CPILFESL,2024-09-11
1967-04-01,"34,4",CPILFESL,2024-09-11
1967-05-01,"34,5",CPILFESL,2024-09-11
1967-06-01,"34,6",CPILFESL,2024-09-11
1967-07-01,"34,7",CPILFESL,2024-09-11
1967-08-01,"34,9",CPILFESL,2024-09-11
1967-09-01,35,CPILFESL,2024-09-11
1967-10-01,"35,1",CPILFESL,2024-09-11
1967-11-01,"35,2",CPILFESL,2024-09-11
1967-12-01,"35,4",CPILFESL,2024-09-11
1968-01-01,"35,5",CPILFESL,2024-09-11
1968-02-01,"35,7",CPILFESL,2024-09-11
1968-03-01,"35,8",CPILFESL,2024-09-11
1968-04-01,"35,9",CPILFESL,2024-09-11
1968-05-01,36,CPILFESL,2024-09-11
1968-06-01,"36,2",CPILFESL,2024-09-11
1968-07-01,"36,4",CPILFESL,2024-09-11
1968-08-01,"36,5",CPILFESL,2024-09-11
1968-09-01,"36,7",CPILFESL,2024-09-11
1968-10-01,"36,9",CPILFESL,2024-09-11
1968-11-01,"37,1",CPILFESL,2024-09-11
1968-12-01,"37,2",CPILFESL,2024-09-11
1969-01-01,"37,3",CPILFESL,2024-09-11
1969-02-01,"37,6",CPILFESL,2024-09-11
1969-03-01,"37,8",CPILFESL,2024-09-11
1969-04-01,"38,1",CPILFESL,2024-09-11
1969-05-01,"38,1",CPILFESL,2024-09-11
1969-06-01,"38,3",CPILFESL,2024-09-11
1969-07-01,"38,5",CPILFESL,2024-09-11
1969-08-01,"38,7",CPILFESL,2024-09-11
1969-09-01,"38,9",CPILFESL,2024-09-11
1969-10-01,"39,1",CPILFESL,2024-09-11
1969-11-01,"39,2",CPILFESL,2024-09-11
1969-12-01,"39,4",CPILFESL,2024-09-11
1970-01-01,"39,6",CPILFESL,2024-09-11
1970-02-01,"39,8",CPILFESL,2024-09-11
1970-03-01,"40,1",CPILFESL,2024-09-11
1970-04-01,"40,4",CPILFESL,2024-09-11
1970-05-01,"40,5",CPILFESL,2024-09-11
1970-06-01,"40,8",CPILFESL,2024-09-11
1970-07-01,"40,9",CPILFESL,2024-09-11
1970-08-01,"41,1",CPILFESL,2024-09-11
1970-09-01,"41,3",CPILFESL,2024-09-11
1970-10-01,"41,5",CPILFESL,2024-09-11
1970-11-01,"41,8",CPILFESL,2024-09-11
1970-12-01,42,CPILFESL,2024-09-11
1971-01-01,"42,1",CPILFESL,2024-09-11
1971-02-01,"42,2",CPILFESL,2024-09-11
1971-03-01,"42,2",CPILFESL,2024-09-11
1971-04-01,"42,4",CPILFESL,2024-09-11
1971-05-01,"42,6",CPILFESL,2024-09-11
1971-06-01,"42,8",CPILFESL,2024-09-11
1971-07-01,"42,9",CPILFESL,2024-09-11
1971-08-01,43,CPILFESL,2024-09-11
1971-09-01,43,CPILFESL,2024-09-11
1971-10-01,"43,1",CPILFESL,2024-09-11
1971-11-01,"43,2",CPILFESL,2024-09-11
1971-12-01,"43,3",CPILFESL,2024-09-11
1972-01-01,"43,5",CPILFESL,2024-09-11
1972-02-01,"43,6",CPILFESL,2024-09-11
1972-03-01,"43,6",CPILFESL,2024-09-11
1972-04-01,"43,8",CPILFESL,2024-09-11
1972-05-01,"43,9",CPILFESL,2024-09-11
1972-06-01,44,CPILFESL,2024-09-11
1972-07-01,"44,1",CPILFESL,2024-09-11
1972-08-01,"44,3",CPILFESL,2024-09-11
1972-09-01,"44,3",CPILFESL,2024-09-11
1972-10-01,"44,4",CPILFESL,2024-09-11
1972-11-01,"44,4",CPILFESL,2024-09-11
1972-12-01,"44,6",CPILFESL,2024-09-11
1973-01-01,"44,6",CPILFESL,2024-09-11
1973-02-01,"44,8",CPILFESL,2024-09-11
1973-03-01,45,CPILFESL,2024-09-11
1973-04-01,"45,1",CPILFESL,2024-09-11
1973-05-01,"45,3",CPILFESL,2024-09-11
1973-06-01,"45,4",CPILFESL,2024-09-11
1973-07-01,"45,5",CPILFESL,2024-09-11
1973-08-01,"45,7",CPILFESL,2024-09-11
1973-09-01,46,CPILFESL,2024-09-11
1973-10-01,"46,3",CPILFESL,2024-09-11
1973-11-01,"46,5",CPILFESL,2024-09-11
1973-12-01,"46,7",CPILFESL,2024-09-11
1974-01-01,"46,9",CPILFESL,2024-09-11
1974-02-01,"47,2",CPILFESL,2024-09-11
1974-03-01,"47,6",CPILFESL,2024-09-11
1974-04-01,"47,9",CPILFESL,2024-09-11
1974-05-01,"48,5",CPILFESL,2024-09-11
1974-06-01,49,CPILFESL,2024-09-11
1974-07-01,"49,5",CPILFESL,2024-09-11
1974-08-01,"50,2",CPILFESL,2024-09-11
1974-09-01,"50,7",CPILFESL,2024-09-11
1974-10-01,"51,2",CPILFESL,2024-09-11
1974-11-01,"51,6",CPILFESL,2024-09-11
1974-12-01,52,CPILFESL,2024-09-11
1975-01-01,"52,3",CPILFESL,2024-09-11
1975-02-01,"52,8",CPILFESL,2024-09-11
1975-03-01,53,CPILFESL,2024-09-11
1975-04-01,"53,3",CPILFESL,2024-09-11
1975-05-01,"53,5",CPILFESL,2024-09-11
1975-06-01,"53,8",CPILFESL,2024-09-11
1975-07-01,54,CPILFESL,2024-09-11
1975-08-01,"54,2",CPILFESL,2024-09-11
1975-09-01,"54,5",CPILFESL,2024-09-11
1975-10-01,"54,8",CPILFESL,2024-09-11
1975-11-01,"55,2",CPILFESL,2024-09-11
1975-12-01,"55,5",CPILFESL,2024-09-11
1976-01-01,"55,9",CPILFESL,2024-09-11
1976-02-01,"56,2",CPILFESL,2024-09-11
1976-03-01,"56,5",CPILFESL,2024-09-11
1976-04-01,"56,7",CPILFESL,2024-09-11
1976-05-01,57,CPILFESL,2024-09-11
1976-06-01,"57,2",CPILFESL,2024-09-11
1976-07-01,"57,6",CPILFESL,2024-09-11
1976-08-01,"57,9",CPILFESL,2024-09-11
1976-09-01,"58,2",CPILFESL,2024-09-11
1976-10-01,"58,5",CPILFESL,2024-09-11
1976-11-01,"58,7",CPILFESL,2024-09-11
1976-12-01,"58,9",CPILFESL,2024-09-11
1977-01-01,"59,3",CPILFESL,2024-09-11
1977-02-01,"59,7",CPILFESL,2024-09-11
1977-03-01,60,CPILFESL,2024-09-11
1977-04-01,"60,3",CPILFESL,2024-09-11
1977-05-01,"60,6",CPILFESL,2024-09-11
1977-06-01,61,CPILFESL,2024-09-11
1977-07-01,"61,2",CPILFESL,2024-09-11
1977-08-01,"61,5",CPILFESL,2024-09-11
1977-09-01,"61,8",CPILFESL,2024-09-11
1977-10-01,62,CPILFESL,2024-09-11
1977-11-01,"62,3",CPILFESL,2024-09-11
1977-12-01,"62,7",CPILFESL,2024-09-11
1978-01-01,"63,1",CPILFESL,2024-09-11
1978-02-01,"63,4",CPILFESL,2024-09-11
1978-03-01,"63,8",CPILFESL,2024-09-11
1978-04-01,"64,3",CPILFESL,2024-09-11
1978-05-01,"64,7",CPILFESL,2024-09-11
1978-06-01,"65,2",CPILFESL,2024-09-11
1978-07-01,"65,6",CPILFESL,2024-09-11
1978-08-01,"66,1",CPILFESL,2024-09-11
1978-09-01,"66,7",CPILFESL,2024-09-11
1978-10-01,"67,2",CPILFESL,2024-09-11
1978-11-01,"67,6",CPILFESL,2024-09-11
1978-12-01,68,CPILFESL,2024-09-11
1979-01-01,"68,5",CPILFESL,2024-09-11
1979-02-01,"69,2",CPILFESL,2024-09-11
1979-03-01,"69,8",CPILFESL,2024-09-11
1979-04-01,"70,3",CPILFESL,2024-09-11
1979-05-01,"70,8",CPILFESL,2024-09-11
1979-06-01,"71,3",CPILFESL,2024-09-11
1979-07-01,"71,9",CPILFESL,2024-09-11
1979-08-01,"72,7",CPILFESL,2024-09-11
1979-09-01,"73,3",CPILFESL,2024-09-11
1979-10-01,74,CPILFESL,2024-09-11
1979-11-01,"74,8",CPILFESL,2024-09-11
1979-12-01,"75,7",CPILFESL,2024-09-11
1980-01-01,"76,7",CPILFESL,2024-09-11
1980-02-01,"77,5",CPILFESL,2024-09-11
1980-03-01,"78,6",CPILFESL,2024-09-11
1980-04-01,"79,5",CPILFESL,2024-09-11
1980-05-01,"80,1",CPILFESL,2024-09-11
1980-06-01,81,CPILFESL,2024-09-11
1980-07-01,"80,8",CPILFESL,2024-09-11
1980-08-01,"81,3",CPILFESL,2024-09-11
1980-09-01,"82,1",CPILFESL,2024-09-11
1980-10-01,83,CPILFESL,2024-09-11
1980-11-01,"83,9",CPILFESL,2024-09-11
1980-12-01,"84,9",CPILFESL,2024-09-11
1981-01-01,"85,4",CPILFESL,2024-09-11
1981-02-01,"85,9",CPILFESL,2024-09-11
1981-03-01,"86,4",CPILFESL,2024-09-11
1981-04-01,87,CPILFESL,2024-09-11
1981-05-01,"87,8",CPILFESL,2024-09-11
1981-06-01,"88,6",CPILFESL,2024-09-11
1981-07-01,"89,8",CPILFESL,2024-09-11
1981-08-01,"90,7",CPILFESL,2024-09-11
1981-09-01,"91,8",CPILFESL,2024-09-11
1981-10-01,"92,1",CPILFESL,2024-09-11
1981-11-01,"92,5",CPILFESL,2024-09-11
1981-12-01,93,CPILFESL,2024-09-11
1982-01-01,"93,3",CPILFESL,2024-09-11
1982-02-01,"93,8",CPILFESL,2024-09-11
1982-03-01,"93,9",CPILFESL,2024-09-11
1982-04-01,"94,7",CPILFESL,2024-09-11
1982-05-01,"95,4",CPILFESL,2024-09-11
1982-06-01,"96,1",CPILFESL,2024-09-11
1982-07-01,"96,7",CPILFESL,2024-09-11
1982-08-01,"97,1",CPILFESL,2024-09-11
1982-09-01,"97,2",CPILFESL,2024-09-11
1982-10-01,"97,5",CPILFESL,2024-09-11
1982-11-01,"97,3",CPILFESL,2024-09-11
1982-12-01,"97,2",CPILFESL,2024-09-11
1983-01-01,"97,6",CPILFESL,2024-09-11
1983-02-01,98,CPILFESL,2024-09-11
1983-03-01,"98,2",CPILFESL,2024-09-11
1983-04-01,"98,6",CPILFESL,2024-09-11
1983-05-01,"98,9",CPILFESL,2024-09-11
1983-06-01,"99,2",CPILFESL,2024-09-11
1983-07-01,"99,8",CPILFESL,2024-09-11
1983-08-01,"100,1",CPILFESL,2024-09-11
1983-09-01,"100,5",CPILFESL,2024-09-11
1983-10-01,101,CPILFESL,2024-09-11
1983-11-01,"101,5",CPILFESL,2024-09-11
1983-12-01,"101,8",CPILFESL,2024-09-11
1984-01-01,"102,5",CPILFESL,2024-09-11
1984-02-01,"102,8",CPILFESL,2024-09-11
1984-03-01,"103,2",CPILFESL,2024-09-11
1984-04-01,"103,7",CPILFESL,2024-09-11
1984-05-01,"104,1",CPILFESL,2024-09-11
1984-06-01,"104,5",CPILFESL,2024-09-11
1984-07-01,105,CPILFESL,2024-09-11
1984-08-01,"105,4",CPILFESL,2024-09-11
1984-09-01,"105,8",CPILFESL,2024-09-11
1984-10-01,"106,2",CPILFESL,2024-09-11
1984-11-01,"106,4",CPILFESL,2024-09-11
1984-12-01,"106,8",CPILFESL,2024-09-11
1985-01-01,"107,1",CPILFESL,2024-09-11
1985-02-01,"107,7",CPILFESL,2024-09-11
1985-03-01,"108,1",CPILFESL,2024-09-11
1985-04-01,"108,4",CPILFESL,2024-09-11
1985-05-01,"108,8",CPILFESL,2024-09-11
1985-06-01,"109,1",CPILFESL,2024-09-11
1985-07-01,"109,4",CPILFESL,2024-09-11
1985-08-01,"109,8",CPILFESL,2024-09-11
1985-09-01,110,CPILFESL,2024-09-11
1985-10-01,"110,5",CPILFESL,2024-09-11
1985-11-01,"111,1",CPILFESL,2024-09-11
1985-12-01,"111,4",CPILFESL,2024-09-11
1986-01-01,"111,9",CPILFESL,2024-09-11
1986-02-01,"112,2",CPILFESL,2024-09-11
1986-03-01,"112,5",CPILFESL,2024-09-11
1986-04-01,"112,9",CPILFESL,2024-09-11
1986-05-01,"113,1",CPILFESL,2024-09-11
1986-06-01,"113,4",CPILFESL,2024-09-11
1986-07-01,"113,8",CPILFESL,2024-09-11
1986-08-01,"114,2",CPILFESL,2024-09-11
1986-09-01,"114,6",CPILFESL,2024-09-11
1986-10-01,115,CPILFESL,2024-09-11
1986-11-01,"115,3",CPILFESL,2024-09-11
1986-12-01,"115,6",CPILFESL,2024-09-11
1987-01-01,"115,9",CPILFESL,2024-09-11
1987-02-01,"116,2",CPILFESL,2024-09-11
1987-03-01,"116,6",CPILFESL,2024-09-11
1987-04-01,"117,3",CPILFESL,2024-09-11
1987-05-01,"117,7",CPILFESL,2024-09-11
1987-06-01,"117,9",CPILFESL,2024-09-11
1987-07-01,"118,3",CPILFESL,2024-09-11
1987-08-01,"118,7",CPILFESL,2024-09-11
1987-09-01,"119,2",CPILFESL,2024-09-11
1987-10-01,"119,8",CPILFESL,2024-09-11
1987-11-01,"120,1",CPILFESL,2024-09-11
1987-12-01,"120,4",CPILFESL,2024-09-11
1988-01-01,"120,9",CPILFESL,2024-09-11
1988-02-01,"121,2",CPILFESL,2024-09-11
1988-03-01,"121,7",CPILFESL,2024-09-11
1988-04-01,"122,3",CPILFESL,2024-09-11
1988-05-01,"122,7",CPILFESL,2024-09-11
1988-06-01,"123,2",CPILFESL,2024-09-11
1988-07-01,"123,6",CPILFESL,2024-09-11
1988-08-01,124,CPILFESL,2024-09-11
1988-09-01,"124,7",CPILFESL,2024-09-11
1988-10-01,"125,2",CPILFESL,2024-09-11
1988-11-01,"125,6",CPILFESL,2024-09-11
1988-12-01,126,CPILFESL,2024-09-11
1989-01-01,"126,5",CPILFESL,2024-09-11
1989-02-01,"126,9",CPILFESL,2024-09-11
1989-03-01,"127,4",CPILFESL,2024-09-11
1989-04-01,"127,8",CPILFESL,2024-09-11
1989-05-01,"128,3",CPILFESL,2024-09-11
1989-06-01,"128,8",CPILFESL,2024-09-11
1989-07-01,"129,2",CPILFESL,2024-09-11
1989-08-01,"129,5",CPILFESL,2024-09-11
1989-09-01,"129,9",CPILFESL,2024-09-11
1989-10-01,"130,6",CPILFESL,2024-09-11
1989-11-01,"131,1",CPILFESL,2024-09-11
1989-12-01,"131,6",CPILFESL,2024-09-11
1990-01-01,"132,1",CPILFESL,2024-09-11
1990-02-01,"132,7",CPILFESL,2024-09-11
1990-03-01,"133,5",CPILFESL,2024-09-11
1990-04-01,134,CPILFESL,2024-09-11
1990-05-01,"134,4",CPILFESL,2024-09-11
1990-06-01,"135,1",CPILFESL,2024-09-11
1990-07-01,"135,8",CPILFESL,2024-09-11
1990-08-01,"136,6",CPILFESL,2024-09-11
1990-09-01,"137,1",CPILFESL,2024-09-11
1990-10-01,"137,6",CPILFESL,2024-09-11
1990-11-01,138,CPILFESL,2024-09-11
1990-12-01,"138,6",CPILFESL,2024-09-11
1991-01-01,"139,5",CPILFESL,2024-09-11
1991-02-01,"140,2",CPILFESL,2024-09-11
1991-03-01,"140,5",CPILFESL,2024-09-11
1991-04-01,"140,9",CPILFESL,2024-09-11
1991-05-01,"141,3",CPILFESL,2024-09-11
1991-06-01,"141,8",CPILFESL,2024-09-11
1991-07-01,"142,3",CPILFESL,2024-09-11
1991-08-01,"142,9",CPILFESL,2024-09-11
1991-09-01,"143,4",CPILFESL,2024-09-11
1991-10-01,"143,7",CPILFESL,2024-09-11
1991-11-01,"144,2",CPILFESL,2024-09-11
1991-12-01,"144,7",CPILFESL,2024-09-11
1992-01-01,"145,1",CPILFESL,2024-09-11
1992-02-01,"145,4",CPILFESL,2024-09-11
1992-03-01,"145,9",CPILFESL,2024-09-11
1992-04-01,"146,3",CPILFESL,2024-09-11
1992-05-01,"146,8",CPILFESL,2024-09-11
1992-06-01,"147,1",CPILFESL,2024-09-11
1992-07-01,"147,6",CPILFESL,2024-09-11
1992-08-01,"147,9",CPILFESL,2024-09-11
1992-09-01,"148,1",CPILFESL,2024-09-11
1992-10-01,"148,8",CPILFESL,2024-09-11
1992-11-01,"149,2",CPILFESL,2024-09-11
1992-12-01,"149,6",CPILFESL,2024-09-11
1993-01-01,"150,1",CPILFESL,2024-09-11
1993-02-01,"150,6",CPILFESL,2024-09-11
1993-03-01,"150,8",CPILFESL,2024-09-11
1993-04-01,"151,4",CPILFESL,2024-09-11
1993-05-01,"151,8",CPILFESL,2024-09-11
1993-06-01,"152,1",CPILFESL,2024-09-11
1993-07-01,"152,3",CPILFESL,2024-09-11
1993-08-01,"152,8",CPILFESL,2024-09-11
1993-09-01,"152,9",CPILFESL,2024-09-11
1993-10-01,"153,4",CPILFESL,2024-09-11
1993-11-01,"153,9",CPILFESL,2024-09-11
1993-12-01,"154,3",CPILFESL,2024-09-11
1994-01-01,"154,5",CPILFESL,2024-09-11
1994-02-01,"154,8",CPILFESL,2024-09-11
1994-03-01,"155,3",CPILFESL,2024-09-11
1994-04-01,"155,5",CPILFESL,2024-09-11
1994-05-01,"155,9",CPILFESL,2024-09-11
1994-06-01,"156,4",CPILFESL,2024-09-11
1994-07-01,"156,7",CPILFESL,2024-09-11
1994-08-01,"157,1",CPILFESL,2024-09-11
1994-09-01,"157,5",CPILFESL,2024-09-11
1994-10-01,"157,8",CPILFESL,2024-09-11
1994-11-01,"158,2",CPILFESL,2024-09-11
1994-12-01,"158,3",CPILFESL,2024-09-11
1995-01-01,159,CPILFESL,2024-09-11
1995-02-01,"159,4",CPILFESL,2024-09-11
1995-03-01,"159,9",CPILFESL,2024-09-11
1995-04-01,"160,4",CPILFESL,2024-09-11
1995-05-01,"160,7",CPILFESL,2024-09-11
1995-06-01,"161,1",CPILFESL,2024-09-11
1995-07-01,"161,4",CPILFESL,2024-09-11
1995-08-01,"161,8",CPILFESL,2024-09-11
1995-09-01,"162,2",CPILFESL,2024-09-11
1995-10-01,"162,7",CPILFESL,2024-09-11
1995-11-01,163,CPILFESL,2024-09-11
1995-12-01,"163,1",CPILFESL,2024-09-11
1996-01-01,"163,7",CPILFESL,2024-09-11
1996-02-01,164,CPILFESL,2024-09-11
1996-03-01,"164,4",CPILFESL,2024-09-11
1996-04-01,"164,6",CPILFESL,2024-09-11
1996-05-01,165,CPILFESL,2024-09-11
1996-06-01,"165,4",CPILFESL,2024-09-11
1996-07-01,"165,7",CPILFESL,2024-09-11
1996-08-01,166,CPILFESL,2024-09-11
1996-09-01,"166,5",CPILFESL,2024-09-11
1996-10-01,"166,8",CPILFESL,2024-09-11
1996-11-01,"167,2",CPILFESL,2024-09-11
1996-12-01,"167,4",CPILFESL,2024-09-11
1997-01-01,"167,8",CPILFESL,2024-09-11
1997-02-01,"168,1",CPILFESL,2024-09-11
1997-03-01,"168,4",CPILFESL,2024-09-11
1997-04-01,"168,9",CPILFESL,2024-09-11
1997-05-01,"169,2",CPILFESL,2024-09-11
1997-06-01,"169,4",CPILFESL,2024-09-11
1997-07-01,"169,7",CPILFESL,2024-09-11
1997-08-01,"169,8",CPILFESL,2024-09-11
1997-09-01,"170,2",CPILFESL,2024-09-11
1997-10-01,"170,6",CPILFESL,2024-09-11
1997-11-01,"170,8",CPILFESL,2024-09-11
1997-12-01,"171,2",CPILFESL,2024-09-11
1998-01-01,"171,6",CPILFESL,2024-09-11
1998-02-01,"171,9",CPILFESL,2024-09-11
1998-03-01,"172,2",CPILFESL,2024-09-11
1998-04-01,"172,5",CPILFESL,2024-09-11
1998-05-01,"172,9",CPILFESL,2024-09-11
1998-06-01,"173,2",CPILFESL,2024-09-11
1998-07-01,"173,5",CPILFESL,2024-09-11
1998-08-01,174,CPILFESL,2024-09-11
1998-09-01,"174,2",CPILFESL,2024-09-11
1998-10-01,"174,4",CPILFESL,2024-09-11
1998-11-01,"174,8",CPILFESL,2024-09-11
1998-12-01,"175,4",CPILFESL,2024-09-11
1999-01-01,"175,6",CPILFESL,2024-09-11
1999-02-01,"175,6",CPILFESL,2024-09-11
1999-03-01,"175,7",CPILFESL,2024-09-11
1999-04-01,"176,3",CPILFESL,2024-09-11
1999-05-01,"176,5",CPILFESL,2024-09-11
1999-06-01,"176,6",CPILFESL,2024-09-11
1999-07-01,"177,1",CPILFESL,2024-09-11
1999-08-01,"177,3",CPILFESL,2024-09-11
1999-09-01,"177,8",CPILFESL,2024-09-11
1999-10-01,"178,1",CPILFESL,2024-09-11
1999-11-01,"178,4",CPILFESL,2024-09-11
1999-12-01,"178,7",CPILFESL,2024-09-11
2000-01-01,"179,3",CPILFESL,2024-09-11
2000-02-01,"179,4",CPILFESL,2024-09-11
2000-03-01,180,CPILFESL,2024-09-11
2000-04-01,"180,3",CPILFESL,2024-09-11
2000-05-01,"180,7",CPILFESL,2024-09-11
2000-06-01,"181,1",CPILFESL,2024-09-11
2000-07-01,"181,5",CPILFESL,2024-09-11
2000-08-01,"181,9",CPILFESL,2024-09-11
2000-09-01,"182,3",CPILFESL,2024-09-11
2000-10-01,"182,6",CPILFESL,2024-09-11
2000-11-01,"183,1",CPILFESL,2024-09-11
2000-12-01,"183,3",CPILFESL,2024-09-11
2001-01-01,"183,9",CPILFESL,2024-09-11
2001-02-01,"184,4",CPILFESL,2024-09-11
2001-03-01,"184,7",CPILFESL,2024-09-11
2001-04-01,"185,1",CPILFESL,2024-09-11
2001-05-01,"185,3",CPILFESL,2024-09-11
2001-06-01,186,CPILFESL,2024-09-11
2001-07-01,"186,4",CPILFESL,2024-09-11
2001-08-01,"186,7",CPILFESL,2024-09-11
2001-09-01,"187,1",CPILFESL,2024-09-11
2001-10-01,"187,4",CPILFESL,2024-09-11
2001-11-01,"188,1",CPILFESL,2024-09-11
2001-12-01,"188,4",CPILFESL,2024-09-11
2002-01-01,"188,7",CPILFESL,2024-09-11
2002-02-01,"189,1",CPILFESL,2024-09-11
2002-03-01,"189,2",CPILFESL,2024-09-11
2002-04-01,"189,7",CPILFESL,2024-09-11
2002-05-01,190,CPILFESL,2024-09-11
2002-06-01,"190,2",CPILFESL,2024-09-11
2002-07-01,"190,5",CPILFESL,2024-09-11
2002-08-01,"191,1",CPILFESL,2024-09-11
2002-09-01,"191,3",CPILFESL,2024-09-11
2002-10-01,"191,5",CPILFESL,2024-09-11
2002-11-01,"191,9",CPILFESL,2024-09-11
2002-12-01,"192,1",CPILFESL,2024-09-11
2003-01-01,"192,4",CPILFESL,2024-09-11
2003-02-01,"192,5",CPILFESL,2024-09-11
2003-03-01,"192,5",CPILFESL,2024-09-11
2003-04-01,"192,5",CPILFESL,2024-09-11
2003-05-01,"192,9",CPILFESL,2024-09-11
2003-06-01,193,CPILFESL,2024-09-11
2003-07-01,"193,4",CPILFESL,2024-09-11
2003-08-01,"193,6",CPILFESL,2024-09-11
2003-09-01,"193,7",CPILFESL,2024-09-11
2003-10-01,194,CPILFESL,2024-09-11
2003-11-01,194,CPILFESL,2024-09-11
2003-12-01,"194,2",CPILFESL,2024-09-11
2004-01-01,"194,6",CPILFESL,2024-09-11
2004-02-01,"194,9",CPILFESL,2024-09-11
2004-03-01,"195,5",CPILFESL,2024-09-11
2004-04-01,"195,9",CPILFESL,2024-09-11
2004-05-01,"196,2",CPILFESL,2024-09-11
2004-06-01,"196,6",CPILFESL,2024-09-11
2004-07-01,"196,8",CPILFESL,2024-09-11
2004-08-01,"196,9",CPILFESL,2024-09-11
2004-09-01,"197,5",CPILFESL,2024-09-11
2004-10-01,"197,9",CPILFESL,2024-09-11
2004-11-01,"198,3",CPILFESL,2024-09-11
2004-12-01,"198,6",CPILFESL,2024-09-11
2005-01-01,199,CPILFESL,2024-09-11
2005-02-01,"199,4",CPILFESL,2024-09-11
2005-03-01,"200,1",CPILFESL,2024-09-11
2005-04-01,"200,2",CPILFESL,2024-09-11
2005-05-01,"200,5",CPILFESL,2024-09-11
2005-06-01,"200,6",CPILFESL,2024-09-11
2005-07-01,"200,9",CPILFESL,2024-09-11
2005-08-01,"201,1",CPILFESL,2024-09-11
2005-09-01,"201,3",CPILFESL,2024-09-11
2005-10-01,202,CPILFESL,2024-09-11
2005-11-01,"202,5",CPILFESL,2024-09-11
2005-12-01,"202,8",CPILFESL,2024-09-11
2006-01-01,"203,2",CPILFESL,2024-09-11
2006-02-01,"203,6",CPILFESL,2024-09-11
2006-03-01,"204,3",CPILFESL,2024-09-11
2006-04-01,"204,8",CPILFESL,2024-09-11
2006-05-01,"205,4",CPILFESL,2024-09-11
2006-06-01,"205,9",CPILFESL,2024-09-11
2006-07-01,"206,3",CPILFESL,2024-09-11
2006-08-01,"206,8",CPILFESL,2024-09-11
2006-09-01,"207,2",CPILFESL,2024-09-11
2006-10-01,"207,6",CPILFESL,2024-09-11
2006-11-01,"207,8",CPILFESL,2024-09-11
2006-12-01,"208,1",CPILFESL,2024-09-11
2007-01-01,"208,6",CPILFESL,2024-09-11
2007-02-01,"209,135",CPILFESL,2024-09-11
2007-03-01,"209,418",CPILFESL,2024-09-11
2007-04-01,"209,747",CPILFESL,2024-09-11
2007-05-01,"210,058",CPILFESL,2024-09-11
2007-06-01,"210,392",CPILFESL,2024-09-11
2007-07-01,"210,773",CPILFESL,2024-09-11
2007-08-01,"211,119",CPILFESL,2024-09-11
2007-09-01,"211,554",CPILFESL,2024-09-11
2007-10-01,"212,077",CPILFESL,2024-09-11
2007-11-01,"212,66",CPILFESL,2024-09-11
2007-12-01,"213,168",CPILFESL,2024-09-11
2008-01-01,"213,771",CPILFESL,2024-09-11
2008-02-01,"213,939",CPILFESL,2024-09-11
2008-03-01,"214,42",CPILFESL,2024-09-11
2008-04-01,"214,56",CPILFESL,2024-09-11
2008-05-01,"214,936",CPILFESL,2024-09-11
2008-06-01,"215,424",CPILFESL,2024-09-11
2008-07-01,"215,965",CPILFESL,2024-09-11
2008-08-01,"216,393",CPILFESL,2024-09-11
2008-09-01,"216,713",CPILFESL,2024-09-11
2008-10-01,"216,788",CPILFESL,2024-09-11
2008-11-01,"216,947",CPILFESL,2024-09-11
2008-12-01,"216,925",CPILFESL,2024-09-11
2009-01-01,"217,346",CPILFESL,2024-09-11
2009-02-01,"217,792",CPILFESL,2024-09-11
2009-03-01,"218,253",CPILFESL,2024-09-11
2009-04-01,"218,706",CPILFESL,2024-09-11
2009-05-01,"218,904",CPILFESL,2024-09-11
2009-06-01,"219,112",CPILFESL,2024-09-11
2009-07-01,"219,263",CPILFESL,2024-09-11
2009-08-01,"219,496",CPILFESL,2024-09-11
2009-09-01,"219,92",CPILFESL,2024-09-11
2009-10-01,"220,501",CPILFESL,2024-09-11
2009-11-01,"220,666",CPILFESL,2024-09-11
2009-12-01,"220,881",CPILFESL,2024-09-11
2010-01-01,"220,633",CPILFESL,2024-09-11
2010-02-01,"220,731",CPILFESL,2024-09-11
2010-03-01,"220,783",CPILFESL,2024-09-11
2010-04-01,"220,822",CPILFESL,2024-09-11
2010-05-01,"220,962",CPILFESL,2024-09-11
2010-06-01,"221,194",CPILFESL,2024-09-11
2010-07-01,"221,363",CPILFESL,2024-09-11
2010-08-01,"221,509",CPILFESL,2024-09-11
2010-09-01,"221,711",CPILFESL,2024-09-11
2010-10-01,"221,83",CPILFESL,2024-09-11
2010-11-01,"222,149",CPILFESL,2024-09-11
2010-12-01,"222,343",CPILFESL,2024-09-11
2011-01-01,"222,803",CPILFESL,2024-09-11
2011-02-01,"223,213",CPILFESL,2024-09-11
2011-03-01,"223,454",CPILFESL,2024-09-11
2011-04-01,"223,727",CPILFESL,2024-09-11
2011-05-01,"224,175",CPILFESL,2024-09-11
2011-06-01,"224,697",CPILFESL,2024-09-11
2011-07-01,"225,218",CPILFESL,2024-09-11
2011-08-01,"225,862",CPILFESL,2024-09-11
2011-09-01,"226,118",CPILFESL,2024-09-11
2011-10-01,"226,506",CPILFESL,2024-09-11
2011-11-01,"226,899",CPILFESL,2024-09-11
2011-12-01,"227,405",CPILFESL,2024-09-11
2012-01-01,"227,877",CPILFESL,2024-09-11
2012-02-01,"228,034",CPILFESL,2024-09-11
2012-03-01,"228,478",CPILFESL,2024-09-11
2012-04-01,"228,905",CPILFESL,2024-09-11
2012-05-01,"229,224",CPILFESL,2024-09-11
2012-06-01,"229,623",CPILFESL,2024-09-11
2012-07-01,"229,97",CPILFESL,2024-09-11
2012-08-01,"230,233",CPILFESL,2024-09-11
2012-09-01,"230,659",CPILFESL,2024-09-11
2012-10-01,"231,024",CPILFESL,2024-09-11
2012-11-01,"231,33",CPILFESL,2024-09-11
2012-12-01,"231,725",CPILFESL,2024-09-11
2013-01-01,"232,229",CPILFESL,2024-09-11
2013-02-01,"232,569",CPILFESL,2024-09-11
2013-03-01,"232,794",CPILFESL,2024-09-11
2013-04-01,"232,832",CPILFESL,2024-09-11
2013-05-01,"232,996",CPILFESL,2024-09-11
2013-06-01,"233,35",CPILFESL,2024-09-11
2013-07-01,"233,88",CPILFESL,2024-09-11
2013-08-01,"234,336",CPILFESL,2024-09-11
2013-09-01,"234,7",CPILFESL,2024-09-11
2013-10-01,"234,921",CPILFESL,2024-09-11
2013-11-01,"235,359",CPILFESL,2024-09-11
2013-12-01,"235,759",CPILFESL,2024-09-11
2014-01-01,"235,961",CPILFESL,2024-09-11
2014-02-01,"236,185",CPILFESL,2024-09-11
2014-03-01,"236,625",CPILFESL,2024-09-11
2014-04-01,"237,072",CPILFESL,2024-09-11
2014-05-01,"237,529",CPILFESL,2024-09-11
2014-06-01,"237,837",CPILFESL,2024-09-11
2014-07-01,"238,195",CPILFESL,2024-09-11
2014-08-01,"238,405",CPILFESL,2024-09-11
2014-09-01,"238,786",CPILFESL,2024-09-11
2014-10-01,"239,191",CPILFESL,2024-09-11
2014-11-01,"239,458",CPILFESL,2024-09-11
2014-12-01,"239,584",CPILFESL,2024-09-11
2015-01-01,"239,811",CPILFESL,2024-09-11
2015-02-01,"240,172",CPILFESL,2024-09-11
2015-03-01,"240,755",CPILFESL,2024-09-11
2015-04-01,"241,346",CPILFESL,2024-09-11
2015-05-01,"241,688",CPILFESL,2024-09-11
2015-06-01,"242,064",CPILFESL,2024-09-11
2015-07-01,"242,565",CPILFESL,2024-09-11
2015-08-01,"242,817",CPILFESL,2024-09-11
2015-09-01,"243,316",CPILFESL,2024-09-11
2015-10-01,"243,768",CPILFESL,2024-09-11
2015-11-01,"244,241",CPILFESL,2024-09-11
2015-12-01,"244,547",CPILFESL,2024-09-11
2016-01-01,"244,955",CPILFESL,2024-09-11
2016-02-01,"245,51",CPILFESL,2024-09-11
2016-03-01,"245,913",CPILFESL,2024-09-11
2016-04-01,"246,551",CPILFESL,2024-09-11
2016-05-01,"247,137",CPILFESL,2024-09-11
2016-06-01,"247,54",CPILFESL,2024-09-11
2016-07-01,"247,829",CPILFESL,2024-09-11
2016-08-01,"248,423",CPILFESL,2024-09-11
2016-09-01,"248,842",CPILFESL,2024-09-11
2016-10-01,"249,142",CPILFESL,2024-09-11
2016-11-01,"249,481",CPILFESL,2024-09-11
2016-12-01,"249,92",CPILFESL,2024-09-11
2017-01-01,"250,467",CPILFESL,2024-09-11
2017-02-01,"250,998",CPILFESL,2024-09-11
2017-03-01,"250,944",CPILFESL,2024-09-11
2017-04-01,"251,227",CPILFESL,2024-09-11
2017-05-01,"251,43",CPILFESL,2024-09-11
2017-06-01,"251,746",CPILFESL,2024-09-11
2017-07-01,"251,985",CPILFESL,2024-09-11
2017-08-01,"252,535",CPILFESL,2024-09-11
2017-09-01,"252,812",CPILFESL,2024-09-11
2017-10-01,"253,526",CPILFESL,2024-09-11
2017-11-01,"253,816",CPILFESL,2024-09-11
2017-12-01,"254,344",CPILFESL,2024-09-11
2018-01-01,"255,204",CPILFESL,2024-09-11
2018-02-01,"255,711",CPILFESL,2024-09-11
2018-03-01,"256,271",CPILFESL,2024-09-11
2018-04-01,"256,63",CPILFESL,2024-09-11
2018-05-01,"257,145",CPILFESL,2024-09-11
2018-06-01,"257,399",CPILFESL,2024-09-11
2018-07-01,"257,699",CPILFESL,2024-09-11
2018-08-01,"257,891",CPILFESL,2024-09-11
2018-09-01,"258,368",CPILFESL,2024-09-11
2018-10-01,"258,917",CPILFESL,2024-09-11
2018-11-01,"259,439",CPILFESL,2024-09-11
2018-12-01,"260,063",CPILFESL,2024-09-11
2019-01-01,"260,766",CPILFESL,2024-09-11
2019-02-01,"261,186",CPILFESL,2024-09-11
2019-03-01,"261,567",CPILFESL,2024-09-11
2019-04-01,"261,997",CPILFESL,2024-09-11
2019-05-01,"262,217",CPILFESL,2024-09-11
2019-06-01,"262,739",CPILFESL,2024-09-11
2019-07-01,"263,28",CPILFESL,2024-09-11
2019-08-01,"263,877",CPILFESL,2024-09-11
2019-09-01,"264,388",CPILFESL,2024-09-11
2019-10-01,"264,97",CPILFESL,2024-09-11
2019-11-01,"265,548",CPILFESL,2024-09-11
2019-12-01,"266,02",CPILFESL,2024-09-11
2020-01-01,"266,698",CPILFESL,2024-09-11
2020-02-01,"267,402",CPILFESL,2024-09-11
2020-03-01,"267,068",CPILFESL,2024-09-11
2020-04-01,"265,796",CPILFESL,2024-09-11
2020-05-01,"265,461",CPILFESL,2024-09-11
2020-06-01,"265,839",CPILFESL,2024-09-11
2020-07-01,"267,373",CPILFESL,2024-09-11
2020-08-01,"268,39",CPILFESL,2024-09-11
2020-09-01,"268,9",CPILFESL,2024-09-11
2020-10-01,"269,28",CPILFESL,2024-09-11
2020-11-01,"269,967",CPILFESL,2024-09-11
2020-12-01,"270,34",CPILFESL,2024-09-11
2021-01-01,"270,422",CPILFESL,2024-09-11
2021-02-01,"270,813",CPILFESL,2024-09-11
2021-03-01,"271,461",CPILFESL,2024-09-11
2021-04-01,"273,665",CPILFESL,2024-09-11
2021-05-01,"275,494",CPILFESL,2024-09-11
2021-06-01,"277,585",CPILFESL,2024-09-11
2021-07-01,"278,612",CPILFESL,2024-09-11
2021-08-01,"278,993",CPILFESL,2024-09-11
2021-09-01,"279,71",CPILFESL,2024-09-11
2021-10-01,"281,623",CPILFESL,2024-09-11
2021-11-01,"283,393",CPILFESL,2024-09-11
2021-12-01,"285,221",CPILFESL,2024-09-11
2022-01-01,"286,811",CPILFESL,2024-09-11
2022-02-01,"288,287",CPILFESL,2024-09-11
2022-03-01,"289,041",CPILFESL,2024-09-11
2022-04-01,"290,515",CPILFESL,2024-09-11
2022-05-01,"292,072",CPILFESL,2024-09-11
2022-06-01,"293,972",CPILFESL,2024-09-11
2022-07-01,"295,055",CPILFESL,2024-09-11
2022-08-01,"296,569",CPILFESL,2024-09-11
2022-09-01,"298,284",CPILFESL,2024-09-11
2022-10-01,"299,351",CPILFESL,2024-09-11
2022-11-01,"300,292",CPILFESL,2024-09-11
2022-12-01,"301,423",CPILFESL,2024-09-11
2023-01-01,"302,709",CPILFESL,2024-09-11
2023-02-01,"304,124",CPILFESL,2024-09-11
2023-03-01,"305,112",CPILFESL,2024-09-11
2023-04-01,"306,539",CPILFESL,2024-09-11
2023-05-01,"307,646",CPILFESL,2024-09-11
2023-06-01,"308,245",CPILFESL,2024-09-11
2023-07-01,"308,945",CPILFESL,2024-09-11
2023-08-01,"309,656",CPILFESL,2024-09-11
2023-09-01,"310,644",CPILFESL,2024-09-11
2023-10-01,"311,39",CPILFESL,2024-09-11
2023-11-01,"312,349",CPILFESL,2024-09-11
2023-12-01,"313,209",CPILFESL,2024-09-11
2024-01-01,"314,438",CPILFESL,2024-09-11
2024-02-01,"315,565",CPILFESL,2024-09-11
2024-03-01,"316,698",CPILFESL,2024-09-11
2024-04-01,"317,622",CPILFESL,2024-09-11
2024-05-01,"318,14",CPILFESL,2024-09-11
2024-06-01,"318,346",CPILFESL,2024-09-11
2024-07-01,"318,872",CPILFESL,2024-09-11
2024-08-01,"319,768",CPILFESL,2024-09-11
1948-01-01,"3,4",UNRATE,2024-09-06
1948-02-01,"3,8",UNRATE,2024-09-06
1948-03-01,4,UNRATE,2024-09-06
1948-04-01,"3,9",UNRATE,2024-09-06
1948-05-01,"3,5",UNRATE,2024-09-06
1948-06-01,"3,6",UNRATE,2024-09-06
1948-07-01,"3,6",UNRATE,2024-09-06
1948-08-01,"3,9",UNRATE,2024-09-06
1948-09-01,"3,8",UNRATE,2024-09-06
1948-10-01,"3,7",UNRATE,2024-09-06
1948-11-01,"3,8",UNRATE,2024-09-06
1948-12-01,4,UNRATE,2024-09-06
1949-01-01,"4,3",UNRATE,2024-09-06
1949-02-01,"4,7",UNRATE,2024-09-06
1949-03-01,5,UNRATE,2024-09-06
1949-04-01,"5,3",UNRATE,2024-09-06
1949-05-01,"6,1",UNRATE,2024-09-06
1949-06-01,"6,2",UNRATE,2024-09-06
1949-07-01,"6,7",UNRATE,2024-09-06
1949-08-01,"6,8",UNRATE,2024-09-06
1949-09-01,"6,6",UNRATE,2024-09-06
1949-10-01,"7,9",UNRATE,2024-09-06
1949-11-01,"6,4",UNRATE,2024-09-06
1949-12-01,"6,6",UNRATE,2024-09-06
1950-01-01,"6,5",UNRATE,2024-09-06
1950-02-01,"6,4",UNRATE,2024-09-06
1950-03-01,"6,3",UNRATE,2024-09-06
1950-04-01,"5,8",UNRATE,2024-09-06
1950-05-01,"5,5",UNRATE,2024-09-06
1950-06-01,"5,4",UNRATE,2024-09-06
1950-07-01,5,UNRATE,2024-09-06
1950-08-01,"4,5",UNRATE,2024-09-06
1950-09-01,"4,4",UNRATE,2024-09-06
1950-10-01,"4,2",UNRATE,2024-09-06
1950-11-01,"4,2",UNRATE,2024-09-06
1950-12-01,"4,3",UNRATE,2024-09-06
1951-01-01,"3,7",UNRATE,2024-09-06
1951-02-01,"3,4",UNRATE,2024-09-06
1951-03-01,"3,4",UNRATE,2024-09-06
1951-04-01,"3,1",UNRATE,2024-09-06
1951-05-01,3,UNRATE,2024-09-06
1951-06-01,"3,2",UNRATE,2024-09-06
1951-07-01,"3,1",UNRATE,2024-09-06
1951-08-01,"3,1",UNRATE,2024-09-06
1951-09-01,"3,3",UNRATE,2024-09-06
1951-10-01,"3,5",UNRATE,2024-09-06
1951-11-01,"3,5",UNRATE,2024-09-06
1951-12-01,"3,1",UNRATE,2024-09-06
1952-01-01,"3,2",UNRATE,2024-09-06
1952-02-01,"3,1",UNRATE,2024-09-06
1952-03-01,"2,9",UNRATE,2024-09-06
1952-04-01,"2,9",UNRATE,2024-09-06
1952-05-01,3,UNRATE,2024-09-06
1952-06-01,3,UNRATE,2024-09-06
1952-07-01,"3,2",UNRATE,2024-09-06
1952-08-01,"3,4",UNRATE,2024-09-06
1952-09-01,"3,1",UNRATE,2024-09-06
1952-10-01,3,UNRATE,2024-09-06
1952-11-01,"2,8",UNRATE,2024-09-06
1952-12-01,"2,7",UNRATE,2024-09-06
1953-01-01,"2,9",UNRATE,2024-09-06
1953-02-01,"2,6",UNRATE,2024-09-06
1953-03-01,"2,6",UNRATE,2024-09-06
1953-04-01,"2,7",UNRATE,2024-09-06
1953-05-01,"2,5",UNRATE,2024-09-06
1953-06-01,"2,5",UNRATE,2024-09-06
1953-07-01,"2,6",UNRATE,2024-09-06
1953-08-01,"2,7",UNRATE,2024-09-06
1953-09-01,"2,9",UNRATE,2024-09-06
1953-10-01,"3,1",UNRATE,2024-09-06
1953-11-01,"3,5",UNRATE,2024-09-06
1953-12-01,"4,5",UNRATE,2024-09-06
1954-01-01,"4,9",UNRATE,2024-09-06
1954-02-01,"5,2",UNRATE,2024-09-06
1954-03-01,"5,7",UNRATE,2024-09-06
1954-04-01,"5,9",UNRATE,2024-09-06
1954-05-01,"5,9",UNRATE,2024-09-06
1954-06-01,"5,6",UNRATE,2024-09-06
1954-07-01,"5,8",UNRATE,2024-09-06
1954-08-01,6,UNRATE,2024-09-06
1954-09-01,"6,1",UNRATE,2024-09-06
1954-10-01,"5,7",UNRATE,2024-09-06
1954-11-01,"5,3",UNRATE,2024-09-06
1954-12-01,5,UNRATE,2024-09-06
1955-01-01,"4,9",UNRATE,2024-09-06
1955-02-01,"4,7",UNRATE,2024-09-06
1955-03-01,"4,6",UNRATE,2024-09-06
1955-04-01,"4,7",UNRATE,2024-09-06
1955-05-01,"4,3",UNRATE,2024-09-06
1955-06-01,"4,2",UNRATE,2024-09-06
1955-07-01,4,UNRATE,2024-09-06
1955-08-01,"4,2",UNRATE,2024-09-06
1955-09-01,"4,1",UNRATE,2024-09-06
1955-10-01,"4,3",UNRATE,2024-09-06
1955-11-01,"4,2",UNRATE,2024-09-06
1955-12-01,"4,2",UNRATE,2024-09-06
1956-01-01,4,UNRATE,2024-09-06
1956-02-01,"3,9",UNRATE,2024-09-06
1956-03-01,"4,2",UNRATE,2024-09-06
1956-04-01,4,UNRATE,2024-09-06
1956-05-01,"4,3",UNRATE,2024-09-06
1956-06-01,"4,3",UNRATE,2024-09-06
1956-07-01,"4,4",UNRATE,2024-09-06
1956-08-01,"4,1",UNRATE,2024-09-06
1956-09-01,"3,9",UNRATE,2024-09-06
1956-10-01,"3,9",UNRATE,2024-09-06
1956-11-01,"4,3",UNRATE,2024-09-06
1956-12-01,"4,2",UNRATE,2024-09-06
1957-01-01,"4,2",UNRATE,2024-09-06
1957-02-01,"3,9",UNRATE,2024-09-06
1957-03-01,"3,7",UNRATE,2024-09-06
1957-04-01,"3,9",UNRATE,2024-09-06
1957-05-01,"4,1",UNRATE,2024-09-06
1957-06-01,"4,3",UNRATE,2024-09-06
1957-07-01,"4,2",UNRATE,2024-09-06
1957-08-01,"4,1",UNRATE,2024-09-06
1957-09-01,"4,4",UNRATE,2024-09-06
1957-10-01,"4,5",UNRATE,2024-09-06
1957-11-01,"5,1",UNRATE,2024-09-06
1957-12-01,"5,2",UNRATE,2024-09-06
1958-01-01,"5,8",UNRATE,2024-09-06
1958-02-01,"6,4",UNRATE,2024-09-06
1958-03-01,"6,7",UNRATE,2024-09-06
1958-04-01,"7,4",UNRATE,2024-09-06
1958-05-01,"7,4",UNRATE,2024-09-06
1958-06-01,"7,3",UNRATE,2024-09-06
1958-07-01,"7,5",UNRATE,2024-09-06
1958-08-01,"7,4",UNRATE,2024-09-06
1958-09-01,"7,1",UNRATE,2024-09-06
1958-10-01,"6,7",UNRATE,2024-09-06
1958-11-01,"6,2",UNRATE,2024-09-06
1958-12-01,"6,2",UNRATE,2024-09-06
1959-01-01,6,UNRATE,2024-09-06
1959-02-01,"5,9",UNRATE,2024-09-06
1959-03-01,"5,6",UNRATE,2024-09-06
1959-04-01,"5,2",UNRATE,2024-09-06
1959-05-01,"5,1",UNRATE,2024-09-06
1959-06-01,5,UNRATE,2024-09-06
1959-07-01,"5,1",UNRATE,2024-09-06
1959-08-01,"5,2",UNRATE,2024-09-06
1959-09-01,"5,5",UNRATE,2024-09-06
1959-10-01,"5,7",UNRATE,2024-09-06
1959-11-01,"5,8",UNRATE,2024-09-06
1959-12-01,"5,3",UNRATE,2024-09-06
1960-01-01,"5,2",UNRATE,2024-09-06
1960-02-01,"4,8",UNRATE,2024-09-06
1960-03-01,"5,4",UNRATE,2024-09-06
1960-04-01,"5,2",UNRATE,2024-09-06
1960-05-01,"5,1",UNRATE,2024-09-06
1960-06-01,"5,4",UNRATE,2024-09-06
1960-07-01,"5,5",UNRATE,2024-09-06
1960-08-01,"5,6",UNRATE,2024-09-06
1960-09-01,"5,5",UNRATE,2024-09-06
1960-10-01,"6,1",UNRATE,2024-09-06
1960-11-01,"6,1",UNRATE,2024-09-06
1960-12-01,"6,6",UNRATE,2024-09-06
1961-01-01,"6,6",UNRATE,2024-09-06
1961-02-01,"6,9",UNRATE,2024-09-06
1961-03-01,"6,9",UNRATE,2024-09-06
1961-04-01,7,UNRATE,2024-09-06
1961-05-01,"7,1",UNRATE,2024-09-06
1961-06-01,"6,9",UNRATE,2024-09-06
1961-07-01,7,UNRATE,2024-09-06
1961-08-01,"6,6",UNRATE,2024-09-06
1961-09-01,"6,7",UNRATE,2024-09-06
1961-10-01,"6,5",UNRATE,2024-09-06
1961-11-01,"6,1",UNRATE,2024-09-06
1961-12-01,6,UNRATE,2024-09-06
1962-01-01,"5,8",UNRATE,2024-09-06
1962-02-01,"5,5",UNRATE,2024-09-06
1962-03-01,"5,6",UNRATE,2024-09-06
1962-04-01,"5,6",UNRATE,2024-09-06
1962-05-01,"5,5",UNRATE,2024-09-06
1962-06-01,"5,5",UNRATE,2024-09-06
1962-07-01,"5,4",UNRATE,2024-09-06
1962-08-01,"5,7",UNRATE,2024-09-06
1962-09-01,"5,6",UNRATE,2024-09-06
1962-10-01,"5,4",UNRATE,2024-09-06
1962-11-01,"5,7",UNRATE,2024-09-06
1962-12-01,"5,5",UNRATE,2024-09-06
1963-01-01,"5,7",UNRATE,2024-09-06
1963-02-01,"5,9",UNRATE,2024-09-06
1963-03-01,"5,7",UNRATE,2024-09-06
1963-04-01,"5,7",UNRATE,2024-09-06
1963-05-01,"5,9",UNRATE,2024-09-06
1963-06-01,"5,6",UNRATE,2024-09-06
1963-07-01,"5,6",UNRATE,2024-09-06
1963-08-01,"5,4",UNRATE,2024-09-06
1963-09-01,"5,5",UNRATE,2024-09-06
1963-10-01,"5,5",UNRATE,2024-09-06
1963-11-01,"5,7",UNRATE,2024-09-06
1963-12-01,"5,5",UNRATE,2024-09-06
1964-01-01,"5,6",UNRATE,2024-09-06
1964-02-01,"5,4",UNRATE,2024-09-06
1964-03-01,"5,4",UNRATE,2024-09-06
1964-04-01,"5,3",UNRATE,2024-09-06
1964-05-01,"5,1",UNRATE,2024-09-06
1964-06-01,"5,2",UNRATE,2024-09-06
1964-07-01,"4,9",UNRATE,2024-09-06
1964-08-01,5,UNRATE,2024-09-06
1964-09-01,"5,1",UNRATE,2024-09-06
1964-10-01,"5,1",UNRATE,2024-09-06
1964-11-01,"4,8",UNRATE,2024-09-06
1964-12-01,5,UNRATE,2024-09-06
1965-01-01,"4,9",UNRATE,2024-09-06
1965-02-01,"5,1",UNRATE,2024-09-06
1965-03-01,"4,7",UNRATE,2024-09-06
1965-04-01,"4,8",UNRATE,2024-09-06
1965-05-01,"4,6",UNRATE,2024-09-06
1965-06-01,"4,6",UNRATE,2024-09-06
1965-07-01,"4,4",UNRATE,2024-09-06
1965-08-01,"4,4",UNRATE,2024-09-06
1965-09-01,"4,3",UNRATE,2024-09-06
1965-10-01,"4,2",UNRATE,2024-09-06
1965-11-01,"4,1",UNRATE,2024-09-06
1965-12-01,4,UNRATE,2024-09-06
1966-01-01,4,UNRATE,2024-09-06
1966-02-01,"3,8",UNRATE,2024-09-06
1966-03-01,"3,8",UNRATE,2024-09-06
1966-04-01,"3,8",UNRATE,2024-09-06
1966-05-01,"3,9",UNRATE,2024-09-06
1966-06-01,"3,8",UNRATE,2024-09-06
1966-07-01,"3,8",UNRATE,2024-09-06
1966-08-01,"3,8",UNRATE,2024-09-06
1966-09-01,"3,7",UNRATE,2024-09-06
1966-10-01,"3,7",UNRATE,2024-09-06
1966-11-01,"3,6",UNRATE,2024-09-06
1966-12-01,"3,8",UNRATE,2024-09-06
1967-01-01,"3,9",UNRATE,2024-09-06
1967-02-01,"3,8",UNRATE,2024-09-06
1967-03-01,"3,8",UNRATE,2024-09-06
1967-04-01,"3,8",UNRATE,2024-09-06
1967-05-01,"3,8",UNRATE,2024-09-06
1967-06-01,"3,9",UNRATE,2024-09-06
1967-07-01,"3,8",UNRATE,2024-09-06
1967-08-01,"3,8",UNRATE,2024-09-06
1967-09-01,"3,8",UNRATE,2024-09-06
1967-10-01,4,UNRATE,2024-09-06
1967-11-01,"3,9",UNRATE,2024-09-06
1967-12-01,"3,8",UNRATE,2024-09-06
1968-01-01,"3,7",UNRATE,2024-09-06
1968-02-01,"3,8",UNRATE,2024-09-06
1968-03-01,"3,7",UNRATE,2024-09-06
1968-04-01,"3,5",UNRATE,2024-09-06
1968-05-01,"3,5",UNRATE,2024-09-06
1968-06-01,"3,7",UNRATE,2024-09-06
1968-07-01,"3,7",UNRATE,2024-09-06
1968-08-01,"3,5",UNRATE,2024-09-06
1968-09-01,"3,4",UNRATE,2024-09-06
1968-10-01,"3,4",UNRATE,2024-09-06
1968-11-01,"3,4",UNRATE,2024-09-06
1968-12-01,"3,4",UNRATE,2024-09-06
1969-01-01,"3,4",UNRATE,2024-09-06
1969-02-01,"3,4",UNRATE,2024-09-06
1969-03-01,"3,4",UNRATE,2024-09-06
1969-04-01,"3,4",UNRATE,2024-09-06
1969-05-01,"3,4",UNRATE,2024-09-06
1969-06-01,"3,5",UNRATE,2024-09-06
1969-07-01,"3,5",UNRATE,2024-09-06
1969-08-01,"3,5",UNRATE,2024-09-06
1969-09-01,"3,7",UNRATE,2024-09-06
1969-10-01,"3,7",UNRATE,2024-09-06
1969-11-01,"3,5",UNRATE,2024-09-06
1969-12-01,"3,5",UNRATE,2024-09-06
1970-01-01,"3,9",UNRATE,2024-09-06
1970-02-01,"4,2",UNRATE,2024-09-06
1970-03-01,"4,4",UNRATE,2024-09-06
1970-04-01,"4,6",UNRATE,2024-09-06
1970-05-01,"4,8",UNRATE,2024-09-06
1970-06-01,"4,9",UNRATE,2024-09-06
1970-07-01,5,UNRATE,2024-09-06
1970-08-01,"5,1",UNRATE,2024-09-06
1970-09-01,"5,4",UNRATE,2024-09-06
1970-10-01,"5,5",UNRATE,2024-09-06
1970-11-01,"5,9",UNRATE,2024-09-06
1970-12-01,"6,1",UNRATE,2024-09-06
1971-01-01,"5,9",UNRATE,2024-09-06
1971-02-01,"5,9",UNRATE,2024-09-06
1971-03-01,6,UNRATE,2024-09-06
1971-04-01,"5,9",UNRATE,2024-09-06
1971-05-01,"5,9",UNRATE,2024-09-06
1971-06-01,"5,9",UNRATE,2024-09-06
1971-07-01,6,UNRATE,2024-09-06
1971-08-01,"6,1",UNRATE,2024-09-06
1971-09-01,6,UNRATE,2024-09-06
1971-10-01,"5,8",UNRATE,2024-09-06
1971-11-01,6,UNRATE,2024-09-06
1971-12-01,6,UNRATE,2024-09-06
1972-01-01,"5,8",UNRATE,2024-09-06
1972-02-01,"5,7",UNRATE,2024-09-06
1972-03-01,"5,8",UNRATE,2024-09-06
1972-04-01,"5,7",UNRATE,2024-09-06
1972-05-01,"5,7",UNRATE,2024-09-06
1972-06-01,"5,7",UNRATE,2024-09-06
1972-07-01,"5,6",UNRATE,2024-09-06
1972-08-01,"5,6",UNRATE,2024-09-06
1972-09-01,"5,5",UNRATE,2024-09-06
1972-10-01,"5,6",UNRATE,2024-09-06
1972-11-01,"5,3",UNRATE,2024-09-06
1972-12-01,"5,2",UNRATE,2024-09-06
1973-01-01,"4,9",UNRATE,2024-09-06
1973-02-01,5,UNRATE,2024-09-06
1973-03-01,"4,9",UNRATE,2024-09-06
1973-04-01,5,UNRATE,2024-09-06
1973-05-01,"4,9",UNRATE,2024-09-06
1973-06-01,"4,9",UNRATE,2024-09-06
1973-07-01,"4,8",UNRATE,2024-09-06
1973-08-01,"4,8",UNRATE,2024-09-06
1973-09-01,"4,8",UNRATE,2024-09-06
1973-10-01,"4,6",UNRATE,2024-09-06
1973-11-01,"4,8",UNRATE,2024-09-06
1973-12-01,"4,9",UNRATE,2024-09-06
1974-01-01,"5,1",UNRATE,2024-09-06
1974-02-01,"5,2",UNRATE,2024-09-06
1974-03-01,"5,1",UNRATE,2024-09-06
1974-04-01,"5,1",UNRATE,2024-09-06
1974-05-01,"5,1",UNRATE,2024-09-06
1974-06-01,"5,4",UNRATE,2024-09-06
1974-07-01,"5,5",UNRATE,2024-09-06
1974-08-01,"5,5",UNRATE,2024-09-06
1974-09-01,"5,9",UNRATE,2024-09-06
1974-10-01,6,UNRATE,2024-09-06
1974-11-01,"6,6",UNRATE,2024-09-06
1974-12-01,"7,2",UNRATE,2024-09-06
1975-01-01,"8,1",UNRATE,2024-09-06
1975-02-01,"8,1",UNRATE,2024-09-06
1975-03-01,"8,6",UNRATE,2024-09-06
1975-04-01,"8,8",UNRATE,2024-09-06
1975-05-01,9,UNRATE,2024-09-06
1975-06-01,"8,8",UNRATE,2024-09-06
1975-07-01,"8,6",UNRATE,2024-09-06
1975-08-01,"8,4",UNRATE,2024-09-06
1975-09-01,"8,4",UNRATE,2024-09-06
1975-10-01,"8,4",UNRATE,2024-09-06
1975-11-01,"8,3",UNRATE,2024-09-06
1975-12-01,"8,2",UNRATE,2024-09-06
1976-01-01,"7,9",UNRATE,2024-09-06
1976-02-01,"7,7",UNRATE,2024-09-06
1976-03-01,"7,6",UNRATE,2024-09-06
1976-04-01,"7,7",UNRATE,2024-09-06
1976-05-01,"7,4",UNRATE,2024-09-06
1976-06-01,"7,6",UNRATE,2024-09-06
1976-07-01,"7,8",UNRATE,2024-09-06
1976-08-01,"7,8",UNRATE,2024-09-06
1976-09-01,"7,6",UNRATE,2024-09-06
1976-10-01,"7,7",UNRATE,2024-09-06
1976-11-01,"7,8",UNRATE,2024-09-06
1976-12-01,"7,8",UNRATE,2024-09-06
1977-01-01,"7,5",UNRATE,2024-09-06
1977-02-01,"7,6",UNRATE,2024-09-06
1977-03-01,"7,4",UNRATE,2024-09-06
1977-04-01,"7,2",UNRATE,2024-09-06
1977-05-01,7,UNRATE,2024-09-06
1977-06-01,"7,2",UNRATE,2024-09-06
1977-07-01,"6,9",UNRATE,2024-09-06
1977-08-01,7,UNRATE,2024-09-06
1977-09-01,"6,8",UNRATE,2024-09-06
1977-10-01,"6,8",UNRATE,2024-09-06
1977-11-01,"6,8",UNRATE,2024-09-06
1977-12-01,"6,4",UNRATE,2024-09-06
1978-01-01,"6,4",UNRATE,2024-09-06
1978-02-01,"6,3",UNRATE,2024-09-06
1978-03-01,"6,3",UNRATE,2024-09-06
1978-04-01,"6,1",UNRATE,2024-09-06
1978-05-01,6,UNRATE,2024-09-06
1978-06-01,"5,9",UNRATE,2024-09-06
1978-07-01,"6,2",UNRATE,2024-09-06
1978-08-01,"5,9",UNRATE,2024-09-06
1978-09-01,6,UNRATE,2024-09-06
1978-10-01,"5,8",UNRATE,2024-09-06
1978-11-01,"5,9",UNRATE,2024-09-06
1978-12-01,6,UNRATE,2024-09-06
1979-01-01,"5,9",UNRATE,2024-09-06
1979-02-01,"5,9",UNRATE,2024-09-06
1979-03-01,"5,8",UNRATE,2024-09-06
1979-04-01,"5,8",UNRATE,2024-09-06
1979-05-01,"5,6",UNRATE,2024-09-06
1979-06-01,"5,7",UNRATE,2024-09-06
1979-07-01,"5,7",UNRATE,2024-09-06
1979-08-01,6,UNRATE,2024-09-06
1979-09-01,"5,9",UNRATE,2024-09-06
1979-10-01,6,UNRATE,2024-09-06
1979-11-01,"5,9",UNRATE,2024-09-06
1979-12-01,6,UNRATE,2024-09-06
1980-01-01,"6,3",UNRATE,2024-09-06
1980-02-01,"6,3",UNRATE,2024-09-06
1980-03-01,"6,3",UNRATE,2024-09-06
1980-04-01,"6,9",UNRATE,2024-09-06
1980-05-01,"7,5",UNRATE,2024-09-06
1980-06-01,"7,6",UNRATE,2024-09-06
1980-07-01,"7,8",UNRATE,2024-09-06
1980-08-01,"7,7",UNRATE,2024-09-06
1980-09-01,"7,5",UNRATE,2024-09-06
1980-10-01,"7,5",UNRATE,2024-09-06
1980-11-01,"7,5",UNRATE,2024-09-06
1980-12-01,"7,2",UNRATE,2024-09-06
1981-01-01,"7,5",UNRATE,2024-09-06
1981-02-01,"7,4",UNRATE,2024-09-06
1981-03-01,"7,4",UNRATE,2024-09-06
1981-04-01,"7,2",UNRATE,2024-09-06
1981-05-01,"7,5",UNRATE,2024-09-06
1981-06-01,"7,5",UNRATE,2024-09-06
1981-07-01,"7,2",UNRATE,2024-09-06
1981-08-01,"7,4",UNRATE,2024-09-06
1981-09-01,"7,6",UNRATE,2024-09-06
1981-10-01,"7,9",UNRATE,2024-09-06
1981-11-01,"8,3",UNRATE,2024-09-06
1981-12-01,"8,5",UNRATE,2024-09-06
1982-01-01,"8,6",UNRATE,2024-09-06
1982-02-01,"8,9",UNRATE,2024-09-06
1982-03-01,9,UNRATE,2024-09-06
1982-04-01,"9,3",UNRATE,2024-09-06
1982-05-01,"9,4",UNRATE,2024-09-06
1982-06-01,"9,6",UNRATE,2024-09-06
1982-07-01,"9,8",UNRATE,2024-09-06
1982-08-01,"9,8",UNRATE,2024-09-06
1982-09-01,"10,1",UNRATE,2024-09-06
1982-10-01,"10,4",UNRATE,2024-09-06
1982-11-01,"10,8",UNRATE,2024-09-06
1982-12-01,"10,8",UNRATE,2024-09-06
1983-01-01,"10,4",UNRATE,2024-09-06
1983-02-01,"10,4",UNRATE,2024-09-06
1983-03-01,"10,3",UNRATE,2024-09-06
1983-04-01,"10,2",UNRATE,2024-09-06
1983-05-01,"10,1",UNRATE,2024-09-06
1983-06-01,"10,1",UNRATE,2024-09-06
1983-07-01,"9,4",UNRATE,2024-09-06
1983-08-01,"9,5",UNRATE,2024-09-06
1983-09-01,"9,2",UNRATE,2024-09-06
1983-10-01,"8,8",UNRATE,2024-09-06
1983-11-01,"8,5",UNRATE,2024-09-06
1983-12-01,"8,3",UNRATE,2024-09-06
1984-01-01,8,UNRATE,2024-09-06
1984-02-01,"7,8",UNRATE,2024-09-06
1984-03-01,"7,8",UNRATE,2024-09-06
1984-04-01,"7,7",UNRATE,2024-09-06
1984-05-01,"7,4",UNRATE,2024-09-06
1984-06-01,"7,2",UNRATE,2024-09-06
1984-07-01,"7,5",UNRATE,2024-09-06
1984-08-01,"7,5",UNRATE,2024-09-06
1984-09-01,"7,3",UNRATE,2024-09-06
1984-10-01,"7,4",UNRATE,2024-09-06
1984-11-01,"7,2",UNRATE,2024-09-06
1984-12-01,"7,3",UNRATE,2024-09-06
1985-01-01,"7,3",UNRATE,2024-09-06
1985-02-01,"7,2",UNRATE,2024-09-06
1985-03-01,"7,2",UNRATE,2024-09-06
1985-04-01,"7,3",UNRATE,2024-09-06
1985-05-01,"7,2",UNRATE,2024-09-06
1985-06-01,"7,4",UNRATE,2024-09-06
1985-07-01,"7,4",UNRATE,2024-09-06
1985-08-01,"7,1",UNRATE,2024-09-06
1985-09-01,"7,1",UNRATE,2024-09-06
1985-10-01,"7,1",UNRATE,2024-09-06
1985-11-01,7,UNRATE,2024-09-06
1985-12-01,7,UNRATE,2024-09-06
1986-01-01,"6,7",UNRATE,2024-09-06
1986-02-01,"7,2",UNRATE,2024-09-06
1986-03-01,"7,2",UNRATE,2024-09-06
1986-04-01,"7,1",UNRATE,2024-09-06
1986-05-01,"7,2",UNRATE,2024-09-06
1986-06-01,"7,2",UNRATE,2024-09-06
1986-07-01,7,UNRATE,2024-09-06
1986-08-01,"6,9",UNRATE,2024-09-06
1986-09-01,7,UNRATE,2024-09-06
1986-10-01,7,UNRATE,2024-09-06
1986-11-01,"6,9",UNRATE,2024-09-06
1986-12-01,"6,6",UNRATE,2024-09-06
1987-01-01,"6,6",UNRATE,2024-09-06
1987-02-01,"6,6",UNRATE,2024-09-06
1987-03-01,"6,6",UNRATE,2024-09-06
1987-04-01,"6,3",UNRATE,2024-09-06
1987-05-01,"6,3",UNRATE,2024-09-06
1987-06-01,"6,2",UNRATE,2024-09-06
1987-07-01,"6,1",UNRATE,2024-09-06
1987-08-01,6,UNRATE,2024-09-06
1987-09-01,"5,9",UNRATE,2024-09-06
1987-10-01,6,UNRATE,2024-09-06
1987-11-01,"5,8",UNRATE,2024-09-06
1987-12-01,"5,7",UNRATE,2024-09-06
1988-01-01,"5,7",UNRATE,2024-09-06
1988-02-01,"5,7",UNRATE,2024-09-06
1988-03-01,"5,7",UNRATE,2024-09-06
1988-04-01,"5,4",UNRATE,2024-09-06
1988-05-01,"5,6",UNRATE,2024-09-06
1988-06-01,"5,4",UNRATE,2024-09-06
1988-07-01,"5,4",UNRATE,2024-09-06
1988-08-01,"5,6",UNRATE,2024-09-06
1988-09-01,"5,4",UNRATE,2024-09-06
1988-10-01,"5,4",UNRATE,2024-09-06
1988-11-01,"5,3",UNRATE,2024-09-06
1988-12-01,"5,3",UNRATE,2024-09-06
1989-01-01,"5,4",UNRATE,2024-09-06
1989-02-01,"5,2",UNRATE,2024-09-06
1989-03-01,5,UNRATE,2024-09-06
1989-04-01,"5,2",UNRATE,2024-09-06
1989-05-01,"5,2",UNRATE,2024-09-06
1989-06-01,"5,3",UNRATE,2024-09-06
1989-07-01,"5,2",UNRATE,2024-09-06
1989-08-01,"5,2",UNRATE,2024-09-06
1989-09-01,"5,3",UNRATE,2024-09-06
1989-10-01,"5,3",UNRATE,2024-09-06
1989-11-01,"5,4",UNRATE,2024-09-06
1989-12-01,"5,4",UNRATE,2024-09-06
1990-01-01,"5,4",UNRATE,2024-09-06
1990-02-01,"5,3",UNRATE,2024-09-06
1990-03-01,"5,2",UNRATE,2024-09-06
1990-04-01,"5,4",UNRATE,2024-09-06
1990-05-01,"5,4",UNRATE,2024-09-06
1990-06-01,"5,2",UNRATE,2024-09-06
1990-07-01,"5,5",UNRATE,2024-09-06
1990-08-01,"5,7",UNRATE,2024-09-06
1990-09-01,"5,9",UNRATE,2024-09-06
1990-10-01,"5,9",UNRATE,2024-09-06
1990-11-01,"6,2",UNRATE,2024-09-06
1990-12-01,"6,3",UNRATE,2024-09-06
1991-01-01,"6,4",UNRATE,2024-09-06
1991-02-01,"6,6",UNRATE,2024-09-06
1991-03-01,"6,8",UNRATE,2024-09-06
1991-04-01,"6,7",UNRATE,2024-09-06
1991-05-01,"6,9",UNRATE,2024-09-06
1991-06-01,"6,9",UNRATE,2024-09-06
1991-07-01,"6,8",UNRATE,2024-09-06
1991-08-01,"6,9",UNRATE,2024-09-06
1991-09-01,"6,9",UNRATE,2024-09-06
1991-10-01,7,UNRATE,2024-09-06
1991-11-01,7,UNRATE,2024-09-06
1991-12-01,"7,3",UNRATE,2024-09-06
1992-01-01,"7,3",UNRATE,2024-09-06
1992-02-01,"7,4",UNRATE,2024-09-06
1992-03-01,"7,4",UNRATE,2024-09-06
1992-04-01,"7,4",UNRATE,2024-09-06
1992-05-01,"7,6",UNRATE,2024-09-06
1992-06-01,"7,8",UNRATE,2024-09-06
1992-07-01,"7,7",UNRATE,2024-09-06
1992-08-01,"7,6",UNRATE,2024-09-06
1992-09-01,"7,6",UNRATE,2024-09-06
1992-10-01,"7,3",UNRATE,2024-09-06
1992-11-01,"7,4",UNRATE,2024-09-06
1992-12-01,"7,4",UNRATE,2024-09-06
1993-01-01,"7,3",UNRATE,2024-09-06
1993-02-01,"7,1",UNRATE,2024-09-06
1993-03-01,7,UNRATE,2024-09-06
1993-04-01,"7,1",UNRATE,2024-09-06
1993-05-01,"7,1",UNRATE,2024-09-06
1993-06-01,7,UNRATE,2024-09-06
1993-07-01,"6,9",UNRATE,2024-09-06
1993-08-01,"6,8",UNRATE,2024-09-06
1993-09-01,"6,7",UNRATE,2024-09-06
1993-10-01,"6,8",UNRATE,2024-09-06
1993-11-01,"6,6",UNRATE,2024-09-06
1993-12-01,"6,5",UNRATE,2024-09-06
1994-01-01,"6,6",UNRATE,2024-09-06
1994-02-01,"6,6",UNRATE,2024-09-06
1994-03-01,"6,5",UNRATE,2024-09-06
1994-04-01,"6,4",UNRATE,2024-09-06
1994-05-01,"6,1",UNRATE,2024-09-06
1994-06-01,"6,1",UNRATE,2024-09-06
1994-07-01,"6,1",UNRATE,2024-09-06
1994-08-01,6,UNRATE,2024-09-06
1994-09-01,"5,9",UNRATE,2024-09-06
1994-10-01,"5,8",UNRATE,2024-09-06
1994-11-01,"5,6",UNRATE,2024-09-06
1994-12-01,"5,5",UNRATE,2024-09-06
1995-01-01,"5,6",UNRATE,2024-09-06
1995-02-01,"5,4",UNRATE,2024-09-06
1995-03-01,"5,4",UNRATE,2024-09-06
1995-04-01,"5,8",UNRATE,2024-09-06
1995-05-01,"5,6",UNRATE,2024-09-06
1995-06-01,"5,6",UNRATE,2024-09-06
1995-07-01,"5,7",UNRATE,2024-09-06
1995-08-01,"5,7",UNRATE,2024-09-06
1995-09-01,"5,6",UNRATE,2024-09-06
1995-10-01,"5,5",UNRATE,2024-09-06
1995-11-01,"5,6",UNRATE,2024-09-06
1995-12-01,"5,6",UNRATE,2024-09-06
1996-01-01,"5,6",UNRATE,2024-09-06
1996-02-01,"5,5",UNRATE,2024-09-06
1996-03-01,"5,5",UNRATE,2024-09-06
1996-04-01,"5,6",UNRATE,2024-09-06
1996-05-01,"5,6",UNRATE,2024-09-06
1996-06-01,"5,3",UNRATE,2024-09-06
1996-07-01,"5,5",UNRATE,2024-09-06
1996-08-01,"5,1",UNRATE,2024-09-06
1996-09-01,"5,2",UNRATE,2024-09-06
1996-10-01,"5,2",UNRATE,2024-09-06
1996-11-01,"5,4",UNRATE,2024-09-06
1996-12-01,"5,4",UNRATE,2024-09-06
1997-01-01,"5,3",UNRATE,2024-09-06
1997-02-01,"5,2",UNRATE,2024-09-06
1997-03-01,"5,2",UNRATE,2024-09-06
1997-04-01,"5,1",UNRATE,2024-09-06
1997-05-01,"4,9",UNRATE,2024-09-06
1997-06-01,5,UNRATE,2024-09-06
1997-07-01,"4,9",UNRATE,2024-09-06
1997-08-01,"4,8",UNRATE,2024-09-06
1997-09-01,"4,9",UNRATE,2024-09-06
1997-10-01,"4,7",UNRATE,2024-09-06
1997-11-01,"4,6",UNRATE,2024-09-06
1997-12-01,"4,7",UNRATE,2024-09-06
1998-01-01,"4,6",UNRATE,2024-09-06
1998-02-01,"4,6",UNRATE,2024-09-06
1998-03-01,"4,7",UNRATE,2024-09-06
1998-04-01,"4,3",UNRATE,2024-09-06
1998-05-01,"4,4",UNRATE,2024-09-06
1998-06-01,"4,5",UNRATE,2024-09-06
1998-07-01,"4,5",UNRATE,2024-09-06
1998-08-01,"4,5",UNRATE,2024-09-06
1998-09-01,"4,6",UNRATE,2024-09-06
1998-10-01,"4,5",UNRATE,2024-09-06
1998-11-01,"4,4",UNRATE,2024-09-06
1998-12-01,"4,4",UNRATE,2024-09-06
1999-01-01,"4,3",UNRATE,2024-09-06
1999-02-01,"4,4",UNRATE,2024-09-06
1999-03-01,"4,2",UNRATE,2024-09-06
1999-04-01,"4,3",UNRATE,2024-09-06
1999-05-01,"4,2",UNRATE,2024-09-06
1999-06-01,"4,3",UNRATE,2024-09-06
1999-07-01,"4,3",UNRATE,2024-09-06
1999-08-01,"4,2",UNRATE,2024-09-06
1999-09-01,"4,2",UNRATE,2024-09-06
1999-10-01,"4,1",UNRATE,2024-09-06
1999-11-01,"4,1",UNRATE,2024-09-06
1999-12-01,4,UNRATE,2024-09-06
2000-01-01,4,UNRATE,2024-09-06
2000-02-01,"4,1",UNRATE,2024-09-06
2000-03-01,4,UNRATE,2024-09-06
2000-04-01,"3,8",UNRATE,2024-09-06
2000-05-01,4,UNRATE,2024-09-06
2000-06-01,4,UNRATE,2024-09-06
2000-07-01,4,UNRATE,2024-09-06
2000-08-01,"4,1",UNRATE,2024-09-06
2000-09-01,"3,9",UNRATE,2024-09-06
2000-10-01,"3,9",UNRATE,2024-09-06
2000-11-01,"3,9",UNRATE,2024-09-06
2000-12-01,"3,9",UNRATE,2024-09-06
2001-01-01,"4,2",UNRATE,2024-09-06
2001-02-01,"4,2",UNRATE,2024-09-06
2001-03-01,"4,3",UNRATE,2024-09-06
2001-04-01,"4,4",UNRATE,2024-09-06
2001-05-01,"4,3",UNRATE,2024-09-06
2001-06-01,"4,5",UNRATE,2024-09-06
2001-07-01,"4,6",UNRATE,2024-09-06
2001-08-01,"4,9",UNRATE,2024-09-06
2001-09-01,5,UNRATE,2024-09-06
2001-10-01,"5,3",UNRATE,2024-09-06
2001-11-01,"5,5",UNRATE,2024-09-06
2001-12-01,"5,7",UNRATE,2024-09-06
2002-01-01,"5,7",UNRATE,2024-09-06
2002-02-01,"5,7",UNRATE,2024-09-06
2002-03-01,"5,7",UNRATE,2024-09-06
2002-04-01,"5,9",UNRATE,2024-09-06
2002-05-01,"5,8",UNRATE,2024-09-06
2002-06-01,"5,8",UNRATE,2024-09-06
2002-07-01,"5,8",UNRATE,2024-09-06
2002-08-01,"5,7",UNRATE,2024-09-06
2002-09-01,"5,7",UNRATE,2024-09-06
2002-10-01,"5,7",UNRATE,2024-09-06
2002-11-01,"5,9",UNRATE,2024-09-06
2002-12-01,6,UNRATE,2024-09-06
2003-01-01,"5,8",UNRATE,2024-09-06
2003-02-01,"5,9",UNRATE,2024-09-06
2003-03-01,"5,9",UNRATE,2024-09-06
2003-04-01,6,UNRATE,2024-09-06
2003-05-01,"6,1",UNRATE,2024-09-06
2003-06-01,"6,3",UNRATE,2024-09-06
2003-07-01,"6,2",UNRATE,2024-09-06
2003-08-01,"6,1",UNRATE,2024-09-06
2003-09-01,"6,1",UNRATE,2024-09-06
2003-10-01,6,UNRATE,2024-09-06
2003-11-01,"5,8",UNRATE,2024-09-06
2003-12-01,"5,7",UNRATE,2024-09-06
2004-01-01,"5,7",UNRATE,2024-09-06
2004-02-01,"5,6",UNRATE,2024-09-06
2004-03-01,"5,8",UNRATE,2024-09-06
2004-04-01,"5,6",UNRATE,2024-09-06
2004-05-01,"5,6",UNRATE,2024-09-06
2004-06-01,"5,6",UNRATE,2024-09-06
2004-07-01,"5,5",UNRATE,2024-09-06
2004-08-01,"5,4",UNRATE,2024-09-06
2004-09-01,"5,4",UNRATE,2024-09-06
2004-10-01,"5,5",UNRATE,2024-09-06
2004-11-01,"5,4",UNRATE,2024-09-06
2004-12-01,"5,4",UNRATE,2024-09-06
2005-01-01,"5,3",UNRATE,2024-09-06
2005-02-01,"5,4",UNRATE,2024-09-06
2005-03-01,"5,2",UNRATE,2024-09-06
2005-04-01,"5,2",UNRATE,2024-09-06
2005-05-01,"5,1",UNRATE,2024-09-06
2005-06-01,5,UNRATE,2024-09-06
2005-07-01,5,UNRATE,2024-09-06
2005-08-01,"4,9",UNRATE,2024-09-06
2005-09-01,5,UNRATE,2024-09-06
2005-10-01,5,UNRATE,2024-09-06
2005-11-01,5,UNRATE,2024-09-06
2005-12-01,"4,9",UNRATE,2024-09-06
2006-01-01,"4,7",UNRATE,2024-09-06
2006-02-01,"4,8",UNRATE,2024-09-06
2006-03-01,"4,7",UNRATE,2024-09-06
2006-04-01,"4,7",UNRATE,2024-09-06
2006-05-01,"4,6",UNRATE,2024-09-06
2006-06-01,"4,6",UNRATE,2024-09-06
2006-07-01,"4,7",UNRATE,2024-09-06
2006-08-01,"4,7",UNRATE,2024-09-06
2006-09-01,"4,5",UNRATE,2024-09-06
2006-10-01,"4,4",UNRATE,2024-09-06
2006-11-01,"4,5",UNRATE,2024-09-06
2006-12-01,"4,4",UNRATE,2024-09-06
2007-01-01,"4,6",UNRATE,2024-09-06
2007-02-01,"4,5",UNRATE,2024-09-06
2007-03-01,"4,4",UNRATE,2024-09-06
2007-04-01,"4,5",UNRATE,2024-09-06
2007-05-01,"4,4",UNRATE,2024-09-06
2007-06-01,"4,6",UNRATE,2024-09-06
2007-07-01,"4,7",UNRATE,2024-09-06
2007-08-01,"4,6",UNRATE,2024-09-06
2007-09-01,"4,7",UNRATE,2024-09-06
2007-10-01,"4,7",UNRATE,2024-09-06
2007-11-01,"4,7",UNRATE,2024-09-06
2007-12-01,5,UNRATE,2024-09-06
2008-01-01,5,UNRATE,2024-09-06
2008-02-01,"4,9",UNRATE,2024-09-06
2008-03-01,"5,1",UNRATE,2024-09-06
2008-04-01,5,UNRATE,2024-09-06
2008-05-01,"5,4",UNRATE,2024-09-06
2008-06-01,"5,6",UNRATE,2024-09-06
2008-07-01,"5,8",UNRATE,2024-09-06
2008-08-01,"6,1",UNRATE,2024-09-06
2008-09-01,"6,1",UNRATE,2024-09-06
2008-10-01,"6,5",UNRATE,2024-09-06
2008-11-01,"6,8",UNRATE,2024-09-06
2008-12-01,"7,3",UNRATE,2024-09-06
2009-01-01,"7,8",UNRATE,2024-09-06
2009-02-01,"8,3",UNRATE,2024-09-06
2009-03-01,"8,7",UNRATE,2024-09-06
2009-04-01,9,UNRATE,2024-09-06
2009-05-01,"9,4",UNRATE,2024-09-06
2009-06-01,"9,5",UNRATE,2024-09-06
2009-07-01,"9,5",UNRATE,2024-09-06
2009-08-01,"9,6",UNRATE,2024-09-06
2009-09-01,"9,8",UNRATE,2024-09-06
2009-10-01,10,UNRATE,2024-09-06
2009-11-01,"9,9",UNRATE,2024-09-06
2009-12-01,"9,9",UNRATE,2024-09-06
2010-01-01,"9,8",UNRATE,2024-09-06
2010-02-01,"9,8",UNRATE,2024-09-06
2010-03-01,"9,9",UNRATE,2024-09-06
2010-04-01,"9,9",UNRATE,2024-09-06
2010-05-01,"9,6",UNRATE,2024-09-06
2010-06-01,"9,4",UNRATE,2024-09-06
2010-07-01,"9,4",UNRATE,2024-09-06
2010-08-01,"9,5",UNRATE,2024-09-06
2010-09-01,"9,5",UNRATE,2024-09-06
2010-10-01,"9,4",UNRATE,2024-09-06
2010-11-01,"9,8",UNRATE,2024-09-06
2010-12-01,"9,3",UNRATE,2024-09-06
2011-01-01,"9,1",UNRATE,2024-09-06
2011-02-01,9,UNRATE,2024-09-06
2011-03-01,9,UNRATE,2024-09-06
2011-04-01,"9,1",UNRATE,2024-09-06
2011-05-01,9,UNRATE,2024-09-06
2011-06-01,"9,1",UNRATE,2024-09-06
2011-07-01,9,UNRATE,2024-09-06
2011-08-01,9,UNRATE,2024-09-06
2011-09-01,9,UNRATE,2024-09-06
2011-10-01,"8,8",UNRATE,2024-09-06
2011-11-01,"8,6",UNRATE,2024-09-06
2011-12-01,"8,5",UNRATE,2024-09-06
2012-01-01,"8,3",UNRATE,2024-09-06
2012-02-01,"8,3",UNRATE,2024-09-06
2012-03-01,"8,2",UNRATE,2024-09-06
2012-04-01,"8,2",UNRATE,2024-09-06
2012-05-01,"8,2",UNRATE,2024-09-06
2012-06-01,"8,2",UNRATE,2024-09-06
2012-07-01,"8,2",UNRATE,2024-09-06
2012-08-01,"8,1",UNRATE,2024-09-06
2012-09-01,"7,8",UNRATE,2024-09-06
2012-10-01,"7,8",UNRATE,2024-09-06
2012-11-01,"7,7",UNRATE,2024-09-06
2012-12-01,"7,9",UNRATE,2024-09-06
2013-01-01,8,UNRATE,2024-09-06
2013-02-01,"7,7",UNRATE,2024-09-06
2013-03-01,"7,5",UNRATE,2024-09-06
2013-04-01,"7,6",UNRATE,2024-09-06
2013-05-01,"7,5",UNRATE,2024-09-06
2013-06-01,"7,5",UNRATE,2024-09-06
2013-07-01,"7,3",UNRATE,2024-09-06
2013-08-01,"7,2",UNRATE,2024-09-06
2013-09-01,"7,2",UNRATE,2024-09-06
2013-10-01,"7,2",UNRATE,2024-09-06
2013-11-01,"6,9",UNRATE,2024-09-06
2013-12-01,"6,7",UNRATE,2024-09-06
2014-01-01,"6,6",UNRATE,2024-09-06
2014-02-01,"6,7",UNRATE,2024-09-06
2014-03-01,"6,7",UNRATE,2024-09-06
2014-04-01,"6,2",UNRATE,2024-09-06
2014-05-01,"6,3",UNRATE,2024-09-06
2014-06-01,"6,1",UNRATE,2024-09-06
2014-07-01,"6,2",UNRATE,2024-09-06
2014-08-01,"6,1",UNRATE,2024-09-06
2014-09-01,"5,9",UNRATE,2024-09-06
2014-10-01,"5,7",UNRATE,2024-09-06
2014-11-01,"5,8",UNRATE,2024-09-06
2014-12-01,"5,6",UNRATE,2024-09-06
2015-01-01,"5,7",UNRATE,2024-09-06
2015-02-01,"5,5",UNRATE,2024-09-06
2015-03-01,"5,4",UNRATE,2024-09-06
2015-04-01,"5,4",UNRATE,2024-09-06
2015-05-01,"5,6",UNRATE,2024-09-06
2015-06-01,"5,3",UNRATE,2024-09-06
2015-07-01,"5,2",UNRATE,2024-09-06
2015-08-01,"5,1",UNRATE,2024-09-06
2015-09-01,5,UNRATE,2024-09-06
2015-10-01,5,UNRATE,2024-09-06
2015-11-01,"5,1",UNRATE,2024-09-06
2015-12-01,5,UNRATE,2024-09-06
2016-01-01,"4,8",UNRATE,2024-09-06
2016-02-01,"4,9",UNRATE,2024-09-06
2016-03-01,5,UNRATE,2024-09-06
2016-04-01,"5,1",UNRATE,2024-09-06
2016-05-01,"4,8",UNRATE,2024-09-06
2016-06-01,"4,9",UNRATE,2024-09-06
2016-07-01,"4,8",UNRATE,2024-09-06
2016-08-01,"4,9",UNRATE,2024-09-06
2016-09-01,5,UNRATE,2024-09-06
2016-10-01,"4,9",UNRATE,2024-09-06
2016-11-01,"4,7",UNRATE,2024-09-06
2016-12-01,"4,7",UNRATE,2024-09-06
2017-01-01,"4,7",UNRATE,2024-09-06
2017-02-01,"4,6",UNRATE,2024-09-06
2017-03-01,"4,4",UNRATE,2024-09-06
2017-04-01,"4,4",UNRATE,2024-09-06
2017-05-01,"4,4",UNRATE,2024-09-06
2017-06-01,"4,3",UNRATE,2024-09-06
2017-07-01,"4,3",UNRATE,2024-09-06
2017-08-01,"4,4",UNRATE,2024-09-06
2017-09-01,"4,3",UNRATE,2024-09-06
2017-10-01,"4,2",UNRATE,2024-09-06
2017-11-01,"4,2",UNRATE,2024-09-06
2017-12-01,"4,1",UNRATE,2024-09-06
2018-01-01,4,UNRATE,2024-09-06
2018-02-01,"4,1",UNRATE,2024-09-06
2018-03-01,4,UNRATE,2024-09-06
2018-04-01,4,UNRATE,2024-09-06
2018-05-01,"3,8",UNRATE,2024-09-06
2018-06-01,4,UNRATE,2024-09-06
2018-07-01,"3,8",UNRATE,2024-09-06
2018-08-01,"3,8",UNRATE,2024-09-06
2018-09-01,"3,7",UNRATE,2024-09-06
2018-10-01,"3,8",UNRATE,2024-09-06
2018-11-01,"3,8",UNRATE,2024-09-06
2018-12-01,"3,9",UNRATE,2024-09-06
2019-01-01,4,UNRATE,2024-09-06
2019-02-01,"3,8",UNRATE,2024-09-06
2019-03-01,"3,8",UNRATE,2024-09-06
2019-04-01,"3,6",UNRATE,2024-09-06
2019-05-01,"3,6",UNRATE,2024-09-06
2019-06-01,"3,6",UNRATE,2024-09-06
2019-07-01,"3,7",UNRATE,2024-09-06
2019-08-01,"3,6",UNRATE,2024-09-06
2019-09-01,"3,5",UNRATE,2024-09-06
2019-10-01,"3,6",UNRATE,2024-09-06
2019-11-01,"3,6",UNRATE,2024-09-06
2019-12-01,"3,6",UNRATE,2024-09-06
2020-01-01,"3,5",UNRATE,2024-09-06
2020-02-01,"3,5",UNRATE,2024-09-06
2020-03-01,"4,4",UNRATE,2024-09-06
2020-04-01,"14,8",UNRATE,2024-09-06
2020-05-01,"13,2",UNRATE,2024-09-06
2020-06-01,11,UNRATE,2024-09-06
2020-07-01,"10,2",UNRATE,2024-09-06
2020-08-01,"8,4",UNRATE,2024-09-06
2020-09-01,"7,8",UNRATE,2024-09-06
2020-10-01,"6,8",UNRATE,2024-09-06
2020-11-01,"6,7",UNRATE,2024-09-06
2020-12-01,"6,7",UNRATE,2024-09-06
2021-01-01,"6,3",UNRATE,2024-09-06
2021-02-01,"6,2",UNRATE,2024-09-06
2021-03-01,"6,1",UNRATE,2024-09-06
2021-04-01,"6,1",UNRATE,2024-09-06
2021-05-01,"5,8",UNRATE,2024-09-06
2021-06-01,"5,9",UNRATE,2024-09-06
2021-07-01,"5,4",UNRATE,2024-09-06
2021-08-01,"5,1",UNRATE,2024-09-06
2021-09-01,"4,7",UNRATE,2024-09-06
2021-10-01,"4,5",UNRATE,2024-09-06
2021-11-01,"4,1",UNRATE,2024-09-06
2021-12-01,"3,9",UNRATE,2024-09-06
2022-01-01,4,UNRATE,2024-09-06
2022-02-01,"3,8",UNRATE,2024-09-06
2022-03-01,"3,6",UNRATE,2024-09-06
2022-04-01,"3,7",UNRATE,2024-09-06
2022-05-01,"3,6",UNRATE,2024-09-06
2022-06-01,"3,6",UNRATE,2024-09-06
2022-07-01,"3,5",UNRATE,2024-09-06
2022-08-01,"3,6",UNRATE,2024-09-06
2022-09-01,"3,5",UNRATE,2024-09-06
2022-10-01,"3,6",UNRATE,2024-09-06
2022-11-01,"3,6",UNRATE,2024-09-06
2022-12-01,"3,5",UNRATE,2024-09-06
2023-01-01,"3,4",UNRATE,2024-09-06
2023-02-01,"3,6",UNRATE,2024-09-06
2023-03-01,"3,5",UNRATE,2024-09-06
2023-04-01,"3,4",UNRATE,2024-09-06
2023-05-01,"3,7",UNRATE,2024-09-06
2023-06-01,"3,6",UNRATE,2024-09-06
2023-07-01,"3,5",UNRATE,2024-09-06
2023-08-01,"3,8",UNRATE,2024-09-06
2023-09-01,"3,8",UNRATE,2024-09-06
2023-10-01,"3,8",UNRATE,2024-09-06
2023-11-01,"3,7",UNRATE,2024-09-06
2023-12-01,"3,7",UNRATE,2024-09-06
2024-01-01,"3,7",UNRATE,2024-09-06
2024-02-01,"3,9",UNRATE,2024-09-06
2024-03-01,"3,8",UNRATE,2024-09-06
2024-04-01,"3,9",UNRATE,2024-09-06
2024-05-01,4,UNRATE,2024-09-06
2024-06-01,"4,1",UNRATE,2024-09-06
2024-07-01,"4,3",UNRATE,2024-09-06
2024-08-01,"4,2",UNRATE,2024-09-06
1939-01-01,29923,PAYEMS,2024-09-06
1939-02-01,30100,PAYEMS,2024-09-06
1939-03-01,30280,PAYEMS,2024-09-06
1939-04-01,30094,PAYEMS,2024-09-06
1939-05-01,30299,PAYEMS,2024-09-06
1939-06-01,30502,PAYEMS,2024-09-06
1939-07-01,30419,PAYEMS,2024-09-06
1939-08-01,30663,PAYEMS,2024-09-06
1939-09-01,31031,PAYEMS,2024-09-06
1939-10-01,31411,PAYEMS,2024-09-06
1939-11-01,31470,PAYEMS,2024-09-06
1939-12-01,31542,PAYEMS,2024-09-06
1940-01-01,31603,PAYEMS,2024-09-06
1940-02-01,31715,PAYEMS,2024-09-06
1940-03-01,31825,PAYEMS,2024-09-06
1940-04-01,31701,PAYEMS,2024-09-06
1940-05-01,31879,PAYEMS,2024-09-06
1940-06-01,31977,PAYEMS,2024-09-06
1940-07-01,31942,PAYEMS,2024-09-06
1940-08-01,32352,PAYEMS,2024-09-06
1940-09-01,32810,PAYEMS,2024-09-06
1940-10-01,33267,PAYEMS,2024-09-06
1940-11-01,33669,PAYEMS,2024-09-06
1940-12-01,34174,PAYEMS,2024-09-06
1941-01-01,34481,PAYEMS,2024-09-06
1941-02-01,34843,PAYEMS,2024-09-06
1941-03-01,35092,PAYEMS,2024-09-06
1941-04-01,35468,PAYEMS,2024-09-06
1941-05-01,36182,PAYEMS,2024-09-06
1941-06-01,36650,PAYEMS,2024-09-06
1941-07-01,37137,PAYEMS,2024-09-06
1941-08-01,37544,PAYEMS,2024-09-06
1941-09-01,37835,PAYEMS,2024-09-06
1941-10-01,37949,PAYEMS,2024-09-06
1941-11-01,38024,PAYEMS,2024-09-06
1941-12-01,38104,PAYEMS,2024-09-06
1942-01-01,38347,PAYEMS,2024-09-06
1942-02-01,38512,PAYEMS,2024-09-06
1942-03-01,38935,PAYEMS,2024-09-06
1942-04-01,39352,PAYEMS,2024-09-06
1942-05-01,39771,PAYEMS,2024-09-06
1942-06-01,40029,PAYEMS,2024-09-06
1942-07-01,40472,PAYEMS,2024-09-06
1942-08-01,40988,PAYEMS,2024-09-06
1942-09-01,41259,PAYEMS,2024-09-06
1942-10-01,41515,PAYEMS,2024-09-06
1942-11-01,41674,PAYEMS,2024-09-06
1942-12-01,41915,PAYEMS,2024-09-06
1943-01-01,42172,PAYEMS,2024-09-06
1943-02-01,42393,PAYEMS,2024-09-06
1943-03-01,42552,PAYEMS,2024-09-06
1943-04-01,42647,PAYEMS,2024-09-06
1943-05-01,42596,PAYEMS,2024-09-06
1943-06-01,42781,PAYEMS,2024-09-06
1943-07-01,42700,PAYEMS,2024-09-06
1943-08-01,42546,PAYEMS,2024-09-06
1943-09-01,42492,PAYEMS,2024-09-06
1943-10-01,42675,PAYEMS,2024-09-06
1943-11-01,42821,PAYEMS,2024-09-06
1943-12-01,42746,PAYEMS,2024-09-06
1944-01-01,42654,PAYEMS,2024-09-06
1944-02-01,42538,PAYEMS,2024-09-06
1944-03-01,42294,PAYEMS,2024-09-06
1944-04-01,42063,PAYEMS,2024-09-06
1944-05-01,41985,PAYEMS,2024-09-06
1944-06-01,41947,PAYEMS,2024-09-06
1944-07-01,41904,PAYEMS,2024-09-06
1944-08-01,41850,PAYEMS,2024-09-06
1944-09-01,41679,PAYEMS,2024-09-06
1944-10-01,41708,PAYEMS,2024-09-06
1944-11-01,41711,PAYEMS,2024-09-06
1944-12-01,41860,PAYEMS,2024-09-06
1945-01-01,41895,PAYEMS,2024-09-06
1945-02-01,41897,PAYEMS,2024-09-06
1945-03-01,41798,PAYEMS,2024-09-06
1945-04-01,41446,PAYEMS,2024-09-06
1945-05-01,41304,PAYEMS,2024-09-06
1945-06-01,41149,PAYEMS,2024-09-06
1945-07-01,40874,PAYEMS,2024-09-06
1945-08-01,40466,PAYEMS,2024-09-06
1945-09-01,38507,PAYEMS,2024-09-06
1945-10-01,38600,PAYEMS,2024-09-06
1945-11-01,38996,PAYEMS,2024-09-06
1945-12-01,39110,PAYEMS,2024-09-06
1946-01-01,39829,PAYEMS,2024-09-06
1946-02-01,39244,PAYEMS,2024-09-06
1946-03-01,40195,PAYEMS,2024-09-06
1946-04-01,40913,PAYEMS,2024-09-06
1946-05-01,41349,PAYEMS,2024-09-06
1946-06-01,41735,PAYEMS,2024-09-06
1946-07-01,42153,PAYEMS,2024-09-06
1946-08-01,42642,PAYEMS,2024-09-06
1946-09-01,42915,PAYEMS,2024-09-06
1946-10-01,43093,PAYEMS,2024-09-06
1946-11-01,43395,PAYEMS,2024-09-06
1946-12-01,43379,PAYEMS,2024-09-06
1947-01-01,43535,PAYEMS,2024-09-06
1947-02-01,43557,PAYEMS,2024-09-06
1947-03-01,43607,PAYEMS,2024-09-06
1947-04-01,43499,PAYEMS,2024-09-06
1947-05-01,43638,PAYEMS,2024-09-06
1947-06-01,43810,PAYEMS,2024-09-06
1947-07-01,43743,PAYEMS,2024-09-06
1947-08-01,43960,PAYEMS,2024-09-06
1947-09-01,44203,PAYEMS,2024-09-06
1947-10-01,44411,PAYEMS,2024-09-06
1947-11-01,44484,PAYEMS,2024-09-06
1947-12-01,44581,PAYEMS,2024-09-06
1948-01-01,44679,PAYEMS,2024-09-06
1948-02-01,44533,PAYEMS,2024-09-06
1948-03-01,44683,PAYEMS,2024-09-06
1948-04-01,44379,PAYEMS,2024-09-06
1948-05-01,44796,PAYEMS,2024-09-06
1948-06-01,45034,PAYEMS,2024-09-06
1948-07-01,45160,PAYEMS,2024-09-06
1948-08-01,45178,PAYEMS,2024-09-06
1948-09-01,45294,PAYEMS,2024-09-06
1948-10-01,45245,PAYEMS,2024-09-06
1948-11-01,45192,PAYEMS,2024-09-06
1948-12-01,45032,PAYEMS,2024-09-06
1949-01-01,44668,PAYEMS,2024-09-06
1949-02-01,44497,PAYEMS,2024-09-06
1949-03-01,44240,PAYEMS,2024-09-06
1949-04-01,44236,PAYEMS,2024-09-06
1949-05-01,43984,PAYEMS,2024-09-06
1949-06-01,43739,PAYEMS,2024-09-06
1949-07-01,43531,PAYEMS,2024-09-06
1949-08-01,43624,PAYEMS,2024-09-06
1949-09-01,43780,PAYEMS,2024-09-06
1949-10-01,42942,PAYEMS,2024-09-06
1949-11-01,43242,PAYEMS,2024-09-06
1949-12-01,43522,PAYEMS,2024-09-06
1950-01-01,43526,PAYEMS,2024-09-06
1950-02-01,43297,PAYEMS,2024-09-06
1950-03-01,43954,PAYEMS,2024-09-06
1950-04-01,44382,PAYEMS,2024-09-06
1950-05-01,44718,PAYEMS,2024-09-06
1950-06-01,45083,PAYEMS,2024-09-06
1950-07-01,45454,PAYEMS,2024-09-06
1950-08-01,46192,PAYEMS,2024-09-06
1950-09-01,46438,PAYEMS,2024-09-06
1950-10-01,46706,PAYEMS,2024-09-06
1950-11-01,46776,PAYEMS,2024-09-06
1950-12-01,46861,PAYEMS,2024-09-06
1951-01-01,47288,PAYEMS,2024-09-06
1951-02-01,47577,PAYEMS,2024-09-06
1951-03-01,47873,PAYEMS,2024-09-06
1951-04-01,47861,PAYEMS,2024-09-06
1951-05-01,47952,PAYEMS,2024-09-06
1951-06-01,48064,PAYEMS,2024-09-06
1951-07-01,48061,PAYEMS,2024-09-06
1951-08-01,48012,PAYEMS,2024-09-06
1951-09-01,47954,PAYEMS,2024-09-06
1951-10-01,48006,PAYEMS,2024-09-06
1951-11-01,48147,PAYEMS,2024-09-06
1951-12-01,48314,PAYEMS,2024-09-06
1952-01-01,48296,PAYEMS,2024-09-06
1952-02-01,48522,PAYEMS,2024-09-06
1952-03-01,48504,PAYEMS,2024-09-06
1952-04-01,48620,PAYEMS,2024-09-06
1952-05-01,48642,PAYEMS,2024-09-06
1952-06-01,48282,PAYEMS,2024-09-06
1952-07-01,48143,PAYEMS,2024-09-06
1952-08-01,48924,PAYEMS,2024-09-06
1952-09-01,49320,PAYEMS,2024-09-06
1952-10-01,49597,PAYEMS,2024-09-06
1952-11-01,49816,PAYEMS,2024-09-06
1952-12-01,50166,PAYEMS,2024-09-06
1953-01-01,50144,PAYEMS,2024-09-06
1953-02-01,50339,PAYEMS,2024-09-06
1953-03-01,50473,PAYEMS,2024-09-06
1953-04-01,50435,PAYEMS,2024-09-06
1953-05-01,50490,PAYEMS,2024-09-06
1953-06-01,50519,PAYEMS,2024-09-06
1953-07-01,50536,PAYEMS,2024-09-06
1953-08-01,50489,PAYEMS,2024-09-06
1953-09-01,50368,PAYEMS,2024-09-06
1953-10-01,50240,PAYEMS,2024-09-06
1953-11-01,49908,PAYEMS,2024-09-06
1953-12-01,49703,PAYEMS,2024-09-06
1954-01-01,49469,PAYEMS,2024-09-06
1954-02-01,49382,PAYEMS,2024-09-06
1954-03-01,49157,PAYEMS,2024-09-06
1954-04-01,49179,PAYEMS,2024-09-06
1954-05-01,48965,PAYEMS,2024-09-06
1954-06-01,48895,PAYEMS,2024-09-06
1954-07-01,48835,PAYEMS,2024-09-06
1954-08-01,48826,PAYEMS,2024-09-06
1954-09-01,48886,PAYEMS,2024-09-06
1954-10-01,48942,PAYEMS,2024-09-06
1954-11-01,49180,PAYEMS,2024-09-06
1954-12-01,49331,PAYEMS,2024-09-06
1955-01-01,49496,PAYEMS,2024-09-06
1955-02-01,49644,PAYEMS,2024-09-06
1955-03-01,49962,PAYEMS,2024-09-06
1955-04-01,50248,PAYEMS,2024-09-06
1955-05-01,50512,PAYEMS,2024-09-06
1955-06-01,50790,PAYEMS,2024-09-06
1955-07-01,50987,PAYEMS,2024-09-06
1955-08-01,51111,PAYEMS,2024-09-06
1955-09-01,51266,PAYEMS,2024-09-06
1955-10-01,51429,PAYEMS,2024-09-06
1955-11-01,51592,PAYEMS,2024-09-06
1955-12-01,51805,PAYEMS,2024-09-06
1956-01-01,51975,PAYEMS,2024-09-06
1956-02-01,52167,PAYEMS,2024-09-06
1956-03-01,52294,PAYEMS,2024-09-06
1956-04-01,52375,PAYEMS,2024-09-06
1956-05-01,52506,PAYEMS,2024-09-06
1956-06-01,52586,PAYEMS,2024-09-06
1956-07-01,51955,PAYEMS,2024-09-06
1956-08-01,52631,PAYEMS,2024-09-06
1956-09-01,52604,PAYEMS,2024-09-06
1956-10-01,52777,PAYEMS,2024-09-06
1956-11-01,52821,PAYEMS,2024-09-06
1956-12-01,52929,PAYEMS,2024-09-06
1957-01-01,52887,PAYEMS,2024-09-06
1957-02-01,53097,PAYEMS,2024-09-06
1957-03-01,53156,PAYEMS,2024-09-06
1957-04-01,53238,PAYEMS,2024-09-06
1957-05-01,53150,PAYEMS,2024-09-06
1957-06-01,53067,PAYEMS,2024-09-06
1957-07-01,53123,PAYEMS,2024-09-06
1957-08-01,53128,PAYEMS,2024-09-06
1957-09-01,52934,PAYEMS,2024-09-06
1957-10-01,52763,PAYEMS,2024-09-06
1957-11-01,52558,PAYEMS,2024-09-06
1957-12-01,52384,PAYEMS,2024-09-06
1958-01-01,52076,PAYEMS,2024-09-06
1958-02-01,51576,PAYEMS,2024-09-06
1958-03-01,51299,PAYEMS,2024-09-06
1958-04-01,51027,PAYEMS,2024-09-06
1958-05-01,50914,PAYEMS,2024-09-06
1958-06-01,50914,PAYEMS,2024-09-06
1958-07-01,51039,PAYEMS,2024-09-06
1958-08-01,51233,PAYEMS,2024-09-06
1958-09-01,51506,PAYEMS,2024-09-06
1958-10-01,51485,PAYEMS,2024-09-06
1958-11-01,51944,PAYEMS,2024-09-06
1958-12-01,52085,PAYEMS,2024-09-06
1959-01-01,52478,PAYEMS,2024-09-06
1959-02-01,52688,PAYEMS,2024-09-06
1959-03-01,53014,PAYEMS,2024-09-06
1959-04-01,53321,PAYEMS,2024-09-06
1959-05-01,53550,PAYEMS,2024-09-06
1959-06-01,53681,PAYEMS,2024-09-06
1959-07-01,53804,PAYEMS,2024-09-06
1959-08-01,53336,PAYEMS,2024-09-06
1959-09-01,53428,PAYEMS,2024-09-06
1959-10-01,53358,PAYEMS,2024-09-06
1959-11-01,53634,PAYEMS,2024-09-06
1959-12-01,54174,PAYEMS,2024-09-06
1960-01-01,54274,PAYEMS,2024-09-06
1960-02-01,54513,PAYEMS,2024-09-06
1960-03-01,54454,PAYEMS,2024-09-06
1960-04-01,54813,PAYEMS,2024-09-06
1960-05-01,54475,PAYEMS,2024-09-06
1960-06-01,54348,PAYEMS,2024-09-06
1960-07-01,54306,PAYEMS,2024-09-06
1960-08-01,54272,PAYEMS,2024-09-06
1960-09-01,54227,PAYEMS,2024-09-06
1960-10-01,54142,PAYEMS,2024-09-06
1960-11-01,53961,PAYEMS,2024-09-06
1960-12-01,53742,PAYEMS,2024-09-06
1961-01-01,53683,PAYEMS,2024-09-06
1961-02-01,53557,PAYEMS,2024-09-06
1961-03-01,53659,PAYEMS,2024-09-06
1961-04-01,53627,PAYEMS,2024-09-06
1961-05-01,53786,PAYEMS,2024-09-06
1961-06-01,53977,PAYEMS,2024-09-06
1961-07-01,54123,PAYEMS,2024-09-06
1961-08-01,54298,PAYEMS,2024-09-06
1961-09-01,54388,PAYEMS,2024-09-06
1961-10-01,54522,PAYEMS,2024-09-06
1961-11-01,54742,PAYEMS,2024-09-06
1961-12-01,54872,PAYEMS,2024-09-06
1962-01-01,54891,PAYEMS,2024-09-06
1962-02-01,55188,PAYEMS,2024-09-06
1962-03-01,55275,PAYEMS,2024-09-06
1962-04-01,55602,PAYEMS,2024-09-06
1962-05-01,55628,PAYEMS,2024-09-06
1962-06-01,55644,PAYEMS,2024-09-06
1962-07-01,55746,PAYEMS,2024-09-06
1962-08-01,55838,PAYEMS,2024-09-06
1962-09-01,55978,PAYEMS,2024-09-06
1962-10-01,56041,PAYEMS,2024-09-06
1962-11-01,56056,PAYEMS,2024-09-06
1962-12-01,56028,PAYEMS,2024-09-06
1963-01-01,56115,PAYEMS,2024-09-06
1963-02-01,56230,PAYEMS,2024-09-06
1963-03-01,56320,PAYEMS,2024-09-06
1963-04-01,56580,PAYEMS,2024-09-06
1963-05-01,56616,PAYEMS,2024-09-06
1963-06-01,56659,PAYEMS,2024-09-06
1963-07-01,56794,PAYEMS,2024-09-06
1963-08-01,56910,PAYEMS,2024-09-06
1963-09-01,57078,PAYEMS,2024-09-06
1963-10-01,57283,PAYEMS,2024-09-06
1963-11-01,57255,PAYEMS,2024-09-06
1963-12-01,57361,PAYEMS,2024-09-06
1964-01-01,57487,PAYEMS,2024-09-06
1964-02-01,57753,PAYEMS,2024-09-06
1964-03-01,57897,PAYEMS,2024-09-06
1964-04-01,57922,PAYEMS,2024-09-06
1964-05-01,58089,PAYEMS,2024-09-06
1964-06-01,58219,PAYEMS,2024-09-06
1964-07-01,58412,PAYEMS,2024-09-06
1964-08-01,58619,PAYEMS,2024-09-06
1964-09-01,58903,PAYEMS,2024-09-06
1964-10-01,58793,PAYEMS,2024-09-06
1964-11-01,59218,PAYEMS,2024-09-06
1964-12-01,59421,PAYEMS,2024-09-06
1965-01-01,59582,PAYEMS,2024-09-06
1965-02-01,59800,PAYEMS,2024-09-06
1965-03-01,60003,PAYEMS,2024-09-06
1965-04-01,60259,PAYEMS,2024-09-06
1965-05-01,60491,PAYEMS,2024-09-06
1965-06-01,60690,PAYEMS,2024-09-06
1965-07-01,60965,PAYEMS,2024-09-06
1965-08-01,61228,PAYEMS,2024-09-06
1965-09-01,61490,PAYEMS,2024-09-06
1965-10-01,61719,PAYEMS,2024-09-06
1965-11-01,61996,PAYEMS,2024-09-06
1965-12-01,62322,PAYEMS,2024-09-06
1966-01-01,62529,PAYEMS,2024-09-06
1966-02-01,62796,PAYEMS,2024-09-06
1966-03-01,63192,PAYEMS,2024-09-06
1966-04-01,63437,PAYEMS,2024-09-06
1966-05-01,63712,PAYEMS,2024-09-06
1966-06-01,64111,PAYEMS,2024-09-06
1966-07-01,64301,PAYEMS,2024-09-06
1966-08-01,64507,PAYEMS,2024-09-06
1966-09-01,64643,PAYEMS,2024-09-06
1966-10-01,64854,PAYEMS,2024-09-06
1966-11-01,65019,PAYEMS,2024-09-06
1966-12-01,65199,PAYEMS,2024-09-06
1967-01-01,65407,PAYEMS,2024-09-06
1967-02-01,65429,PAYEMS,2024-09-06
1967-03-01,65530,PAYEMS,2024-09-06
1967-04-01,65466,PAYEMS,2024-09-06
1967-05-01,65620,PAYEMS,2024-09-06
1967-06-01,65750,PAYEMS,2024-09-06
1967-07-01,65888,PAYEMS,2024-09-06
1967-08-01,66143,PAYEMS,2024-09-06
1967-09-01,66164,PAYEMS,2024-09-06
1967-10-01,66225,PAYEMS,2024-09-06
1967-11-01,66703,PAYEMS,2024-09-06
1967-12-01,66900,PAYEMS,2024-09-06
1968-01-01,66804,PAYEMS,2024-09-06
1968-02-01,67215,PAYEMS,2024-09-06
1968-03-01,67295,PAYEMS,2024-09-06
1968-04-01,67556,PAYEMS,2024-09-06
1968-05-01,67652,PAYEMS,2024-09-06
1968-06-01,67905,PAYEMS,2024-09-06
1968-07-01,68126,PAYEMS,2024-09-06
1968-08-01,68330,PAYEMS,2024-09-06
1968-09-01,68484,PAYEMS,2024-09-06
1968-10-01,68721,PAYEMS,2024-09-06
1968-11-01,68984,PAYEMS,2024-09-06
1968-12-01,69248,PAYEMS,2024-09-06
1969-01-01,69439,PAYEMS,2024-09-06
1969-02-01,69699,PAYEMS,2024-09-06
1969-03-01,69905,PAYEMS,2024-09-06
1969-04-01,70072,PAYEMS,2024-09-06
1969-05-01,70328,PAYEMS,2024-09-06
1969-06-01,70636,PAYEMS,2024-09-06
1969-07-01,70729,PAYEMS,2024-09-06
1969-08-01,71008,PAYEMS,2024-09-06
1969-09-01,70914,PAYEMS,2024-09-06
1969-10-01,71121,PAYEMS,2024-09-06
1969-11-01,71086,PAYEMS,2024-09-06
1969-12-01,71241,PAYEMS,2024-09-06
1970-01-01,71176,PAYEMS,2024-09-06
1970-02-01,71305,PAYEMS,2024-09-06
1970-03-01,71451,PAYEMS,2024-09-06
1970-04-01,71348,PAYEMS,2024-09-06
1970-05-01,71124,PAYEMS,2024-09-06
1970-06-01,71029,PAYEMS,2024-09-06
1970-07-01,71053,PAYEMS,2024-09-06
1970-08-01,70937,PAYEMS,2024-09-06
1970-09-01,70944,PAYEMS,2024-09-06
1970-10-01,70521,PAYEMS,2024-09-06
1970-11-01,70409,PAYEMS,2024-09-06
1970-12-01,70792,PAYEMS,2024-09-06
1971-01-01,70865,PAYEMS,2024-09-06
1971-02-01,70807,PAYEMS,2024-09-06
1971-03-01,70860,PAYEMS,2024-09-06
1971-04-01,71036,PAYEMS,2024-09-06
1971-05-01,71247,PAYEMS,2024-09-06
1971-06-01,71254,PAYEMS,2024-09-06
1971-07-01,71315,PAYEMS,2024-09-06
1971-08-01,71373,PAYEMS,2024-09-06
1971-09-01,71614,PAYEMS,2024-09-06
1971-10-01,71642,PAYEMS,2024-09-06
1971-11-01,71847,PAYEMS,2024-09-06
1971-12-01,72109,PAYEMS,2024-09-06
1972-01-01,72441,PAYEMS,2024-09-06
1972-02-01,72648,PAYEMS,2024-09-06
1972-03-01,72944,PAYEMS,2024-09-06
1972-04-01,73162,PAYEMS,2024-09-06
1972-05-01,73469,PAYEMS,2024-09-06
1972-06-01,73758,PAYEMS,2024-09-06
1972-07-01,73709,PAYEMS,2024-09-06
1972-08-01,74141,PAYEMS,2024-09-06
1972-09-01,74264,PAYEMS,2024-09-06
1972-10-01,74674,PAYEMS,2024-09-06
1972-11-01,74973,PAYEMS,2024-09-06
1972-12-01,75268,PAYEMS,2024-09-06
1973-01-01,75617,PAYEMS,2024-09-06
1973-02-01,76014,PAYEMS,2024-09-06
1973-03-01,76284,PAYEMS,2024-09-06
1973-04-01,76455,PAYEMS,2024-09-06
1973-05-01,76648,PAYEMS,2024-09-06
1973-06-01,76887,PAYEMS,2024-09-06
1973-07-01,76913,PAYEMS,2024-09-06
1973-08-01,77168,PAYEMS,2024-09-06
1973-09-01,77276,PAYEMS,2024-09-06
1973-10-01,77607,PAYEMS,2024-09-06
1973-11-01,77920,PAYEMS,2024-09-06
1973-12-01,78031,PAYEMS,2024-09-06
1974-01-01,78100,PAYEMS,2024-09-06
1974-02-01,78254,PAYEMS,2024-09-06
1974-03-01,78296,PAYEMS,2024-09-06
1974-04-01,78382,PAYEMS,2024-09-06
1974-05-01,78549,PAYEMS,2024-09-06
1974-06-01,78604,PAYEMS,2024-09-06
1974-07-01,78636,PAYEMS,2024-09-06
1974-08-01,78619,PAYEMS,2024-09-06
1974-09-01,78610,PAYEMS,2024-09-06
1974-10-01,78630,PAYEMS,2024-09-06
1974-11-01,78265,PAYEMS,2024-09-06
1974-12-01,77652,PAYEMS,2024-09-06
1975-01-01,77293,PAYEMS,2024-09-06
1975-02-01,76918,PAYEMS,2024-09-06
1975-03-01,76648,PAYEMS,2024-09-06
1975-04-01,76460,PAYEMS,2024-09-06
1975-05-01,76624,PAYEMS,2024-09-06
1975-06-01,76521,PAYEMS,2024-09-06
1975-07-01,76770,PAYEMS,2024-09-06
1975-08-01,77153,PAYEMS,2024-09-06
1975-09-01,77228,PAYEMS,2024-09-06
1975-10-01,77540,PAYEMS,2024-09-06
1975-11-01,77685,PAYEMS,2024-09-06
1975-12-01,78017,PAYEMS,2024-09-06
1976-01-01,78503,PAYEMS,2024-09-06
1976-02-01,78816,PAYEMS,2024-09-06
1976-03-01,79048,PAYEMS,2024-09-06
1976-04-01,79292,PAYEMS,2024-09-06
1976-05-01,79312,PAYEMS,2024-09-06
1976-06-01,79376,PAYEMS,2024-09-06
1976-07-01,79547,PAYEMS,2024-09-06
1976-08-01,79704,PAYEMS,2024-09-06
1976-09-01,79892,PAYEMS,2024-09-06
1976-10-01,79911,PAYEMS,2024-09-06
1976-11-01,80240,PAYEMS,2024-09-06
1976-12-01,80448,PAYEMS,2024-09-06
1977-01-01,80690,PAYEMS,2024-09-06
1977-02-01,80988,PAYEMS,2024-09-06
1977-03-01,81391,PAYEMS,2024-09-06
1977-04-01,81728,PAYEMS,2024-09-06
1977-05-01,82088,PAYEMS,2024-09-06
1977-06-01,82488,PAYEMS,2024-09-06
1977-07-01,82834,PAYEMS,2024-09-06
1977-08-01,83075,PAYEMS,2024-09-06
1977-09-01,83532,PAYEMS,2024-09-06
1977-10-01,83800,PAYEMS,2024-09-06
1977-11-01,84173,PAYEMS,2024-09-06
1977-12-01,84410,PAYEMS,2024-09-06
1978-01-01,84594,PAYEMS,2024-09-06
1978-02-01,84948,PAYEMS,2024-09-06
1978-03-01,85460,PAYEMS,2024-09-06
1978-04-01,86162,PAYEMS,2024-09-06
1978-05-01,86509,PAYEMS,2024-09-06
1978-06-01,86950,PAYEMS,2024-09-06
1978-07-01,87204,PAYEMS,2024-09-06
1978-08-01,87483,PAYEMS,2024-09-06
1978-09-01,87621,PAYEMS,2024-09-06
1978-10-01,87956,PAYEMS,2024-09-06
1978-11-01,88391,PAYEMS,2024-09-06
1978-12-01,88671,PAYEMS,2024-09-06
1979-01-01,88808,PAYEMS,2024-09-06
1979-02-01,89055,PAYEMS,2024-09-06
1979-03-01,89479,PAYEMS,2024-09-06
1979-04-01,89417,PAYEMS,2024-09-06
1979-05-01,89789,PAYEMS,2024-09-06
1979-06-01,90108,PAYEMS,2024-09-06
1979-07-01,90217,PAYEMS,2024-09-06
1979-08-01,90300,PAYEMS,2024-09-06
1979-09-01,90327,PAYEMS,2024-09-06
1979-10-01,90481,PAYEMS,2024-09-06
1979-11-01,90573,PAYEMS,2024-09-06
1979-12-01,90672,PAYEMS,2024-09-06
1980-01-01,90800,PAYEMS,2024-09-06
1980-02-01,90883,PAYEMS,2024-09-06
1980-03-01,90994,PAYEMS,2024-09-06
1980-04-01,90849,PAYEMS,2024-09-06
1980-05-01,90420,PAYEMS,2024-09-06
1980-06-01,90101,PAYEMS,2024-09-06
1980-07-01,89840,PAYEMS,2024-09-06
1980-08-01,90099,PAYEMS,2024-09-06
1980-09-01,90213,PAYEMS,2024-09-06
1980-10-01,90490,PAYEMS,2024-09-06
1980-11-01,90747,PAYEMS,2024-09-06
1980-12-01,90943,PAYEMS,2024-09-06
1981-01-01,91033,PAYEMS,2024-09-06
1981-02-01,91105,PAYEMS,2024-09-06
1981-03-01,91210,PAYEMS,2024-09-06
1981-04-01,91283,PAYEMS,2024-09-06
1981-05-01,91296,PAYEMS,2024-09-06
1981-06-01,91490,PAYEMS,2024-09-06
1981-07-01,91601,PAYEMS,2024-09-06
1981-08-01,91565,PAYEMS,2024-09-06
1981-09-01,91477,PAYEMS,2024-09-06
1981-10-01,91380,PAYEMS,2024-09-06
1981-11-01,91171,PAYEMS,2024-09-06
1981-12-01,90895,PAYEMS,2024-09-06
1982-01-01,90565,PAYEMS,2024-09-06
1982-02-01,90563,PAYEMS,2024-09-06
1982-03-01,90434,PAYEMS,2024-09-06
1982-04-01,90150,PAYEMS,2024-09-06
1982-05-01,90107,PAYEMS,2024-09-06
1982-06-01,89865,PAYEMS,2024-09-06
1982-07-01,89521,PAYEMS,2024-09-06
1982-08-01,89363,PAYEMS,2024-09-06
1982-09-01,89183,PAYEMS,2024-09-06
1982-10-01,88907,PAYEMS,2024-09-06
1982-11-01,88786,PAYEMS,2024-09-06
1982-12-01,88771,PAYEMS,2024-09-06
1983-01-01,88990,PAYEMS,2024-09-06
1983-02-01,88917,PAYEMS,2024-09-06
1983-03-01,89090,PAYEMS,2024-09-06
1983-04-01,89364,PAYEMS,2024-09-06
1983-05-01,89644,PAYEMS,2024-09-06
1983-06-01,90021,PAYEMS,2024-09-06
1983-07-01,90437,PAYEMS,2024-09-06
1983-08-01,90129,PAYEMS,2024-09-06
1983-09-01,91247,PAYEMS,2024-09-06
1983-10-01,91520,PAYEMS,2024-09-06
1983-11-01,91875,PAYEMS,2024-09-06
1983-12-01,92230,PAYEMS,2024-09-06
1984-01-01,92673,PAYEMS,2024-09-06
1984-02-01,93157,PAYEMS,2024-09-06
1984-03-01,93429,PAYEMS,2024-09-06
1984-04-01,93792,PAYEMS,2024-09-06
1984-05-01,94098,PAYEMS,2024-09-06
1984-06-01,94479,PAYEMS,2024-09-06
1984-07-01,94789,PAYEMS,2024-09-06
1984-08-01,95032,PAYEMS,2024-09-06
1984-09-01,95344,PAYEMS,2024-09-06
1984-10-01,95629,PAYEMS,2024-09-06
1984-11-01,95982,PAYEMS,2024-09-06
1984-12-01,96107,PAYEMS,2024-09-06
1985-01-01,96372,PAYEMS,2024-09-06
1985-02-01,96503,PAYEMS,2024-09-06
1985-03-01,96842,PAYEMS,2024-09-06
1985-04-01,97038,PAYEMS,2024-09-06
1985-05-01,97312,PAYEMS,2024-09-06
1985-06-01,97459,PAYEMS,2024-09-06
1985-07-01,97648,PAYEMS,2024-09-06
1985-08-01,97840,PAYEMS,2024-09-06
1985-09-01,98045,PAYEMS,2024-09-06
1985-10-01,98233,PAYEMS,2024-09-06
1985-11-01,98443,PAYEMS,2024-09-06
1985-12-01,98609,PAYEMS,2024-09-06
1986-01-01,98732,PAYEMS,2024-09-06
1986-02-01,98847,PAYEMS,2024-09-06
1986-03-01,98934,PAYEMS,2024-09-06
1986-04-01,99121,PAYEMS,2024-09-06
1986-05-01,99248,PAYEMS,2024-09-06
1986-06-01,99155,PAYEMS,2024-09-06
1986-07-01,99473,PAYEMS,2024-09-06
1986-08-01,99588,PAYEMS,2024-09-06
1986-09-01,99934,PAYEMS,2024-09-06
1986-10-01,100121,PAYEMS,2024-09-06
1986-11-01,100308,PAYEMS,2024-09-06
1986-12-01,100509,PAYEMS,2024-09-06
1987-01-01,100678,PAYEMS,2024-09-06
1987-02-01,100919,PAYEMS,2024-09-06
1987-03-01,101164,PAYEMS,2024-09-06
1987-04-01,101499,PAYEMS,2024-09-06
1987-05-01,101728,PAYEMS,2024-09-06
1987-06-01,101900,PAYEMS,2024-09-06
1987-07-01,102247,PAYEMS,2024-09-06
1987-08-01,102420,PAYEMS,2024-09-06
1987-09-01,102647,PAYEMS,2024-09-06
1987-10-01,103138,PAYEMS,2024-09-06
1987-11-01,103372,PAYEMS,2024-09-06
1987-12-01,103661,PAYEMS,2024-09-06
1988-01-01,103753,PAYEMS,2024-09-06
1988-02-01,104214,PAYEMS,2024-09-06
1988-03-01,104489,PAYEMS,2024-09-06
1988-04-01,104732,PAYEMS,2024-09-06
1988-05-01,104962,PAYEMS,2024-09-06
1988-06-01,105326,PAYEMS,2024-09-06
1988-07-01,105550,PAYEMS,2024-09-06
1988-08-01,105674,PAYEMS,2024-09-06
1988-09-01,106013,PAYEMS,2024-09-06
1988-10-01,106276,PAYEMS,2024-09-06
1988-11-01,106617,PAYEMS,2024-09-06
1988-12-01,106898,PAYEMS,2024-09-06
1989-01-01,107161,PAYEMS,2024-09-06
1989-02-01,107427,PAYEMS,2024-09-06
1989-03-01,107621,PAYEMS,2024-09-06
1989-04-01,107791,PAYEMS,2024-09-06
1989-05-01,107913,PAYEMS,2024-09-06
1989-06-01,108027,PAYEMS,2024-09-06
1989-07-01,108069,PAYEMS,2024-09-06
1989-08-01,108120,PAYEMS,2024-09-06
1989-09-01,108369,PAYEMS,2024-09-06
1989-10-01,108476,PAYEMS,2024-09-06
1989-11-01,108752,PAYEMS,2024-09-06
1989-12-01,108836,PAYEMS,2024-09-06
1990-01-01,109189,PAYEMS,2024-09-06
1990-02-01,109432,PAYEMS,2024-09-06
1990-03-01,109637,PAYEMS,2024-09-06
1990-04-01,109671,PAYEMS,2024-09-06
1990-05-01,109834,PAYEMS,2024-09-06
1990-06-01,109857,PAYEMS,2024-09-06
1990-07-01,109822,PAYEMS,2024-09-06
1990-08-01,109610,PAYEMS,2024-09-06
1990-09-01,109520,PAYEMS,2024-09-06
1990-10-01,109374,PAYEMS,2024-09-06
1990-11-01,109220,PAYEMS,2024-09-06
1990-12-01,109168,PAYEMS,2024-09-06
1991-01-01,109051,PAYEMS,2024-09-06
1991-02-01,108731,PAYEMS,2024-09-06
1991-03-01,108569,PAYEMS,2024-09-06
1991-04-01,108352,PAYEMS,2024-09-06
1991-05-01,108250,PAYEMS,2024-09-06
1991-06-01,108338,PAYEMS,2024-09-06
1991-07-01,108290,PAYEMS,2024-09-06
1991-08-01,108302,PAYEMS,2024-09-06
1991-09-01,108333,PAYEMS,2024-09-06
1991-10-01,108362,PAYEMS,2024-09-06
1991-11-01,108300,PAYEMS,2024-09-06
1991-12-01,108330,PAYEMS,2024-09-06
1992-01-01,108367,PAYEMS,2024-09-06
1992-02-01,108312,PAYEMS,2024-09-06
1992-03-01,108361,PAYEMS,2024-09-06
1992-04-01,108515,PAYEMS,2024-09-06
1992-05-01,108648,PAYEMS,2024-09-06
1992-06-01,108717,PAYEMS,2024-09-06
1992-07-01,108799,PAYEMS,2024-09-06
1992-08-01,108923,PAYEMS,2024-09-06
1992-09-01,108954,PAYEMS,2024-09-06
1992-10-01,109135,PAYEMS,2024-09-06
1992-11-01,109280,PAYEMS,2024-09-06
1992-12-01,109500,PAYEMS,2024-09-06
1993-01-01,109795,PAYEMS,2024-09-06
1993-02-01,110044,PAYEMS,2024-09-06
1993-03-01,109992,PAYEMS,2024-09-06
1993-04-01,110295,PAYEMS,2024-09-06
1993-05-01,110570,PAYEMS,2024-09-06
1993-06-01,110751,PAYEMS,2024-09-06
1993-07-01,111060,PAYEMS,2024-09-06
1993-08-01,111209,PAYEMS,2024-09-06
1993-09-01,111454,PAYEMS,2024-09-06
1993-10-01,111734,PAYEMS,2024-09-06
1993-11-01,111990,PAYEMS,2024-09-06
1993-12-01,112324,PAYEMS,2024-09-06
1994-01-01,112598,PAYEMS,2024-09-06
1994-02-01,112779,PAYEMS,2024-09-06
1994-03-01,113240,PAYEMS,2024-09-06
1994-04-01,113587,PAYEMS,2024-09-06
1994-05-01,113923,PAYEMS,2024-09-06
1994-06-01,114237,PAYEMS,2024-09-06
1994-07-01,114607,PAYEMS,2024-09-06
1994-08-01,114899,PAYEMS,2024-09-06
1994-09-01,115253,PAYEMS,2024-09-06
1994-10-01,115458,PAYEMS,2024-09-06
1994-11-01,115873,PAYEMS,2024-09-06
1994-12-01,116176,PAYEMS,2024-09-06
1995-01-01,116504,PAYEMS,2024-09-06
1995-02-01,116693,PAYEMS,2024-09-06
1995-03-01,116907,PAYEMS,2024-09-06
1995-04-01,117065,PAYEMS,2024-09-06
1995-05-01,117050,PAYEMS,2024-09-06
1995-06-01,117286,PAYEMS,2024-09-06
1995-07-01,117377,PAYEMS,2024-09-06
1995-08-01,117639,PAYEMS,2024-09-06
1995-09-01,117880,PAYEMS,2024-09-06
1995-10-01,118029,PAYEMS,2024-09-06
1995-11-01,118168,PAYEMS,2024-09-06
1995-12-01,118325,PAYEMS,2024-09-06
1996-01-01,118318,PAYEMS,2024-09-06
1996-02-01,118734,PAYEMS,2024-09-06
1996-03-01,118990,PAYEMS,2024-09-06
1996-04-01,119156,PAYEMS,2024-09-06
1996-05-01,119489,PAYEMS,2024-09-06
1996-06-01,119770,PAYEMS,2024-09-06
1996-07-01,120016,PAYEMS,2024-09-06
1996-08-01,120201,PAYEMS,2024-09-06
1996-09-01,120402,PAYEMS,2024-09-06
1996-10-01,120663,PAYEMS,2024-09-06
1996-11-01,120949,PAYEMS,2024-09-06
1996-12-01,121145,PAYEMS,2024-09-06
1997-01-01,121363,PAYEMS,2024-09-06
1997-02-01,121675,PAYEMS,2024-09-06
1997-03-01,121989,PAYEMS,2024-09-06
1997-04-01,122284,PAYEMS,2024-09-06
1997-05-01,122551,PAYEMS,2024-09-06
1997-06-01,122816,PAYEMS,2024-09-06
1997-07-01,123112,PAYEMS,2024-09-06
1997-08-01,123092,PAYEMS,2024-09-06
1997-09-01,123577,PAYEMS,2024-09-06
1997-10-01,123923,PAYEMS,2024-09-06
1997-11-01,124230,PAYEMS,2024-09-06
1997-12-01,124551,PAYEMS,2024-09-06
1998-01-01,124813,PAYEMS,2024-09-06
1998-02-01,125018,PAYEMS,2024-09-06
1998-03-01,125164,PAYEMS,2024-09-06
1998-04-01,125445,PAYEMS,2024-09-06
1998-05-01,125846,PAYEMS,2024-09-06
1998-06-01,126077,PAYEMS,2024-09-06
1998-07-01,126209,PAYEMS,2024-09-06
1998-08-01,126547,PAYEMS,2024-09-06
1998-09-01,126745,PAYEMS,2024-09-06
1998-10-01,126950,PAYEMS,2024-09-06
1998-11-01,127225,PAYEMS,2024-09-06
1998-12-01,127598,PAYEMS,2024-09-06
1999-01-01,127704,PAYEMS,2024-09-06
1999-02-01,128118,PAYEMS,2024-09-06
1999-03-01,128233,PAYEMS,2024-09-06
1999-04-01,128595,PAYEMS,2024-09-06
1999-05-01,128810,PAYEMS,2024-09-06
1999-06-01,129088,PAYEMS,2024-09-06
1999-07-01,129423,PAYEMS,2024-09-06
1999-08-01,129569,PAYEMS,2024-09-06
1999-09-01,129781,PAYEMS,2024-09-06
1999-10-01,130179,PAYEMS,2024-09-06
1999-11-01,130467,PAYEMS,2024-09-06
1999-12-01,130781,PAYEMS,2024-09-06
2000-01-01,131009,PAYEMS,2024-09-06
2000-02-01,131120,PAYEMS,2024-09-06
2000-03-01,131604,PAYEMS,2024-09-06
2000-04-01,131883,PAYEMS,2024-09-06
2000-05-01,132106,PAYEMS,2024-09-06
2000-06-01,132060,PAYEMS,2024-09-06
2000-07-01,132228,PAYEMS,2024-09-06
2000-08-01,132231,PAYEMS,2024-09-06
2000-09-01,132357,PAYEMS,2024-09-06
2000-10-01,132352,PAYEMS,2024-09-06
2000-11-01,132553,PAYEMS,2024-09-06
2000-12-01,132718,PAYEMS,2024-09-06
2001-01-01,132699,PAYEMS,2024-09-06
2001-02-01,132786,PAYEMS,2024-09-06
2001-03-01,132751,PAYEMS,2024-09-06
2001-04-01,132455,PAYEMS,2024-09-06
2001-05-01,132411,PAYEMS,2024-09-06
2001-06-01,132296,PAYEMS,2024-09-06
2001-07-01,132173,PAYEMS,2024-09-06
2001-08-01,132024,PAYEMS,2024-09-06
2001-09-01,131765,PAYEMS,2024-09-06
2001-10-01,131452,PAYEMS,2024-09-06
2001-11-01,131141,PAYEMS,2024-09-06
2001-12-01,130984,PAYEMS,2024-09-06
2002-01-01,130853,PAYEMS,2024-09-06
2002-02-01,130732,PAYEMS,2024-09-06
2002-03-01,130720,PAYEMS,2024-09-06
2002-04-01,130616,PAYEMS,2024-09-06
2002-05-01,130632,PAYEMS,2024-09-06
2002-06-01,130682,PAYEMS,2024-09-06
2002-07-01,130585,PAYEMS,2024-09-06
2002-08-01,130587,PAYEMS,2024-09-06
2002-09-01,130498,PAYEMS,2024-09-06
2002-10-01,130621,PAYEMS,2024-09-06
2002-11-01,130617,PAYEMS,2024-09-06
2002-12-01,130469,PAYEMS,2024-09-06
2003-01-01,130580,PAYEMS,2024-09-06
2003-02-01,130443,PAYEMS,2024-09-06
2003-03-01,130232,PAYEMS,2024-09-06
2003-04-01,130176,PAYEMS,2024-09-06
2003-05-01,130196,PAYEMS,2024-09-06
2003-06-01,130192,PAYEMS,2024-09-06
2003-07-01,130184,PAYEMS,2024-09-06
2003-08-01,130153,PAYEMS,2024-09-06
2003-09-01,130252,PAYEMS,2024-09-06
2003-10-01,130439,PAYEMS,2024-09-06
2003-11-01,130482,PAYEMS,2024-09-06
2003-12-01,130594,PAYEMS,2024-09-06
2004-01-01,130766,PAYEMS,2024-09-06
2004-02-01,130822,PAYEMS,2024-09-06
2004-03-01,131139,PAYEMS,2024-09-06
2004-04-01,131409,PAYEMS,2024-09-06
2004-05-01,131693,PAYEMS,2024-09-06
2004-06-01,131789,PAYEMS,2024-09-06
2004-07-01,131850,PAYEMS,2024-09-06
2004-08-01,131936,PAYEMS,2024-09-06
2004-09-01,132083,PAYEMS,2024-09-06
2004-10-01,132435,PAYEMS,2024-09-06
2004-11-01,132509,PAYEMS,2024-09-06
2004-12-01,132633,PAYEMS,2024-09-06
2005-01-01,132779,PAYEMS,2024-09-06
2005-02-01,133033,PAYEMS,2024-09-06
2005-03-01,133154,PAYEMS,2024-09-06
2005-04-01,133515,PAYEMS,2024-09-06
2005-05-01,133687,PAYEMS,2024-09-06
2005-06-01,133939,PAYEMS,2024-09-06
2005-07-01,134297,PAYEMS,2024-09-06
2005-08-01,134495,PAYEMS,2024-09-06
2005-09-01,134552,PAYEMS,2024-09-06
2005-10-01,134646,PAYEMS,2024-09-06
2005-11-01,135001,PAYEMS,2024-09-06
2005-12-01,135160,PAYEMS,2024-09-06
2006-01-01,135425,PAYEMS,2024-09-06
2006-02-01,135732,PAYEMS,2024-09-06
2006-03-01,136041,PAYEMS,2024-09-06
2006-04-01,136210,PAYEMS,2024-09-06
2006-05-01,136247,PAYEMS,2024-09-06
2006-06-01,136328,PAYEMS,2024-09-06
2006-07-01,136522,PAYEMS,2024-09-06
2006-08-01,136688,PAYEMS,2024-09-06
2006-09-01,136825,PAYEMS,2024-09-06
2006-10-01,136849,PAYEMS,2024-09-06
2006-11-01,137068,PAYEMS,2024-09-06
2006-12-01,137251,PAYEMS,2024-09-06
2007-01-01,137475,PAYEMS,2024-09-06
2007-02-01,137556,PAYEMS,2024-09-06
2007-03-01,137782,PAYEMS,2024-09-06
2007-04-01,137842,PAYEMS,2024-09-06
2007-05-01,137993,PAYEMS,2024-09-06
2007-06-01,138072,PAYEMS,2024-09-06
2007-07-01,138042,PAYEMS,2024-09-06
2007-08-01,138017,PAYEMS,2024-09-06
2007-09-01,138103,PAYEMS,2024-09-06
2007-10-01,138175,PAYEMS,2024-09-06
2007-11-01,138291,PAYEMS,2024-09-06
2007-12-01,138396,PAYEMS,2024-09-06
2008-01-01,138397,PAYEMS,2024-09-06
2008-02-01,138326,PAYEMS,2024-09-06
2008-03-01,138256,PAYEMS,2024-09-06
2008-04-01,138037,PAYEMS,2024-09-06
2008-05-01,137847,PAYEMS,2024-09-06
2008-06-01,137689,PAYEMS,2024-09-06
2008-07-01,137492,PAYEMS,2024-09-06
2008-08-01,137209,PAYEMS,2024-09-06
2008-09-01,136759,PAYEMS,2024-09-06
2008-10-01,136294,PAYEMS,2024-09-06
2008-11-01,135546,PAYEMS,2024-09-06
2008-12-01,134848,PAYEMS,2024-09-06
2009-01-01,134066,PAYEMS,2024-09-06
2009-02-01,133314,PAYEMS,2024-09-06
2009-03-01,132494,PAYEMS,2024-09-06
2009-04-01,131825,PAYEMS,2024-09-06
2009-05-01,131470,PAYEMS,2024-09-06
2009-06-01,131003,PAYEMS,2024-09-06
2009-07-01,130661,PAYEMS,2024-09-06
2009-08-01,130480,PAYEMS,2024-09-06
2009-09-01,130241,PAYEMS,2024-09-06
2009-10-01,130061,PAYEMS,2024-09-06
2009-11-01,130059,PAYEMS,2024-09-06
2009-12-01,129807,PAYEMS,2024-09-06
2010-01-01,129795,PAYEMS,2024-09-06
2010-02-01,129702,PAYEMS,2024-09-06
2010-03-01,129865,PAYEMS,2024-09-06
2010-04-01,130115,PAYEMS,2024-09-06
2010-05-01,130645,PAYEMS,2024-09-06
2010-06-01,130501,PAYEMS,2024-09-06
2010-07-01,130420,PAYEMS,2024-09-06
2010-08-01,130423,PAYEMS,2024-09-06
2010-09-01,130340,PAYEMS,2024-09-06
2010-10-01,130620,PAYEMS,2024-09-06
2010-11-01,130754,PAYEMS,2024-09-06
2010-12-01,130836,PAYEMS,2024-09-06
2011-01-01,130839,PAYEMS,2024-09-06
2011-02-01,131054,PAYEMS,2024-09-06
2011-03-01,131278,PAYEMS,2024-09-06
2011-04-01,131604,PAYEMS,2024-09-06
2011-05-01,131704,PAYEMS,2024-09-06
2011-06-01,131936,PAYEMS,2024-09-06
2011-07-01,131992,PAYEMS,2024-09-06
2011-08-01,132123,PAYEMS,2024-09-06
2011-09-01,132346,PAYEMS,2024-09-06
2011-10-01,132557,PAYEMS,2024-09-06
2011-11-01,132701,PAYEMS,2024-09-06
2011-12-01,132902,PAYEMS,2024-09-06
2012-01-01,133243,PAYEMS,2024-09-06
2012-02-01,133521,PAYEMS,2024-09-06
2012-03-01,133745,PAYEMS,2024-09-06
2012-04-01,133828,PAYEMS,2024-09-06
2012-05-01,133935,PAYEMS,2024-09-06
2012-06-01,134008,PAYEMS,2024-09-06
2012-07-01,134153,PAYEMS,2024-09-06
2012-08-01,134329,PAYEMS,2024-09-06
2012-09-01,134512,PAYEMS,2024-09-06
2012-10-01,134672,PAYEMS,2024-09-06
2012-11-01,134831,PAYEMS,2024-09-06
2012-12-01,135074,PAYEMS,2024-09-06
2013-01-01,135263,PAYEMS,2024-09-06
2013-02-01,135548,PAYEMS,2024-09-06
2013-03-01,135690,PAYEMS,2024-09-06
2013-04-01,135876,PAYEMS,2024-09-06
2013-05-01,136090,PAYEMS,2024-09-06
2013-06-01,136269,PAYEMS,2024-09-06
2013-07-01,136391,PAYEMS,2024-09-06
2013-08-01,136634,PAYEMS,2024-09-06
2013-09-01,136819,PAYEMS,2024-09-06
2013-10-01,137039,PAYEMS,2024-09-06
2013-11-01,137312,PAYEMS,2024-09-06
2013-12-01,137367,PAYEMS,2024-09-06
2014-01-01,137551,PAYEMS,2024-09-06
2014-02-01,137710,PAYEMS,2024-09-06
2014-03-01,137987,PAYEMS,2024-09-06
2014-04-01,138298,PAYEMS,2024-09-06
2014-05-01,138500,PAYEMS,2024-09-06
2014-06-01,138833,PAYEMS,2024-09-06
2014-07-01,139076,PAYEMS,2024-09-06
2014-08-01,139257,PAYEMS,2024-09-06
2014-09-01,139564,PAYEMS,2024-09-06
2014-10-01,139804,PAYEMS,2024-09-06
2014-11-01,140088,PAYEMS,2024-09-06
2014-12-01,140366,PAYEMS,2024-09-06
2015-01-01,140562,PAYEMS,2024-09-06
2015-02-01,140831,PAYEMS,2024-09-06
2015-03-01,140925,PAYEMS,2024-09-06
2015-04-01,141202,PAYEMS,2024-09-06
2015-05-01,141539,PAYEMS,2024-09-06
2015-06-01,141695,PAYEMS,2024-09-06
2015-07-01,141989,PAYEMS,2024-09-06
2015-08-01,142130,PAYEMS,2024-09-06
2015-09-01,142265,PAYEMS,2024-09-06
2015-10-01,142584,PAYEMS,2024-09-06
2015-11-01,142810,PAYEMS,2024-09-06
2015-12-01,143083,PAYEMS,2024-09-06
2016-01-01,143196,PAYEMS,2024-09-06
2016-02-01,143411,PAYEMS,2024-09-06
2016-03-01,143666,PAYEMS,2024-09-06
2016-04-01,143856,PAYEMS,2024-09-06
2016-05-01,143901,PAYEMS,2024-09-06
2016-06-01,144152,PAYEMS,2024-09-06
2016-07-01,144515,PAYEMS,2024-09-06
2016-08-01,144664,PAYEMS,2024-09-06
2016-09-01,144961,PAYEMS,2024-09-06
2016-10-01,145069,PAYEMS,2024-09-06
2016-11-01,145188,PAYEMS,2024-09-06
2016-12-01,145410,PAYEMS,2024-09-06
2017-01-01,145636,PAYEMS,2024-09-06
2017-02-01,145848,PAYEMS,2024-09-06
2017-03-01,145976,PAYEMS,2024-09-06
2017-04-01,146173,PAYEMS,2024-09-06
2017-05-01,146389,PAYEMS,2024-09-06
2017-06-01,146588,PAYEMS,2024-09-06
2017-07-01,146772,PAYEMS,2024-09-06
2017-08-01,146907,PAYEMS,2024-09-06
2017-09-01,146999,PAYEMS,2024-09-06
2017-10-01,147146,PAYEMS,2024-09-06
2017-11-01,147375,PAYEMS,2024-09-06
2017-12-01,147521,PAYEMS,2024-09-06
2018-01-01,147667,PAYEMS,2024-09-06
2018-02-01,148054,PAYEMS,2024-09-06
2018-03-01,148280,PAYEMS,2024-09-06
2018-04-01,148426,PAYEMS,2024-09-06
2018-05-01,148755,PAYEMS,2024-09-06
2018-06-01,148968,PAYEMS,2024-09-06
2018-07-01,149023,PAYEMS,2024-09-06
2018-08-01,149274,PAYEMS,2024-09-06
2018-09-01,149361,PAYEMS,2024-09-06
2018-10-01,149525,PAYEMS,2024-09-06
2018-11-01,149622,PAYEMS,2024-09-06
2018-12-01,149804,PAYEMS,2024-09-06
2019-01-01,150062,PAYEMS,2024-09-06
2019-02-01,150067,PAYEMS,2024-09-06
2019-03-01,150294,PAYEMS,2024-09-06
2019-04-01,150602,PAYEMS,2024-09-06
2019-05-01,150640,PAYEMS,2024-09-06
2019-06-01,150844,PAYEMS,2024-09-06
2019-07-01,150934,PAYEMS,2024-09-06
2019-08-01,151155,PAYEMS,2024-09-06
2019-09-01,151358,PAYEMS,2024-09-06
2019-10-01,151458,PAYEMS,2024-09-06
2019-11-01,151666,PAYEMS,2024-09-06
2019-12-01,151792,PAYEMS,2024-09-06
2020-01-01,152045,PAYEMS,2024-09-06
2020-02-01,152309,PAYEMS,2024-09-06
2020-03-01,150898,PAYEMS,2024-09-06
2020-04-01,130421,PAYEMS,2024-09-06
2020-05-01,133040,PAYEMS,2024-09-06
2020-06-01,137655,PAYEMS,2024-09-06
2020-07-01,139240,PAYEMS,2024-09-06
2020-08-01,140774,PAYEMS,2024-09-06
2020-09-01,141820,PAYEMS,2024-09-06
2020-10-01,142493,PAYEMS,2024-09-06
2020-11-01,142761,PAYEMS,2024-09-06
2020-12-01,142518,PAYEMS,2024-09-06
2021-01-01,142916,PAYEMS,2024-09-06
2021-02-01,143443,PAYEMS,2024-09-06
2021-03-01,144274,PAYEMS,2024-09-06
2021-04-01,144593,PAYEMS,2024-09-06
2021-05-01,145044,PAYEMS,2024-09-06
2021-06-01,145822,PAYEMS,2024-09-06
2021-07-01,146761,PAYEMS,2024-09-06
2021-08-01,147226,PAYEMS,2024-09-06
2021-09-01,147706,PAYEMS,2024-09-06
2021-10-01,148566,PAYEMS,2024-09-06
2021-11-01,149197,PAYEMS,2024-09-06
2021-12-01,149763,PAYEMS,2024-09-06
2022-01-01,150014,PAYEMS,2024-09-06
2022-02-01,150876,PAYEMS,2024-09-06
2022-03-01,151370,PAYEMS,2024-09-06
2022-04-01,151642,PAYEMS,2024-09-06
2022-05-01,151928,PAYEMS,2024-09-06
2022-06-01,152348,PAYEMS,2024-09-06
2022-07-01,153038,PAYEMS,2024-09-06
2022-08-01,153281,PAYEMS,2024-09-06
2022-09-01,153536,PAYEMS,2024-09-06
2022-10-01,153897,PAYEMS,2024-09-06
2022-11-01,154155,PAYEMS,2024-09-06
2022-12-01,154291,PAYEMS,2024-09-06
2023-01-01,154773,PAYEMS,2024-09-06
2023-02-01,155060,PAYEMS,2024-09-06
2023-03-01,155206,PAYEMS,2024-09-06
2023-04-01,155484,PAYEMS,2024-09-06
2023-05-01,155787,PAYEMS,2024-09-06
2023-06-01,156027,PAYEMS,2024-09-06
2023-07-01,156211,PAYEMS,2024-09-06
2023-08-01,156421,PAYEMS,2024-09-06
2023-09-01,156667,PAYEMS,2024-09-06
2023-10-01,156832,PAYEMS,2024-09-06
2023-11-01,157014,PAYEMS,2024-09-06
2023-12-01,157304,PAYEMS,2024-09-06
2024-01-01,157560,PAYEMS,2024-09-06
2024-02-01,157796,PAYEMS,2024-09-06
2024-03-01,158106,PAYEMS,2024-09-06
2024-04-01,158214,PAYEMS,2024-09-06
2024-05-01,158430,PAYEMS,2024-09-06
2024-06-01,158548,PAYEMS,2024-09-06
2024-07-01,158637,PAYEMS,2024-09-06
2024-08-01,158779,PAYEMS,2024-09-06
1919-01-01,"4,8654",INDPRO,2024-09-17
1919-02-01,"4,6504",INDPRO,2024-09-17
1919-03-01,"4,516",INDPRO,2024-09-17
1919-04-01,"4,5966",INDPRO,2024-09-17
1919-05-01,"4,6235",INDPRO,2024-09-17
1919-06-01,"4,9192",INDPRO,2024-09-17
1919-07-01,"5,2149",INDPRO,2024-09-17
1919-08-01,"5,2955",INDPRO,2024-09-17
1919-09-01,"5,188",INDPRO,2024-09-17
1919-10-01,"5,1342",INDPRO,2024-09-17
1919-11-01,"5,0536",INDPRO,2024-09-17
1919-12-01,"5,1342",INDPRO,2024-09-17
1920-01-01,"5,6181",INDPRO,2024-09-17
1920-02-01,"5,6181",INDPRO,2024-09-17
1920-03-01,"5,5106",INDPRO,2024-09-17
1920-04-01,"5,2149",INDPRO,2024-09-17
1920-05-01,"5,3493",INDPRO,2024-09-17
1920-06-01,"5,403",INDPRO,2024-09-17
1920-07-01,"5,2686",INDPRO,2024-09-17
1920-08-01,"5,2955",INDPRO,2024-09-17
1920-09-01,"5,1073",INDPRO,2024-09-17
1920-10-01,"4,8923",INDPRO,2024-09-17
1920-11-01,"4,4891",INDPRO,2024-09-17
1920-12-01,"4,2203",INDPRO,2024-09-17
1921-01-01,"3,9784",INDPRO,2024-09-17
1921-02-01,"3,8977",INDPRO,2024-09-17
1921-03-01,"3,7902",INDPRO,2024-09-17
1921-04-01,"3,7902",INDPRO,2024-09-17
1921-05-01,"3,8977",INDPRO,2024-09-17
1921-06-01,"3,8708",INDPRO,2024-09-17
1921-07-01,"3,8439",INDPRO,2024-09-17
1921-08-01,"3,9784",INDPRO,2024-09-17
1921-09-01,"4,0052",INDPRO,2024-09-17
1921-10-01,"4,2472",INDPRO,2024-09-17
1921-11-01,"4,1934",INDPRO,2024-09-17
1921-12-01,"4,1665",INDPRO,2024-09-17
1922-01-01,"4,3278",INDPRO,2024-09-17
1922-02-01,"4,516",INDPRO,2024-09-17
1922-03-01,"4,7579",INDPRO,2024-09-17
1922-04-01,"4,5966",INDPRO,2024-09-17
1922-05-01,"4,8385",INDPRO,2024-09-17
1922-06-01,"5,0805",INDPRO,2024-09-17
1922-07-01,"5,0805",INDPRO,2024-09-17
1922-08-01,"4,9729",INDPRO,2024-09-17
1922-09-01,"5,2417",INDPRO,2024-09-17
1922-10-01,"5,5374",INDPRO,2024-09-17
1922-11-01,"5,7794",INDPRO,2024-09-17
1922-12-01,"5,9406",INDPRO,2024-09-17
1923-01-01,"5,8062",INDPRO,2024-09-17
1923-02-01,"5,8869",INDPRO,2024-09-17
1923-03-01,"6,0751",INDPRO,2024-09-17
1923-04-01,"6,2095",INDPRO,2024-09-17
1923-05-01,"6,2901",INDPRO,2024-09-17
1923-06-01,"6,2363",INDPRO,2024-09-17
1923-07-01,"6,1826",INDPRO,2024-09-17
1923-08-01,"6,0751",INDPRO,2024-09-17
1923-09-01,"5,9406",INDPRO,2024-09-17
1923-10-01,"5,9138",INDPRO,2024-09-17
1923-11-01,"5,9138",INDPRO,2024-09-17
1923-12-01,"5,7794",INDPRO,2024-09-17
1924-01-01,"5,9138",INDPRO,2024-09-17
1924-02-01,"6,0213",INDPRO,2024-09-17
1924-03-01,"5,9138",INDPRO,2024-09-17
1924-04-01,"5,7256",INDPRO,2024-09-17
1924-05-01,"5,4837",INDPRO,2024-09-17
1924-06-01,"5,2417",INDPRO,2024-09-17
1924-07-01,"5,1611",INDPRO,2024-09-17
1924-08-01,"5,3493",INDPRO,2024-09-17
1924-09-01,"5,5374",INDPRO,2024-09-17
1924-10-01,"5,6718",INDPRO,2024-09-17
1924-11-01,"5,7794",INDPRO,2024-09-17
1924-12-01,"5,9406",INDPRO,2024-09-17
1925-01-01,"6,1288",INDPRO,2024-09-17
1925-02-01,"6,1288",INDPRO,2024-09-17
1925-03-01,"6,1288",INDPRO,2024-09-17
1925-04-01,"6,1826",INDPRO,2024-09-17
1925-05-01,"6,1557",INDPRO,2024-09-17
1925-06-01,"6,1019",INDPRO,2024-09-17
1925-07-01,"6,2632",INDPRO,2024-09-17
1925-08-01,"6,1557",INDPRO,2024-09-17
1925-09-01,"6,0751",INDPRO,2024-09-17
1925-10-01,"6,317",INDPRO,2024-09-17
1925-11-01,"6,4514",INDPRO,2024-09-17
1925-12-01,"6,532",INDPRO,2024-09-17
1926-01-01,"6,4245",INDPRO,2024-09-17
1926-02-01,"6,4245",INDPRO,2024-09-17
1926-03-01,"6,5051",INDPRO,2024-09-17
1926-04-01,"6,5051",INDPRO,2024-09-17
1926-05-01,"6,4514",INDPRO,2024-09-17
1926-06-01,"6,532",INDPRO,2024-09-17
1926-07-01,"6,5589",INDPRO,2024-09-17
1926-08-01,"6,6396",INDPRO,2024-09-17
1926-09-01,"6,7471",INDPRO,2024-09-17
1926-10-01,"6,7471",INDPRO,2024-09-17
1926-11-01,"6,7202",INDPRO,2024-09-17
1926-12-01,"6,6933",INDPRO,2024-09-17
1927-01-01,"6,6664",INDPRO,2024-09-17
1927-02-01,"6,7202",INDPRO,2024-09-17
1927-03-01,"6,8008",INDPRO,2024-09-17
1927-04-01,"6,6396",INDPRO,2024-09-17
1927-05-01,"6,6933",INDPRO,2024-09-17
1927-06-01,"6,6664",INDPRO,2024-09-17
1927-07-01,"6,5858",INDPRO,2024-09-17
1927-08-01,"6,5858",INDPRO,2024-09-17
1927-09-01,"6,4783",INDPRO,2024-09-17
1927-10-01,"6,3439",INDPRO,2024-09-17
1927-11-01,"6,3439",INDPRO,2024-09-17
1927-12-01,"6,3707",INDPRO,2024-09-17
1928-01-01,"6,5051",INDPRO,2024-09-17
1928-02-01,"6,5589",INDPRO,2024-09-17
1928-03-01,"6,6127",INDPRO,2024-09-17
1928-04-01,"6,5858",INDPRO,2024-09-17
1928-05-01,"6,6664",INDPRO,2024-09-17
1928-06-01,"6,7202",INDPRO,2024-09-17
1928-07-01,"6,8008",INDPRO,2024-09-17
1928-08-01,"6,9352",INDPRO,2024-09-17
1928-09-01,"6,989",INDPRO,2024-09-17
1928-10-01,"7,1234",INDPRO,2024-09-17
1928-11-01,"7,2578",INDPRO,2024-09-17
1928-12-01,"7,3922",INDPRO,2024-09-17
1929-01-01,"7,4997",INDPRO,2024-09-17
1929-02-01,"7,4728",INDPRO,2024-09-17
1929-03-01,"7,4997",INDPRO,2024-09-17
1929-04-01,"7,6341",INDPRO,2024-09-17
1929-05-01,"7,7685",INDPRO,2024-09-17
1929-06-01,"7,8223",INDPRO,2024-09-17
1929-07-01,"7,9298",INDPRO,2024-09-17
1929-08-01,"7,8492",INDPRO,2024-09-17
1929-09-01,"7,7954",INDPRO,2024-09-17
1929-10-01,"7,661",INDPRO,2024-09-17
1929-11-01,"7,2847",INDPRO,2024-09-17
1929-12-01,"6,9621",INDPRO,2024-09-17
1930-01-01,"6,9621",INDPRO,2024-09-17
1930-02-01,"6,9352",INDPRO,2024-09-17
1930-03-01,"6,8277",INDPRO,2024-09-17
1930-04-01,"6,774",INDPRO,2024-09-17
1930-05-01,"6,6664",INDPRO,2024-09-17
1930-06-01,"6,4783",INDPRO,2024-09-17
1930-07-01,"6,1826",INDPRO,2024-09-17
1930-08-01,"6,0482",INDPRO,2024-09-17
1930-09-01,"5,9406",INDPRO,2024-09-17
1930-10-01,"5,7794",INDPRO,2024-09-17
1930-11-01,"5,645",INDPRO,2024-09-17
1930-12-01,"5,5106",INDPRO,2024-09-17
1931-01-01,"5,4837",INDPRO,2024-09-17
1931-02-01,"5,5106",INDPRO,2024-09-17
1931-03-01,"5,6181",INDPRO,2024-09-17
1931-04-01,"5,645",INDPRO,2024-09-17
1931-05-01,"5,5643",INDPRO,2024-09-17
1931-06-01,"5,4299",INDPRO,2024-09-17
1931-07-01,"5,3493",INDPRO,2024-09-17
1931-08-01,"5,1611",INDPRO,2024-09-17
1931-09-01,"4,9192",INDPRO,2024-09-17
1931-10-01,"4,731",INDPRO,2024-09-17
1931-11-01,"4,6772",INDPRO,2024-09-17
1931-12-01,"4,6504",INDPRO,2024-09-17
1932-01-01,"4,516",INDPRO,2024-09-17
1932-02-01,"4,4084",INDPRO,2024-09-17
1932-03-01,"4,3547",INDPRO,2024-09-17
1932-04-01,"4,059",INDPRO,2024-09-17
1932-05-01,"3,9246",INDPRO,2024-09-17
1932-06-01,"3,7902",INDPRO,2024-09-17
1932-07-01,"3,6827",INDPRO,2024-09-17
1932-08-01,"3,7902",INDPRO,2024-09-17
1932-09-01,"4,0321",INDPRO,2024-09-17
1932-10-01,"4,1665",INDPRO,2024-09-17
1932-11-01,"4,1665",INDPRO,2024-09-17
1932-12-01,"4,0859",INDPRO,2024-09-17
1933-01-01,"4,0052",INDPRO,2024-09-17
1933-02-01,"4,0321",INDPRO,2024-09-17
1933-03-01,"3,7902",INDPRO,2024-09-17
1933-04-01,"4,059",INDPRO,2024-09-17
1933-05-01,"4,731",INDPRO,2024-09-17
1933-06-01,"5,4568",INDPRO,2024-09-17
1933-07-01,"5,9675",INDPRO,2024-09-17
1933-08-01,"5,7256",INDPRO,2024-09-17
1933-09-01,"5,403",INDPRO,2024-09-17
1933-10-01,"5,1342",INDPRO,2024-09-17
1933-11-01,"4,8385",INDPRO,2024-09-17
1933-12-01,"4,8654",INDPRO,2024-09-17
1934-01-01,"5,0267",INDPRO,2024-09-17
1934-02-01,"5,2686",INDPRO,2024-09-17
1934-03-01,"5,5106",INDPRO,2024-09-17
1934-04-01,"5,5106",INDPRO,2024-09-17
1934-05-01,"5,6181",INDPRO,2024-09-17
1934-06-01,"5,5106",INDPRO,2024-09-17
1934-07-01,"5,1342",INDPRO,2024-09-17
1934-08-01,"5,0805",INDPRO,2024-09-17
1934-09-01,"4,7848",INDPRO,2024-09-17
1934-10-01,"4,9998",INDPRO,2024-09-17
1934-11-01,"5,0536",INDPRO,2024-09-17
1934-12-01,"5,3761",INDPRO,2024-09-17
1935-01-01,"5,8062",INDPRO,2024-09-17
1935-02-01,"5,9138",INDPRO,2024-09-17
1935-03-01,"5,8869",INDPRO,2024-09-17
1935-04-01,"5,7794",INDPRO,2024-09-17
1935-05-01,"5,7794",INDPRO,2024-09-17
1935-06-01,"5,86",INDPRO,2024-09-17
1935-07-01,"5,86",INDPRO,2024-09-17
1935-08-01,"6,075",INDPRO,2024-09-17
1935-09-01,"6,2363",INDPRO,2024-09-17
1935-10-01,"6,4245",INDPRO,2024-09-17
1935-11-01,"6,5589",INDPRO,2024-09-17
1935-12-01,"6,6395",INDPRO,2024-09-17
1936-01-01,"6,532",INDPRO,2024-09-17
1936-02-01,"6,3707",INDPRO,2024-09-17
1936-03-01,"6,4514",INDPRO,2024-09-17
1936-04-01,"6,8546",INDPRO,2024-09-17
1936-05-01,"6,989",INDPRO,2024-09-17
1936-06-01,"7,1234",INDPRO,2024-09-17
1936-07-01,"7,2578",INDPRO,2024-09-17
1936-08-01,"7,3653",INDPRO,2024-09-17
1936-09-01,"7,4997",INDPRO,2024-09-17
1936-10-01,"7,6073",INDPRO,2024-09-17
1936-11-01,"7,8223",INDPRO,2024-09-17
1936-12-01,"8,0642",INDPRO,2024-09-17
1937-01-01,"8,0373",INDPRO,2024-09-17
1937-02-01,"8,1449",INDPRO,2024-09-17
1937-03-01,"8,333",INDPRO,2024-09-17
1937-04-01,"8,333",INDPRO,2024-09-17
1937-05-01,"8,3599",INDPRO,2024-09-17
1937-06-01,"8,2524",INDPRO,2024-09-17
1937-07-01,"8,3062",INDPRO,2024-09-17
1937-08-01,"8,2524",INDPRO,2024-09-17
1937-09-01,"7,9836",INDPRO,2024-09-17
1937-10-01,"7,3922",INDPRO,2024-09-17
1937-11-01,"6,6664",INDPRO,2024-09-17
1937-12-01,"6,075",INDPRO,2024-09-17
1938-01-01,"5,9406",INDPRO,2024-09-17
1938-02-01,"5,8869",INDPRO,2024-09-17
1938-03-01,"5,8869",INDPRO,2024-09-17
1938-04-01,"5,7794",INDPRO,2024-09-17
1938-05-01,"5,645",INDPRO,2024-09-17
1938-06-01,"5,6987",INDPRO,2024-09-17
1938-07-01,"6,0213",INDPRO,2024-09-17
1938-08-01,"6,3439",INDPRO,2024-09-17
1938-09-01,"6,532",INDPRO,2024-09-17
1938-10-01,"6,6933",INDPRO,2024-09-17
1938-11-01,"6,9621",INDPRO,2024-09-17
1938-12-01,"7,0428",INDPRO,2024-09-17
1939-01-01,"7,0428",INDPRO,2024-09-17
1939-02-01,"7,0965",INDPRO,2024-09-17
1939-03-01,"7,1234",INDPRO,2024-09-17
1939-04-01,"7,0965",INDPRO,2024-09-17
1939-05-01,"7,0696",INDPRO,2024-09-17
1939-06-01,"7,2309",INDPRO,2024-09-17
1939-07-01,"7,446",INDPRO,2024-09-17
1939-08-01,"7,5535",INDPRO,2024-09-17
1939-09-01,"8,0105",INDPRO,2024-09-17
1939-10-01,"8,4137",INDPRO,2024-09-17
1939-11-01,"8,6287",INDPRO,2024-09-17
1939-12-01,"8,6287",INDPRO,2024-09-17
1940-01-01,"8,5212",INDPRO,2024-09-17
1940-02-01,"8,2524",INDPRO,2024-09-17
1940-03-01,"8,0642",INDPRO,2024-09-17
1940-04-01,"8,2255",INDPRO,2024-09-17
1940-05-01,"8,4674",INDPRO,2024-09-17
1940-06-01,"8,7362",INDPRO,2024-09-17
1940-07-01,"8,8438",INDPRO,2024-09-17
1940-08-01,"8,8975",INDPRO,2024-09-17
1940-09-01,"9,0857",INDPRO,2024-09-17
1940-10-01,"9,2201",INDPRO,2024-09-17
1940-11-01,"9,4351",INDPRO,2024-09-17
1940-12-01,"9,7577",INDPRO,2024-09-17
1941-01-01,"9,9996",INDPRO,2024-09-17
1941-02-01,"10,2953",INDPRO,2024-09-17
1941-03-01,"10,6179",INDPRO,2024-09-17
1941-04-01,"10,6448",INDPRO,2024-09-17
1941-05-01,"11,1286",INDPRO,2024-09-17
1941-06-01,"11,2093",INDPRO,2024-09-17
1941-07-01,"11,3437",INDPRO,2024-09-17
1941-08-01,"11,4781",INDPRO,2024-09-17
1941-09-01,"11,4781",INDPRO,2024-09-17
1941-10-01,"11,5856",INDPRO,2024-09-17
1941-11-01,"11,6394",INDPRO,2024-09-17
1941-12-01,"11,8275",INDPRO,2024-09-17
1942-01-01,"12,0695",INDPRO,2024-09-17
1942-02-01,"12,2845",INDPRO,2024-09-17
1942-03-01,"12,4189",INDPRO,2024-09-17
1942-04-01,"12,0695",INDPRO,2024-09-17
1942-05-01,"12,0963",INDPRO,2024-09-17
1942-06-01,"12,1232",INDPRO,2024-09-17
1942-07-01,"12,4189",INDPRO,2024-09-17
1942-08-01,"12,7952",INDPRO,2024-09-17
1942-09-01,"13,0909",INDPRO,2024-09-17
1942-10-01,"13,521",INDPRO,2024-09-17
1942-11-01,"13,8436",INDPRO,2024-09-17
1942-12-01,"14,1662",INDPRO,2024-09-17
1943-01-01,"14,3006",INDPRO,2024-09-17
1943-02-01,"14,6769",INDPRO,2024-09-17
1943-03-01,"14,7844",INDPRO,2024-09-17
1943-04-01,"14,9726",INDPRO,2024-09-17
1943-05-01,"15,0801",INDPRO,2024-09-17
1943-06-01,"14,9995",INDPRO,2024-09-17
1943-07-01,"15,4564",INDPRO,2024-09-17
1943-08-01,"15,779",INDPRO,2024-09-17
1943-09-01,"16,1822",INDPRO,2024-09-17
1943-10-01,"16,4241",INDPRO,2024-09-17
1943-11-01,"16,6392",INDPRO,2024-09-17
1943-12-01,"16,4241",INDPRO,2024-09-17
1944-01-01,"16,6123",INDPRO,2024-09-17
1944-02-01,"16,7467",INDPRO,2024-09-17
1944-03-01,"16,7198",INDPRO,2024-09-17
1944-04-01,"16,7198",INDPRO,2024-09-17
1944-05-01,"16,6123",INDPRO,2024-09-17
1944-06-01,"16,5585",INDPRO,2024-09-17
1944-07-01,"16,5317",INDPRO,2024-09-17
1944-08-01,"16,7467",INDPRO,2024-09-17
1944-09-01,"16,6392",INDPRO,2024-09-17
1944-10-01,"16,693",INDPRO,2024-09-17
1944-11-01,"16,5585",INDPRO,2024-09-17
1944-12-01,"16,5048",INDPRO,2024-09-17
1945-01-01,"16,3435",INDPRO,2024-09-17
1945-02-01,"16,2897",INDPRO,2024-09-17
1945-03-01,"16,1822",INDPRO,2024-09-17
1945-04-01,"15,8865",INDPRO,2024-09-17
1945-05-01,"15,4564",INDPRO,2024-09-17
1945-06-01,"15,107",INDPRO,2024-09-17
1945-07-01,"14,7576",INDPRO,2024-09-17
1945-08-01,"13,2253",INDPRO,2024-09-17
1945-09-01,"12,0426",INDPRO,2024-09-17
1945-10-01,"11,5587",INDPRO,2024-09-17
1945-11-01,"11,9888",INDPRO,2024-09-17
1945-12-01,"12,0426",INDPRO,2024-09-17
1946-01-01,"11,3706",INDPRO,2024-09-17
1946-02-01,"10,8061",INDPRO,2024-09-17
1946-03-01,"11,9351",INDPRO,2024-09-17
1946-04-01,"11,72",INDPRO,2024-09-17
1946-05-01,"11,2899",INDPRO,2024-09-17
1946-06-01,"11,9888",INDPRO,2024-09-17
1946-07-01,"12,392",INDPRO,2024-09-17
1946-08-01,"12,849",INDPRO,2024-09-17
1946-09-01,"13,0909",INDPRO,2024-09-17
1946-10-01,"13,3329",INDPRO,2024-09-17
1946-11-01,"13,4135",INDPRO,2024-09-17
1946-12-01,"13,4941",INDPRO,2024-09-17
1947-01-01,"13,6554",INDPRO,2024-09-17
1947-02-01,"13,7361",INDPRO,2024-09-17
1947-03-01,"13,8167",INDPRO,2024-09-17
1947-04-01,"13,7092",INDPRO,2024-09-17
1947-05-01,"13,7629",INDPRO,2024-09-17
1947-06-01,"13,7629",INDPRO,2024-09-17
1947-07-01,"13,6823",INDPRO,2024-09-17
1947-08-01,"13,7629",INDPRO,2024-09-17
1947-09-01,"13,8705",INDPRO,2024-09-17
1947-10-01,"14,0049",INDPRO,2024-09-17
1947-11-01,"14,193",INDPRO,2024-09-17
1947-12-01,"14,2468",INDPRO,2024-09-17
1948-01-01,"14,3274",INDPRO,2024-09-17
1948-02-01,"14,3543",INDPRO,2024-09-17
1948-03-01,"14,1931",INDPRO,2024-09-17
1948-04-01,"14,2199",INDPRO,2024-09-17
1948-05-01,"14,4618",INDPRO,2024-09-17
1948-06-01,"14,65",INDPRO,2024-09-17
1948-07-01,"14,65",INDPRO,2024-09-17
1948-08-01,"14,5962",INDPRO,2024-09-17
1948-09-01,"14,4887",INDPRO,2024-09-17
1948-10-01,"14,5963",INDPRO,2024-09-17
1948-11-01,"14,4081",INDPRO,2024-09-17
1948-12-01,"14,2737",INDPRO,2024-09-17
1949-01-01,"14,1393",INDPRO,2024-09-17
1949-02-01,"14,0049",INDPRO,2024-09-17
1949-03-01,"13,7361",INDPRO,2024-09-17
1949-04-01,"13,6554",INDPRO,2024-09-17
1949-05-01,"13,4673",INDPRO,2024-09-17
1949-06-01,"13,4404",INDPRO,2024-09-17
1949-07-01,"13,4135",INDPRO,2024-09-17
1949-08-01,"13,5479",INDPRO,2024-09-17
1949-09-01,"13,6823",INDPRO,2024-09-17
1949-10-01,"13,1716",INDPRO,2024-09-17
1949-11-01,"13,521",INDPRO,2024-09-17
1949-12-01,"13,7629",INDPRO,2024-09-17
1950-01-01,"14,0049",INDPRO,2024-09-17
1950-02-01,"14,0586",INDPRO,2024-09-17
1950-03-01,"14,5156",INDPRO,2024-09-17
1950-04-01,"14,9995",INDPRO,2024-09-17
1950-05-01,"15,3489",INDPRO,2024-09-17
1950-06-01,"15,8059",INDPRO,2024-09-17
1950-07-01,"16,3166",INDPRO,2024-09-17
1950-08-01,"16,8274",INDPRO,2024-09-17
1950-09-01,"16,7198",INDPRO,2024-09-17
1950-10-01,"16,8273",INDPRO,2024-09-17
1950-11-01,"16,8005",INDPRO,2024-09-17
1950-12-01,"17,0962",INDPRO,2024-09-17
1951-01-01,"17,1499",INDPRO,2024-09-17
1951-02-01,"17,2575",INDPRO,2024-09-17
1951-03-01,"17,3381",INDPRO,2024-09-17
1951-04-01,"17,365",INDPRO,2024-09-17
1951-05-01,"17,3112",INDPRO,2024-09-17
1951-06-01,"17,2306",INDPRO,2024-09-17
1951-07-01,"16,9618",INDPRO,2024-09-17
1951-08-01,"16,8005",INDPRO,2024-09-17
1951-09-01,"16,908",INDPRO,2024-09-17
1951-10-01,"16,8811",INDPRO,2024-09-17
1951-11-01,"17,0155",INDPRO,2024-09-17
1951-12-01,"17,123",INDPRO,2024-09-17
1952-01-01,"17,3112",INDPRO,2024-09-17
1952-02-01,"17,4187",INDPRO,2024-09-17
1952-03-01,"17,4725",INDPRO,2024-09-17
1952-04-01,"17,3112",INDPRO,2024-09-17
1952-05-01,"17,1499",INDPRO,2024-09-17
1952-06-01,"16,9886",INDPRO,2024-09-17
1952-07-01,"16,7198",INDPRO,2024-09-17
1952-08-01,"17,7951",INDPRO,2024-09-17
1952-09-01,"18,4402",INDPRO,2024-09-17
1952-10-01,"18,6284",INDPRO,2024-09-17
1952-11-01,"19,0047",INDPRO,2024-09-17
1952-12-01,"19,1122",INDPRO,2024-09-17
1953-01-01,"19,166",INDPRO,2024-09-17
1953-02-01,"19,2735",INDPRO,2024-09-17
1953-03-01,"19,4348",INDPRO,2024-09-17
1953-04-01,"19,5154",INDPRO,2024-09-17
1953-05-01,"19,6229",INDPRO,2024-09-17
1953-06-01,"19,5423",INDPRO,2024-09-17
1953-07-01,"19,7842",INDPRO,2024-09-17
1953-08-01,"19,6767",INDPRO,2024-09-17
1953-09-01,"19,2735",INDPRO,2024-09-17
1953-10-01,"19,1122",INDPRO,2024-09-17
1953-11-01,"18,6553",INDPRO,2024-09-17
1953-12-01,"18,1983",INDPRO,2024-09-17
1954-01-01,"18,0639",INDPRO,2024-09-17
1954-02-01,"18,1176",INDPRO,2024-09-17
1954-03-01,"18,0101",INDPRO,2024-09-17
1954-04-01,"17,9026",INDPRO,2024-09-17
1954-05-01,"18,0101",INDPRO,2024-09-17
1954-06-01,"18,0639",INDPRO,2024-09-17
1954-07-01,"18,0907",INDPRO,2024-09-17
1954-08-01,"18,0639",INDPRO,2024-09-17
1954-09-01,"18,0908",INDPRO,2024-09-17
1954-10-01,"18,3058",INDPRO,2024-09-17
1954-11-01,"18,6015",INDPRO,2024-09-17
1954-12-01,"18,8434",INDPRO,2024-09-17
1955-01-01,"19,2735",INDPRO,2024-09-17
1955-02-01,"19,5154",INDPRO,2024-09-17
1955-03-01,"19,9724",INDPRO,2024-09-17
1955-04-01,"20,2143",INDPRO,2024-09-17
1955-05-01,"20,5369",INDPRO,2024-09-17
1955-06-01,"20,5638",INDPRO,2024-09-17
1955-07-01,"20,7251",INDPRO,2024-09-17
1955-08-01,"20,6982",INDPRO,2024-09-17
1955-09-01,"20,8326",INDPRO,2024-09-17
1955-10-01,"21,182",INDPRO,2024-09-17
1955-11-01,"21,2358",INDPRO,2024-09-17
1955-12-01,"21,3164",INDPRO,2024-09-17
1956-01-01,"21,4508",INDPRO,2024-09-17
1956-02-01,"21,2627",INDPRO,2024-09-17
1956-03-01,"21,2627",INDPRO,2024-09-17
1956-04-01,"21,424",INDPRO,2024-09-17
1956-05-01,"21,2358",INDPRO,2024-09-17
1956-06-01,"21,0476",INDPRO,2024-09-17
1956-07-01,"20,4025",INDPRO,2024-09-17
1956-08-01,"21,2358",INDPRO,2024-09-17
1956-09-01,"21,7197",INDPRO,2024-09-17
1956-10-01,"21,9078",INDPRO,2024-09-17
1956-11-01,"21,7197",INDPRO,2024-09-17
1956-12-01,"22,0422",INDPRO,2024-09-17
1957-01-01,"21,9616",INDPRO,2024-09-17
1957-02-01,"22,1766",INDPRO,2024-09-17
1957-03-01,"22,1498",INDPRO,2024-09-17
1957-04-01,"21,8541",INDPRO,2024-09-17
1957-05-01,"21,7734",INDPRO,2024-09-17
1957-06-01,"21,8272",INDPRO,2024-09-17
1957-07-01,"21,9616",INDPRO,2024-09-17
1957-08-01,"21,9616",INDPRO,2024-09-17
1957-09-01,"21,7734",INDPRO,2024-09-17
1957-10-01,"21,4508",INDPRO,2024-09-17
1957-11-01,"20,9401",INDPRO,2024-09-17
1957-12-01,"20,5369",INDPRO,2024-09-17
1958-01-01,"20,1606",INDPRO,2024-09-17
1958-02-01,"19,7305",INDPRO,2024-09-17
1958-03-01,"19,4885",INDPRO,2024-09-17
1958-04-01,"19,166",INDPRO,2024-09-17
1958-05-01,"19,3541",INDPRO,2024-09-17
1958-06-01,"19,8649",INDPRO,2024-09-17
1958-07-01,"20,1606",INDPRO,2024-09-17
1958-08-01,"20,5638",INDPRO,2024-09-17
1958-09-01,"20,752",INDPRO,2024-09-17
1958-10-01,"20,9939",INDPRO,2024-09-17
1958-11-01,"21,6121",INDPRO,2024-09-17
1958-12-01,"21,639",INDPRO,2024-09-17
1959-01-01,"21,9616",INDPRO,2024-09-17
1959-02-01,"22,3917",INDPRO,2024-09-17
1959-03-01,"22,7142",INDPRO,2024-09-17
1959-04-01,"23,1981",INDPRO,2024-09-17
1959-05-01,"23,5476",INDPRO,2024-09-17
1959-06-01,"23,5744",INDPRO,2024-09-17
1959-07-01,"23,0099",INDPRO,2024-09-17
1959-08-01,"22,2304",INDPRO,2024-09-17
1959-09-01,"22,2035",INDPRO,2024-09-17
1959-10-01,"22,0422",INDPRO,2024-09-17
1959-11-01,"22,1766",INDPRO,2024-09-17
1959-12-01,"23,5475",INDPRO,2024-09-17
1960-01-01,"24,1658",INDPRO,2024-09-17
1960-02-01,"23,9508",INDPRO,2024-09-17
1960-03-01,"23,7357",INDPRO,2024-09-17
1960-04-01,"23,5476",INDPRO,2024-09-17
1960-05-01,"23,5207",INDPRO,2024-09-17
1960-06-01,"23,225",INDPRO,2024-09-17
1960-07-01,"23,1443",INDPRO,2024-09-17
1960-08-01,"23,1175",INDPRO,2024-09-17
1960-09-01,"22,8755",INDPRO,2024-09-17
1960-10-01,"22,8487",INDPRO,2024-09-17
1960-11-01,"22,5261",INDPRO,2024-09-17
1960-12-01,"22,096",INDPRO,2024-09-17
1961-01-01,"22,1229",INDPRO,2024-09-17
1961-02-01,"22,096",INDPRO,2024-09-17
1961-03-01,"22,2304",INDPRO,2024-09-17
1961-04-01,"22,6874",INDPRO,2024-09-17
1961-05-01,"23,0368",INDPRO,2024-09-17
1961-06-01,"23,3594",INDPRO,2024-09-17
1961-07-01,"23,6282",INDPRO,2024-09-17
1961-08-01,"23,8432",INDPRO,2024-09-17
1961-09-01,"23,8164",INDPRO,2024-09-17
1961-10-01,"24,2733",INDPRO,2024-09-17
1961-11-01,"24,6497",INDPRO,2024-09-17
1961-12-01,"24,8647",INDPRO,2024-09-17
1962-01-01,"24,6496",INDPRO,2024-09-17
1962-02-01,"25,0529",INDPRO,2024-09-17
1962-03-01,"25,1873",INDPRO,2024-09-17
1962-04-01,"25,241",INDPRO,2024-09-17
1962-05-01,"25,2141",INDPRO,2024-09-17
1962-06-01,"25,1604",INDPRO,2024-09-17
1962-07-01,"25,4023",INDPRO,2024-09-17
1962-08-01,"25,4292",INDPRO,2024-09-17
1962-09-01,"25,5905",INDPRO,2024-09-17
1962-10-01,"25,6174",INDPRO,2024-09-17
1962-11-01,"25,7249",INDPRO,2024-09-17
1962-12-01,"25,7249",INDPRO,2024-09-17
1963-01-01,"25,913",INDPRO,2024-09-17
1963-02-01,"26,2088",INDPRO,2024-09-17
1963-03-01,"26,37",INDPRO,2024-09-17
1963-04-01,"26,612",INDPRO,2024-09-17
1963-05-01,"26,9345",INDPRO,2024-09-17
1963-06-01,"27,0152",INDPRO,2024-09-17
1963-07-01,"26,9076",INDPRO,2024-09-17
1963-08-01,"26,9614",INDPRO,2024-09-17
1963-09-01,"27,2302",INDPRO,2024-09-17
1963-10-01,"27,4184",INDPRO,2024-09-17
1963-11-01,"27,5528",INDPRO,2024-09-17
1963-12-01,"27,499",INDPRO,2024-09-17
1964-01-01,"27,7409",INDPRO,2024-09-17
1964-02-01,"27,9291",INDPRO,2024-09-17
1964-03-01,"27,9291",INDPRO,2024-09-17
1964-04-01,"28,3861",INDPRO,2024-09-17
1964-05-01,"28,5474",INDPRO,2024-09-17
1964-06-01,"28,628",INDPRO,2024-09-17
1964-07-01,"28,8162",INDPRO,2024-09-17
1964-08-01,"29,0043",INDPRO,2024-09-17
1964-09-01,"29,1119",INDPRO,2024-09-17
1964-10-01,"28,7087",INDPRO,2024-09-17
1964-11-01,"29,5957",INDPRO,2024-09-17
1964-12-01,"29,9452",INDPRO,2024-09-17
1965-01-01,"30,2677",INDPRO,2024-09-17
1965-02-01,"30,4559",INDPRO,2024-09-17
1965-03-01,"30,8591",INDPRO,2024-09-17
1965-04-01,"30,9935",INDPRO,2024-09-17
1965-05-01,"31,2354",INDPRO,2024-09-17
1965-06-01,"31,4774",INDPRO,2024-09-17
1965-07-01,"31,7731",INDPRO,2024-09-17
1965-08-01,"31,9075",INDPRO,2024-09-17
1965-09-01,"31,9881",INDPRO,2024-09-17
1965-10-01,"32,3107",INDPRO,2024-09-17
1965-11-01,"32,4451",INDPRO,2024-09-17
1965-12-01,"32,8483",INDPRO,2024-09-17
1966-01-01,"33,1709",INDPRO,2024-09-17
1966-02-01,"33,3859",INDPRO,2024-09-17
1966-03-01,"33,8429",INDPRO,2024-09-17
1966-04-01,"33,8967",INDPRO,2024-09-17
1966-05-01,"34,2192",INDPRO,2024-09-17
1966-06-01,"34,3805",INDPRO,2024-09-17
1966-07-01,"34,5687",INDPRO,2024-09-17
1966-08-01,"34,5955",INDPRO,2024-09-17
1966-09-01,"34,9181",INDPRO,2024-09-17
1966-10-01,"35,16",INDPRO,2024-09-17
1966-11-01,"34,9181",INDPRO,2024-09-17
1966-12-01,"34,9987",INDPRO,2024-09-17
1967-01-01,"35,1638",INDPRO,2024-09-17
1967-02-01,"34,765",INDPRO,2024-09-17
1967-03-01,"34,5691",INDPRO,2024-09-17
1967-04-01,"34,8951",INDPRO,2024-09-17
1967-05-01,"34,5907",INDPRO,2024-09-17
1967-06-01,"34,5863",INDPRO,2024-09-17
1967-07-01,"34,5076",INDPRO,2024-09-17
1967-08-01,"35,1687",INDPRO,2024-09-17
1967-09-01,"35,1116",INDPRO,2024-09-17
1967-10-01,"35,3976",INDPRO,2024-09-17
1967-11-01,"35,9038",INDPRO,2024-09-17
1967-12-01,"36,2905",INDPRO,2024-09-17
1968-01-01,"36,2514",INDPRO,2024-09-17
1968-02-01,"36,3813",INDPRO,2024-09-17
1968-03-01,"36,4949",INDPRO,2024-09-17
1968-04-01,"36,5477",INDPRO,2024-09-17
1968-05-01,"36,9577",INDPRO,2024-09-17
1968-06-01,"37,0934",INDPRO,2024-09-17
1968-07-01,"37,0366",INDPRO,2024-09-17
1968-08-01,"37,1399",INDPRO,2024-09-17
1968-09-01,"37,2806",INDPRO,2024-09-17
1968-10-01,"37,3546",INDPRO,2024-09-17
1968-11-01,"37,8378",INDPRO,2024-09-17
1968-12-01,"37,9573",INDPRO,2024-09-17
1969-01-01,"38,1869",INDPRO,2024-09-17
1969-02-01,"38,4313",INDPRO,2024-09-17
1969-03-01,"38,7326",INDPRO,2024-09-17
1969-04-01,"38,5901",INDPRO,2024-09-17
1969-05-01,"38,4443",INDPRO,2024-09-17
1969-06-01,"38,8198",INDPRO,2024-09-17
1969-07-01,"39,0248",INDPRO,2024-09-17
1969-08-01,"39,1145",INDPRO,2024-09-17
1969-09-01,"39,1057",INDPRO,2024-09-17
1969-10-01,"39,1171",INDPRO,2024-09-17
1969-11-01,"38,7484",INDPRO,2024-09-17
1969-12-01,"38,6444",INDPRO,2024-09-17
1970-01-01,"37,9288",INDPRO,2024-09-17
1970-02-01,"37,9038",INDPRO,2024-09-17
1970-03-01,"37,8546",INDPRO,2024-09-17
1970-04-01,"37,7573",INDPRO,2024-09-17
1970-05-01,"37,7133",INDPRO,2024-09-17
1970-06-01,"37,5913",INDPRO,2024-09-17
1970-07-01,"37,6836",INDPRO,2024-09-17
1970-08-01,"37,6164",INDPRO,2024-09-17
1970-09-01,"37,3571",INDPRO,2024-09-17
1970-10-01,"36,6098",INDPRO,2024-09-17
1970-11-01,"36,3881",INDPRO,2024-09-17
1970-12-01,"37,2237",INDPRO,2024-09-17
1971-01-01,"37,5101",INDPRO,2024-09-17
1971-02-01,"37,4386",INDPRO,2024-09-17
1971-03-01,"37,398",INDPRO,2024-09-17
1971-04-01,"37,608",INDPRO,2024-09-17
1971-05-01,"37,7989",INDPRO,2024-09-17
1971-06-01,"37,9574",INDPRO,2024-09-17
1971-07-01,"37,8472",INDPRO,2024-09-17
1971-08-01,"37,6276",INDPRO,2024-09-17
1971-09-01,"38,2391",INDPRO,2024-09-17
1971-10-01,"38,5253",INDPRO,2024-09-17
1971-11-01,"38,6888",INDPRO,2024-09-17
1971-12-01,"39,1355",INDPRO,2024-09-17
1972-01-01,"40,0728",INDPRO,2024-09-17
1972-02-01,"40,4789",INDPRO,2024-09-17
1972-03-01,"40,761",INDPRO,2024-09-17
1972-04-01,"41,1654",INDPRO,2024-09-17
1972-05-01,"41,1693",INDPRO,2024-09-17
1972-06-01,"41,2778",INDPRO,2024-09-17
1972-07-01,"41,2389",INDPRO,2024-09-17
1972-08-01,"41,805",INDPRO,2024-09-17
1972-09-01,"42,1288",INDPRO,2024-09-17
1972-10-01,"42,6703",INDPRO,2024-09-17
1972-11-01,"43,1755",INDPRO,2024-09-17
1972-12-01,"43,6617",INDPRO,2024-09-17
1973-01-01,"43,9783",INDPRO,2024-09-17
1973-02-01,"44,6103",INDPRO,2024-09-17
1973-03-01,"44,6294",INDPRO,2024-09-17
1973-04-01,"44,568",INDPRO,2024-09-17
1973-05-01,"44,8608",INDPRO,2024-09-17
1973-06-01,"44,9186",INDPRO,2024-09-17
1973-07-01,"45,085",INDPRO,2024-09-17
1973-08-01,"45,0221",INDPRO,2024-09-17
1973-09-01,"45,3801",INDPRO,2024-09-17
1973-10-01,"45,7462",INDPRO,2024-09-17
1973-11-01,"45,9548",INDPRO,2024-09-17
1973-12-01,"45,8252",INDPRO,2024-09-17
1974-01-01,"45,5207",INDPRO,2024-09-17
1974-02-01,"45,3825",INDPRO,2024-09-17
1974-03-01,"45,3798",INDPRO,2024-09-17
1974-04-01,"45,247",INDPRO,2024-09-17
1974-05-01,"45,6083",INDPRO,2024-09-17
1974-06-01,"45,5216",INDPRO,2024-09-17
1974-07-01,"45,6136",INDPRO,2024-09-17
1974-08-01,"45,1303",INDPRO,2024-09-17
1974-09-01,"45,1377",INDPRO,2024-09-17
1974-10-01,"44,995",INDPRO,2024-09-17
1974-11-01,"43,5148",INDPRO,2024-09-17
1974-12-01,"41,9503",INDPRO,2024-09-17
1975-01-01,"41,3689",INDPRO,2024-09-17
1975-02-01,"40,4252",INDPRO,2024-09-17
1975-03-01,"39,9804",INDPRO,2024-09-17
1975-04-01,"40,0572",INDPRO,2024-09-17
1975-05-01,"39,9402",INDPRO,2024-09-17
1975-06-01,"40,1927",INDPRO,2024-09-17
1975-07-01,"40,6115",INDPRO,2024-09-17
1975-08-01,"41,0114",INDPRO,2024-09-17
1975-09-01,"41,5422",INDPRO,2024-09-17
1975-10-01,"41,7224",INDPRO,2024-09-17
1975-11-01,"41,7797",INDPRO,2024-09-17
1975-12-01,"42,3462",INDPRO,2024-09-17
1976-01-01,"42,9082",INDPRO,2024-09-17
1976-02-01,"43,3407",INDPRO,2024-09-17
1976-03-01,"43,4281",INDPRO,2024-09-17
1976-04-01,"43,6518",INDPRO,2024-09-17
1976-05-01,"43,8315",INDPRO,2024-09-17
1976-06-01,"43,8775",INDPRO,2024-09-17
1976-07-01,"44,1248",INDPRO,2024-09-17
1976-08-01,"44,4262",INDPRO,2024-09-17
1976-09-01,"44,5711",INDPRO,2024-09-17
1976-10-01,"44,56",INDPRO,2024-09-17
1976-11-01,"45,2454",INDPRO,2024-09-17
1976-12-01,"45,731",INDPRO,2024-09-17
1977-01-01,"45,4156",INDPRO,2024-09-17
1977-02-01,"46,1358",INDPRO,2024-09-17
1977-03-01,"46,7158",INDPRO,2024-09-17
1977-04-01,"47,1719",INDPRO,2024-09-17
1977-05-01,"47,541",INDPRO,2024-09-17
1977-06-01,"47,9063",INDPRO,2024-09-17
1977-07-01,"47,9714",INDPRO,2024-09-17
1977-08-01,"48,0157",INDPRO,2024-09-17
1977-09-01,"48,2097",INDPRO,2024-09-17
1977-10-01,"48,2839",INDPRO,2024-09-17
1977-11-01,"48,3755",INDPRO,2024-09-17
1977-12-01,"48,4573",INDPRO,2024-09-17
1978-01-01,"47,7512",INDPRO,2024-09-17
1978-02-01,"48,0098",INDPRO,2024-09-17
1978-03-01,"48,9358",INDPRO,2024-09-17
1978-04-01,"49,9074",INDPRO,2024-09-17
1978-05-01,"50,1513",INDPRO,2024-09-17
1978-06-01,"50,4751",INDPRO,2024-09-17
1978-07-01,"50,4371",INDPRO,2024-09-17
1978-08-01,"50,6393",INDPRO,2024-09-17
1978-09-01,"50,7631",INDPRO,2024-09-17
1978-10-01,"51,1523",INDPRO,2024-09-17
1978-11-01,"51,5456",INDPRO,2024-09-17
1978-12-01,"51,806",INDPRO,2024-09-17
1979-01-01,"51,525",INDPRO,2024-09-17
1979-02-01,"51,778",INDPRO,2024-09-17
1979-03-01,"51,9382",INDPRO,2024-09-17
1979-04-01,"51,3251",INDPRO,2024-09-17
1979-05-01,"51,7782",INDPRO,2024-09-17
1979-06-01,"51,7865",INDPRO,2024-09-17
1979-07-01,"51,7029",INDPRO,2024-09-17
1979-08-01,"51,3658",INDPRO,2024-09-17
1979-09-01,"51,3623",INDPRO,2024-09-17
1979-10-01,"51,7175",INDPRO,2024-09-17
1979-11-01,"51,6341",INDPRO,2024-09-17
1979-12-01,"51,6694",INDPRO,2024-09-17
1980-01-01,"51,944",INDPRO,2024-09-17
1980-02-01,"51,9633",INDPRO,2024-09-17
1980-03-01,"51,7454",INDPRO,2024-09-17
1980-04-01,"50,7197",INDPRO,2024-09-17
1980-05-01,"49,4766",INDPRO,2024-09-17
1980-06-01,"48,8383",INDPRO,2024-09-17
1980-07-01,"48,4907",INDPRO,2024-09-17
1980-08-01,"48,6456",INDPRO,2024-09-17
1980-09-01,"49,4578",INDPRO,2024-09-17
1980-10-01,"50,0861",INDPRO,2024-09-17
1980-11-01,"50,9209",INDPRO,2024-09-17
1980-12-01,"51,257",INDPRO,2024-09-17
1981-01-01,"50,9328",INDPRO,2024-09-17
1981-02-01,"50,7237",INDPRO,2024-09-17
1981-03-01,"50,9806",INDPRO,2024-09-17
1981-04-01,"50,7661",INDPRO,2024-09-17
1981-05-01,"51,0552",INDPRO,2024-09-17
1981-06-01,"51,3214",INDPRO,2024-09-17
1981-07-01,"51,6555",INDPRO,2024-09-17
1981-08-01,"51,5903",INDPRO,2024-09-17
1981-09-01,"51,3429",INDPRO,2024-09-17
1981-10-01,"50,9463",INDPRO,2024-09-17
1981-11-01,"50,3546",INDPRO,2024-09-17
1981-12-01,"49,8086",INDPRO,2024-09-17
1982-01-01,"48,7877",INDPRO,2024-09-17
1982-02-01,"49,7839",INDPRO,2024-09-17
1982-03-01,"49,4477",INDPRO,2024-09-17
1982-04-01,"48,9913",INDPRO,2024-09-17
1982-05-01,"48,6669",INDPRO,2024-09-17
1982-06-01,"48,5415",INDPRO,2024-09-17
1982-07-01,"48,3775",INDPRO,2024-09-17
1982-08-01,"47,9382",INDPRO,2024-09-17
1982-09-01,"47,8139",INDPRO,2024-09-17
1982-10-01,"47,3575",INDPRO,2024-09-17
1982-11-01,"47,2078",INDPRO,2024-09-17
1982-12-01,"46,8713",INDPRO,2024-09-17
1983-01-01,"47,7398",INDPRO,2024-09-17
1983-02-01,"47,4484",INDPRO,2024-09-17
1983-03-01,"47,8426",INDPRO,2024-09-17
1983-04-01,"48,4483",INDPRO,2024-09-17
1983-05-01,"48,747",INDPRO,2024-09-17
1983-06-01,"49,0434",INDPRO,2024-09-17
1983-07-01,"49,7739",INDPRO,2024-09-17
1983-08-01,"50,364",INDPRO,2024-09-17
1983-09-01,"51,0937",INDPRO,2024-09-17
1983-10-01,"51,4902",INDPRO,2024-09-17
1983-11-01,"51,721",INDPRO,2024-09-17
1983-12-01,"51,9769",INDPRO,2024-09-17
1984-01-01,"53,0088",INDPRO,2024-09-17
1984-02-01,"53,2486",INDPRO,2024-09-17
1984-03-01,"53,5028",INDPRO,2024-09-17
1984-04-01,"53,8233",INDPRO,2024-09-17
1984-05-01,"54,1104",INDPRO,2024-09-17
1984-06-01,"54,3075",INDPRO,2024-09-17
1984-07-01,"54,4587",INDPRO,2024-09-17
1984-08-01,"54,5239",INDPRO,2024-09-17
1984-09-01,"54,3696",INDPRO,2024-09-17
1984-10-01,"54,3474",INDPRO,2024-09-17
1984-11-01,"54,529",INDPRO,2024-09-17
1984-12-01,"54,5556",INDPRO,2024-09-17
1985-01-01,"54,527",INDPRO,2024-09-17
1985-02-01,"54,6871",INDPRO,2024-09-17
1985-03-01,"54,7673",INDPRO,2024-09-17
1985-04-01,"54,6467",INDPRO,2024-09-17
1985-05-01,"54,7396",INDPRO,2024-09-17
1985-06-01,"54,711",INDPRO,2024-09-17
1985-07-01,"54,4365",INDPRO,2024-09-17
1985-08-01,"54,6121",INDPRO,2024-09-17
1985-09-01,"54,8147",INDPRO,2024-09-17
1985-10-01,"54,6228",INDPRO,2024-09-17
1985-11-01,"54,8123",INDPRO,2024-09-17
1985-12-01,"55,3553",INDPRO,2024-09-17
1986-01-01,"55,6453",INDPRO,2024-09-17
1986-02-01,"55,2634",INDPRO,2024-09-17
1986-03-01,"54,8728",INDPRO,2024-09-17
1986-04-01,"54,935",INDPRO,2024-09-17
1986-05-01,"55,0399",INDPRO,2024-09-17
1986-06-01,"54,826",INDPRO,2024-09-17
1986-07-01,"55,167",INDPRO,2024-09-17
1986-08-01,"55,0726",INDPRO,2024-09-17
1986-09-01,"55,2237",INDPRO,2024-09-17
1986-10-01,"55,4589",INDPRO,2024-09-17
1986-11-01,"55,6763",INDPRO,2024-09-17
1986-12-01,"56,2078",INDPRO,2024-09-17
1987-01-01,"55,9911",INDPRO,2024-09-17
1987-02-01,"56,7373",INDPRO,2024-09-17
1987-03-01,"56,8136",INDPRO,2024-09-17
1987-04-01,"57,185",INDPRO,2024-09-17
1987-05-01,"57,5424",INDPRO,2024-09-17
1987-06-01,"57,8502",INDPRO,2024-09-17
1987-07-01,"58,2421",INDPRO,2024-09-17
1987-08-01,"58,6784",INDPRO,2024-09-17
1987-09-01,"58,9088",INDPRO,2024-09-17
1987-10-01,"59,7008",INDPRO,2024-09-17
1987-11-01,"59,9956",INDPRO,2024-09-17
1987-12-01,"60,3246",INDPRO,2024-09-17
1988-01-01,"60,309",INDPRO,2024-09-17
1988-02-01,"60,6122",INDPRO,2024-09-17
1988-03-01,"60,7452",INDPRO,2024-09-17
1988-04-01,"61,108",INDPRO,2024-09-17
1988-05-01,"60,9843",INDPRO,2024-09-17
1988-06-01,"61,1615",INDPRO,2024-09-17
1988-07-01,"61,171",INDPRO,2024-09-17
1988-08-01,"61,4771",INDPRO,2024-09-17
1988-09-01,"61,2785",INDPRO,2024-09-17
1988-10-01,"61,5488",INDPRO,2024-09-17
1988-11-01,"61,7049",INDPRO,2024-09-17
1988-12-01,"61,9851",INDPRO,2024-09-17
1989-01-01,"62,1677",INDPRO,2024-09-17
1989-02-01,"61,8916",INDPRO,2024-09-17
1989-03-01,"62,0508",INDPRO,2024-09-17
1989-04-01,"62,0289",INDPRO,2024-09-17
1989-05-01,"61,6871",INDPRO,2024-09-17
1989-06-01,"61,6857",INDPRO,2024-09-17
1989-07-01,"61,0896",INDPRO,2024-09-17
1989-08-01,"61,6847",INDPRO,2024-09-17
1989-09-01,"61,4794",INDPRO,2024-09-17
1989-10-01,"61,4014",INDPRO,2024-09-17
1989-11-01,"61,6081",INDPRO,2024-09-17
1989-12-01,"61,9588",INDPRO,2024-09-17
1990-01-01,"61,6352",INDPRO,2024-09-17
1990-02-01,"62,1951",INDPRO,2024-09-17
1990-03-01,"62,4916",INDPRO,2024-09-17
1990-04-01,"62,3511",INDPRO,2024-09-17
1990-05-01,"62,5353",INDPRO,2024-09-17
1990-06-01,"62,7479",INDPRO,2024-09-17
1990-07-01,"62,6435",INDPRO,2024-09-17
1990-08-01,"62,8704",INDPRO,2024-09-17
1990-09-01,"62,8839",INDPRO,2024-09-17
1990-10-01,"62,4973",INDPRO,2024-09-17
1990-11-01,"61,7175",INDPRO,2024-09-17
1990-12-01,"61,2885",INDPRO,2024-09-17
1991-01-01,"61,0842",INDPRO,2024-09-17
1991-02-01,"60,6387",INDPRO,2024-09-17
1991-03-01,"60,2973",INDPRO,2024-09-17
1991-04-01,"60,4524",INDPRO,2024-09-17
1991-05-01,"61,0587",INDPRO,2024-09-17
1991-06-01,"61,5514",INDPRO,2024-09-17
1991-07-01,"61,7201",INDPRO,2024-09-17
1991-08-01,"61,7289",INDPRO,2024-09-17
1991-09-01,"62,2369",INDPRO,2024-09-17
1991-10-01,"62,1718",INDPRO,2024-09-17
1991-11-01,"62,0894",INDPRO,2024-09-17
1991-12-01,"61,806",INDPRO,2024-09-17
1992-01-01,"61,4823",INDPRO,2024-09-17
1992-02-01,"61,9192",INDPRO,2024-09-17
1992-03-01,"62,4403",INDPRO,2024-09-17
1992-04-01,"62,9199",INDPRO,2024-09-17
1992-05-01,"63,1268",INDPRO,2024-09-17
1992-06-01,"63,1624",INDPRO,2024-09-17
1992-07-01,"63,7348",INDPRO,2024-09-17
1992-08-01,"63,3802",INDPRO,2024-09-17
1992-09-01,"63,5834",INDPRO,2024-09-17
1992-10-01,"64,0178",INDPRO,2024-09-17
1992-11-01,"64,2628",INDPRO,2024-09-17
1992-12-01,"64,3599",INDPRO,2024-09-17
1993-01-01,"64,6135",INDPRO,2024-09-17
1993-02-01,"64,9262",INDPRO,2024-09-17
1993-03-01,"64,8627",INDPRO,2024-09-17
1993-04-01,"65,0423",INDPRO,2024-09-17
1993-05-01,"64,8006",INDPRO,2024-09-17
1993-06-01,"64,9476",INDPRO,2024-09-17
1993-07-01,"65,1142",INDPRO,2024-09-17
1993-08-01,"65,0421",INDPRO,2024-09-17
1993-09-01,"65,3749",INDPRO,2024-09-17
1993-10-01,"65,863",INDPRO,2024-09-17
1993-11-01,"66,1696",INDPRO,2024-09-17
1993-12-01,"66,5531",INDPRO,2024-09-17
1994-01-01,"66,7591",INDPRO,2024-09-17
1994-02-01,"66,8019",INDPRO,2024-09-17
1994-03-01,"67,4704",INDPRO,2024-09-17
1994-04-01,"67,8707",INDPRO,2024-09-17
1994-05-01,"68,187",INDPRO,2024-09-17
1994-06-01,"68,645",INDPRO,2024-09-17
1994-07-01,"68,7317",INDPRO,2024-09-17
1994-08-01,"69,1882",INDPRO,2024-09-17
1994-09-01,"69,3935",INDPRO,2024-09-17
1994-10-01,"69,9576",INDPRO,2024-09-17
1994-11-01,"70,4288",INDPRO,2024-09-17
1994-12-01,"71,1273",INDPRO,2024-09-17
1995-01-01,"71,2635",INDPRO,2024-09-17
1995-02-01,"71,1758",INDPRO,2024-09-17
1995-03-01,"71,2796",INDPRO,2024-09-17
1995-04-01,"71,1538",INDPRO,2024-09-17
1995-05-01,"71,4997",INDPRO,2024-09-17
1995-06-01,"71,7327",INDPRO,2024-09-17
1995-07-01,"71,4334",INDPRO,2024-09-17
1995-08-01,"72,3723",INDPRO,2024-09-17
1995-09-01,"72,6543",INDPRO,2024-09-17
1995-10-01,"72,5336",INDPRO,2024-09-17
1995-11-01,"72,717",INDPRO,2024-09-17
1995-12-01,"72,9638",INDPRO,2024-09-17
1996-01-01,"72,5712",INDPRO,2024-09-17
1996-02-01,"73,6207",INDPRO,2024-09-17
1996-03-01,"73,5141",INDPRO,2024-09-17
1996-04-01,"74,2491",INDPRO,2024-09-17
1996-05-01,"74,8142",INDPRO,2024-09-17
1996-06-01,"75,3726",INDPRO,2024-09-17
1996-07-01,"75,3738",INDPRO,2024-09-17
1996-08-01,"75,7557",INDPRO,2024-09-17
1996-09-01,"76,2302",INDPRO,2024-09-17
1996-10-01,"76,2157",INDPRO,2024-09-17
1996-11-01,"76,8973",INDPRO,2024-09-17
1996-12-01,"77,3772",INDPRO,2024-09-17
1997-01-01,"77,5135",INDPRO,2024-09-17
1997-02-01,"78,4255",INDPRO,2024-09-17
1997-03-01,"78,9197",INDPRO,2024-09-17
1997-04-01,"78,9848",INDPRO,2024-09-17
1997-05-01,"79,4296",INDPRO,2024-09-17
1997-06-01,"79,7971",INDPRO,2024-09-17
1997-07-01,"80,4666",INDPRO,2024-09-17
1997-08-01,"81,2825",INDPRO,2024-09-17
1997-09-01,"82,0327",INDPRO,2024-09-17
1997-10-01,"82,7656",INDPRO,2024-09-17
1997-11-01,"83,427",INDPRO,2024-09-17
1997-12-01,"83,784",INDPRO,2024-09-17
1998-01-01,"84,1564",INDPRO,2024-09-17
1998-02-01,"84,3066",INDPRO,2024-09-17
1998-03-01,"84,342",INDPRO,2024-09-17
1998-04-01,"84,6339",INDPRO,2024-09-17
1998-05-01,"85,1867",INDPRO,2024-09-17
1998-06-01,"84,6809",INDPRO,2024-09-17
1998-07-01,"84,3445",INDPRO,2024-09-17
1998-08-01,"86,0816",INDPRO,2024-09-17
1998-09-01,"86,0023",INDPRO,2024-09-17
1998-10-01,"86,591",INDPRO,2024-09-17
1998-11-01,"86,5115",INDPRO,2024-09-17
1998-12-01,"86,8615",INDPRO,2024-09-17
1999-01-01,"87,2205",INDPRO,2024-09-17
1999-02-01,"87,726",INDPRO,2024-09-17
1999-03-01,"87,9125",INDPRO,2024-09-17
1999-04-01,"88,1082",INDPRO,2024-09-17
1999-05-01,"88,6483",INDPRO,2024-09-17
1999-06-01,"88,5903",INDPRO,2024-09-17
1999-07-01,"89,1098",INDPRO,2024-09-17
1999-08-01,"89,5007",INDPRO,2024-09-17
1999-09-01,"89,1304",INDPRO,2024-09-17
1999-10-01,"90,2709",INDPRO,2024-09-17
1999-11-01,"90,7528",INDPRO,2024-09-17
1999-12-01,"91,4784",INDPRO,2024-09-17
2000-01-01,"91,4092",INDPRO,2024-09-17
2000-02-01,"91,7245",INDPRO,2024-09-17
2000-03-01,"92,083",INDPRO,2024-09-17
2000-04-01,"92,6659",INDPRO,2024-09-17
2000-05-01,"92,9347",INDPRO,2024-09-17
2000-06-01,"93,0018",INDPRO,2024-09-17
2000-07-01,"92,8373",INDPRO,2024-09-17
2000-08-01,"92,591",INDPRO,2024-09-17
2000-09-01,"92,9827",INDPRO,2024-09-17
2000-10-01,"92,64",INDPRO,2024-09-17
2000-11-01,"92,6604",INDPRO,2024-09-17
2000-12-01,"92,3457",INDPRO,2024-09-17
2001-01-01,"91,8908",INDPRO,2024-09-17
2001-02-01,"91,2851",INDPRO,2024-09-17
2001-03-01,"91,0585",INDPRO,2024-09-17
2001-04-01,"90,7384",INDPRO,2024-09-17
2001-05-01,"90,2607",INDPRO,2024-09-17
2001-06-01,"89,7811",INDPRO,2024-09-17
2001-07-01,"89,2352",INDPRO,2024-09-17
2001-08-01,"89,157",INDPRO,2024-09-17
2001-09-01,"88,6749",INDPRO,2024-09-17
2001-10-01,"88,4051",INDPRO,2024-09-17
2001-11-01,"87,886",INDPRO,2024-09-17
2001-12-01,"87,8518",INDPRO,2024-09-17
2002-01-01,"88,4634",INDPRO,2024-09-17
2002-02-01,"88,4578",INDPRO,2024-09-17
2002-03-01,"89,1265",INDPRO,2024-09-17
2002-04-01,"89,5507",INDPRO,2024-09-17
2002-05-01,"89,9348",INDPRO,2024-09-17
2002-06-01,"90,6736",INDPRO,2024-09-17
2002-07-01,"90,6436",INDPRO,2024-09-17
2002-08-01,"90,5505",INDPRO,2024-09-17
2002-09-01,"90,6373",INDPRO,2024-09-17
2002-10-01,"90,3988",INDPRO,2024-09-17
2002-11-01,"90,8947",INDPRO,2024-09-17
2002-12-01,"90,3906",INDPRO,2024-09-17
2003-01-01,"91,1369",INDPRO,2024-09-17
2003-02-01,"91,2505",INDPRO,2024-09-17
2003-03-01,"91,0006",INDPRO,2024-09-17
2003-04-01,"90,4311",INDPRO,2024-09-17
2003-05-01,"90,4",INDPRO,2024-09-17
2003-06-01,"90,5196",INDPRO,2024-09-17
2003-07-01,"90,9869",INDPRO,2024-09-17
2003-08-01,"90,7933",INDPRO,2024-09-17
2003-09-01,"91,3819",INDPRO,2024-09-17
2003-10-01,"91,5049",INDPRO,2024-09-17
2003-11-01,"92,1265",INDPRO,2024-09-17
2003-12-01,"92,1732",INDPRO,2024-09-17
2004-01-01,"92,3268",INDPRO,2024-09-17
2004-02-01,"92,8995",INDPRO,2024-09-17
2004-03-01,"92,5368",INDPRO,2024-09-17
2004-04-01,"92,8957",INDPRO,2024-09-17
2004-05-01,"93,5845",INDPRO,2024-09-17
2004-06-01,"92,8651",INDPRO,2024-09-17
2004-07-01,"93,5502",INDPRO,2024-09-17
2004-08-01,"93,6301",INDPRO,2024-09-17
2004-09-01,"93,7353",INDPRO,2024-09-17
2004-10-01,"94,5695",INDPRO,2024-09-17
2004-11-01,"94,8015",INDPRO,2024-09-17
2004-12-01,"95,5415",INDPRO,2024-09-17
2005-01-01,"95,8785",INDPRO,2024-09-17
2005-02-01,"96,5709",INDPRO,2024-09-17
2005-03-01,"96,4345",INDPRO,2024-09-17
2005-04-01,"96,6347",INDPRO,2024-09-17
2005-05-01,"96,7251",INDPRO,2024-09-17
2005-06-01,"97,1483",INDPRO,2024-09-17
2005-07-01,"96,8397",INDPRO,2024-09-17
2005-08-01,"97,1584",INDPRO,2024-09-17
2005-09-01,"95,2764",INDPRO,2024-09-17
2005-10-01,"96,4411",INDPRO,2024-09-17
2005-11-01,"97,5016",INDPRO,2024-09-17
2005-12-01,"97,9723",INDPRO,2024-09-17
2006-01-01,"98,127",INDPRO,2024-09-17
2006-02-01,"98,1687",INDPRO,2024-09-17
2006-03-01,"98,3913",INDPRO,2024-09-17
2006-04-01,"98,6826",INDPRO,2024-09-17
2006-05-01,"98,7074",INDPRO,2024-09-17
2006-06-01,"99,0398",INDPRO,2024-09-17
2006-07-01,"98,9751",INDPRO,2024-09-17
2006-08-01,"99,4047",INDPRO,2024-09-17
2006-09-01,"99,2246",INDPRO,2024-09-17
2006-10-01,"99,1229",INDPRO,2024-09-17
2006-11-01,"99,0963",INDPRO,2024-09-17
2006-12-01,"100,1125",INDPRO,2024-09-17
2007-01-01,"99,7546",INDPRO,2024-09-17
2007-02-01,"100,7166",INDPRO,2024-09-17
2007-03-01,"100,8952",INDPRO,2024-09-17
2007-04-01,"101,5723",INDPRO,2024-09-17
2007-05-01,"101,6269",INDPRO,2024-09-17
2007-06-01,"101,6547",INDPRO,2024-09-17
2007-07-01,"101,4953",INDPRO,2024-09-17
2007-08-01,"101,6943",INDPRO,2024-09-17
2007-09-01,"101,9428",INDPRO,2024-09-17
2007-10-01,"101,6446",INDPRO,2024-09-17
2007-11-01,"102,2167",INDPRO,2024-09-17
2007-12-01,"102,2764",INDPRO,2024-09-17
2008-01-01,"102,1493",INDPRO,2024-09-17
2008-02-01,"101,7756",INDPRO,2024-09-17
2008-03-01,"101,4508",INDPRO,2024-09-17
2008-04-01,"100,7554",INDPRO,2024-09-17
2008-05-01,"100,1336",INDPRO,2024-09-17
2008-06-01,"99,8728",INDPRO,2024-09-17
2008-07-01,"99,4194",INDPRO,2024-09-17
2008-08-01,"97,8491",INDPRO,2024-09-17
2008-09-01,"93,5576",INDPRO,2024-09-17
2008-10-01,"94,4985",INDPRO,2024-09-17
2008-11-01,"93,2617",INDPRO,2024-09-17
2008-12-01,"90,6266",INDPRO,2024-09-17
2009-01-01,"88,3712",INDPRO,2024-09-17
2009-02-01,"87,843",INDPRO,2024-09-17
2009-03-01,"86,4689",INDPRO,2024-09-17
2009-04-01,"85,7903",INDPRO,2024-09-17
2009-05-01,"84,9436",INDPRO,2024-09-17
2009-06-01,"84,6746",INDPRO,2024-09-17
2009-07-01,"85,6853",INDPRO,2024-09-17
2009-08-01,"86,6393",INDPRO,2024-09-17
2009-09-01,"87,3821",INDPRO,2024-09-17
2009-10-01,"87,5809",INDPRO,2024-09-17
2009-11-01,"87,9388",INDPRO,2024-09-17
2009-12-01,"88,2404",INDPRO,2024-09-17
2010-01-01,"89,1897",INDPRO,2024-09-17
2010-02-01,"89,5046",INDPRO,2024-09-17
2010-03-01,"90,1356",INDPRO,2024-09-17
2010-04-01,"90,4607",INDPRO,2024-09-17
2010-05-01,"91,7014",INDPRO,2024-09-17
2010-06-01,"91,9033",INDPRO,2024-09-17
2010-07-01,"92,2549",INDPRO,2024-09-17
2010-08-01,"92,5936",INDPRO,2024-09-17
2010-09-01,"92,8533",INDPRO,2024-09-17
2010-10-01,"92,6033",INDPRO,2024-09-17
2010-11-01,"92,6686",INDPRO,2024-09-17
2010-12-01,"93,5916",INDPRO,2024-09-17
2011-01-01,"93,3889",INDPRO,2024-09-17
2011-02-01,"93,0045",INDPRO,2024-09-17
2011-03-01,"93,9684",INDPRO,2024-09-17
2011-04-01,"93,6571",INDPRO,2024-09-17
2011-05-01,"93,7723",INDPRO,2024-09-17
2011-06-01,"94,0493",INDPRO,2024-09-17
2011-07-01,"94,4958",INDPRO,2024-09-17
2011-08-01,"95,0974",INDPRO,2024-09-17
2011-09-01,"95,0244",INDPRO,2024-09-17
2011-10-01,"95,6891",INDPRO,2024-09-17
2011-11-01,"95,6778",INDPRO,2024-09-17
2011-12-01,"96,1809",INDPRO,2024-09-17
2012-01-01,"96,7595",INDPRO,2024-09-17
2012-02-01,"97,0662",INDPRO,2024-09-17
2012-03-01,"96,5609",INDPRO,2024-09-17
2012-04-01,"97,251",INDPRO,2024-09-17
2012-05-01,"97,4595",INDPRO,2024-09-17
2012-06-01,"97,4768",INDPRO,2024-09-17
2012-07-01,"97,6714",INDPRO,2024-09-17
2012-08-01,"97,2734",INDPRO,2024-09-17
2012-09-01,"97,2217",INDPRO,2024-09-17
2012-10-01,"97,5311",INDPRO,2024-09-17
2012-11-01,"97,9084",INDPRO,2024-09-17
2012-12-01,"98,1884",INDPRO,2024-09-17
2013-01-01,"98,1736",INDPRO,2024-09-17
2013-02-01,"98,6434",INDPRO,2024-09-17
2013-03-01,"99,047",INDPRO,2024-09-17
2013-04-01,"98,9445",INDPRO,2024-09-17
2013-05-01,"99,0383",INDPRO,2024-09-17
2013-06-01,"99,2221",INDPRO,2024-09-17
2013-07-01,"98,8987",INDPRO,2024-09-17
2013-08-01,"99,4897",INDPRO,2024-09-17
2013-09-01,"100,021",INDPRO,2024-09-17
2013-10-01,"99,9037",INDPRO,2024-09-17
2013-11-01,"100,1582",INDPRO,2024-09-17
2013-12-01,"100,374",INDPRO,2024-09-17
2014-01-01,"99,9899",INDPRO,2024-09-17
2014-02-01,"100,7471",INDPRO,2024-09-17
2014-03-01,"101,7435",INDPRO,2024-09-17
2014-04-01,"101,8273",INDPRO,2024-09-17
2014-05-01,"102,2392",INDPRO,2024-09-17
2014-06-01,"102,5774",INDPRO,2024-09-17
2014-07-01,"102,7954",INDPRO,2024-09-17
2014-08-01,"102,6322",INDPRO,2024-09-17
2014-09-01,"102,9417",INDPRO,2024-09-17
2014-10-01,"102,9611",INDPRO,2024-09-17
2014-11-01,"103,5978",INDPRO,2024-09-17
2014-12-01,"103,6151",INDPRO,2024-09-17
2015-01-01,"102,7923",INDPRO,2024-09-17
2015-02-01,"102,1366",INDPRO,2024-09-17
2015-03-01,"101,7869",INDPRO,2024-09-17
2015-04-01,"101,2255",INDPRO,2024-09-17
2015-05-01,"100,7675",INDPRO,2024-09-17
2015-06-01,"100,4588",INDPRO,2024-09-17
2015-07-01,"101,0893",INDPRO,2024-09-17
2015-08-01,"100,9165",INDPRO,2024-09-17
2015-09-01,"100,633",INDPRO,2024-09-17
2015-10-01,"100,1563",INDPRO,2024-09-17
2015-11-01,"99,4366",INDPRO,2024-09-17
2015-12-01,"98,9471",INDPRO,2024-09-17
2016-01-01,"99,4391",INDPRO,2024-09-17
2016-02-01,"98,9232",INDPRO,2024-09-17
2016-03-01,"98,1635",INDPRO,2024-09-17
2016-04-01,"98,4775",INDPRO,2024-09-17
2016-05-01,"98,2549",INDPRO,2024-09-17
2016-06-01,"98,7315",INDPRO,2024-09-17
2016-07-01,"98,8452",INDPRO,2024-09-17
2016-08-01,"98,7427",INDPRO,2024-09-17
2016-09-01,"98,6552",INDPRO,2024-09-17
2016-10-01,"98,7237",INDPRO,2024-09-17
2016-11-01,"98,3443",INDPRO,2024-09-17
2016-12-01,"99,0406",INDPRO,2024-09-17
2017-01-01,"98,8158",INDPRO,2024-09-17
2017-02-01,"98,4356",INDPRO,2024-09-17
2017-03-01,"99,0492",INDPRO,2024-09-17
2017-04-01,"100,0416",INDPRO,2024-09-17
2017-05-01,"100,128",INDPRO,2024-09-17
2017-06-01,"100,337",INDPRO,2024-09-17
2017-07-01,"100,0865",INDPRO,2024-09-17
2017-08-01,"99,6323",INDPRO,2024-09-17
2017-09-01,"99,7482",INDPRO,2024-09-17
2017-10-01,"100,9893",INDPRO,2024-09-17
2017-11-01,"101,2493",INDPRO,2024-09-17
2017-12-01,"101,4871",INDPRO,2024-09-17
2018-01-01,"101,4852",INDPRO,2024-09-17
2018-02-01,"101,7319",INDPRO,2024-09-17
2018-03-01,"102,1943",INDPRO,2024-09-17
2018-04-01,"103,3551",INDPRO,2024-09-17
2018-05-01,"102,381",INDPRO,2024-09-17
2018-06-01,"103,2256",INDPRO,2024-09-17
2018-07-01,"103,3561",INDPRO,2024-09-17
2018-08-01,"104,0585",INDPRO,2024-09-17
2018-09-01,"104,1038",INDPRO,2024-09-17
2018-10-01,"103,9297",INDPRO,2024-09-17
2018-11-01,"104,0126",INDPRO,2024-09-17
2018-12-01,"104,0451",INDPRO,2024-09-17
2019-01-01,"103,3598",INDPRO,2024-09-17
2019-02-01,"102,8251",INDPRO,2024-09-17
2019-03-01,"102,8361",INDPRO,2024-09-17
2019-04-01,"102,2748",INDPRO,2024-09-17
2019-05-01,"102,4176",INDPRO,2024-09-17
2019-06-01,"102,5425",INDPRO,2024-09-17
2019-07-01,"102,0057",INDPRO,2024-09-17
2019-08-01,"102,7814",INDPRO,2024-09-17
2019-09-01,"102,4601",INDPRO,2024-09-17
2019-10-01,"101,5878",INDPRO,2024-09-17
2019-11-01,"102,1494",INDPRO,2024-09-17
2019-12-01,"101,9421",INDPRO,2024-09-17
2020-01-01,"101,3372",INDPRO,2024-09-17
2020-02-01,"101,6718",INDPRO,2024-09-17
2020-03-01,"97,606",INDPRO,2024-09-17
2020-04-01,"84,6812",INDPRO,2024-09-17
2020-05-01,"86,0108",INDPRO,2024-09-17
2020-06-01,"91,6745",INDPRO,2024-09-17
2020-07-01,"95,0037",INDPRO,2024-09-17
2020-08-01,"95,9294",INDPRO,2024-09-17
2020-09-01,"95,8914",INDPRO,2024-09-17
2020-10-01,"96,5256",INDPRO,2024-09-17
2020-11-01,"96,9529",INDPRO,2024-09-17
2020-12-01,"98,2039",INDPRO,2024-09-17
2021-01-01,"98,8135",INDPRO,2024-09-17
2021-02-01,"95,5072",INDPRO,2024-09-17
2021-03-01,"98,1929",INDPRO,2024-09-17
2021-04-01,"98,3317",INDPRO,2024-09-17
2021-05-01,"99,1867",INDPRO,2024-09-17
2021-06-01,"99,6483",INDPRO,2024-09-17
2021-07-01,"100,0668",INDPRO,2024-09-17
2021-08-01,"100,0412",INDPRO,2024-09-17
2021-09-01,"98,9955",INDPRO,2024-09-17
2021-10-01,"100,3542",INDPRO,2024-09-17
2021-11-01,"101,2684",INDPRO,2024-09-17
2021-12-01,"101,1948",INDPRO,2024-09-17
2022-01-01,"101,2146",INDPRO,2024-09-17
2022-02-01,"101,8458",INDPRO,2024-09-17
2022-03-01,"102,6732",INDPRO,2024-09-17
2022-04-01,"102,9024",INDPRO,2024-09-17
2022-05-01,"102,9659",INDPRO,2024-09-17
2022-06-01,"102,8224",INDPRO,2024-09-17
2022-07-01,"103,0505",INDPRO,2024-09-17
2022-08-01,"103,1703",INDPRO,2024-09-17
2022-09-01,"103,5326",INDPRO,2024-09-17
2022-10-01,"103,4442",INDPRO,2024-09-17
2022-11-01,"103,1058",INDPRO,2024-09-17
2022-12-01,"101,8266",INDPRO,2024-09-17
2023-01-01,"102,7476",INDPRO,2024-09-17
2023-02-01,"102,8003",INDPRO,2024-09-17
2023-03-01,"102,8143",INDPRO,2024-09-17
2023-04-01,"103,2241",INDPRO,2024-09-17
2023-05-01,"102,9809",INDPRO,2024-09-17
2023-06-01,"102,3809",INDPRO,2024-09-17
2023-07-01,"103,0722",INDPRO,2024-09-17
2023-08-01,"103,0951",INDPRO,2024-09-17
2023-09-01,"103,3081",INDPRO,2024-09-17
2023-10-01,"102,5781",INDPRO,2024-09-17
2023-11-01,"102,8868",INDPRO,2024-09-17
2023-12-01,"102,6309",INDPRO,2024-09-17
2024-01-01,"101,483",INDPRO,2024-09-17
2024-02-01,"102,7267",INDPRO,2024-09-17
2024-03-01,"102,5186",INDPRO,2024-09-17
2024-04-01,"102,4479",INDPRO,2024-09-17
2024-05-01,"103,2156",INDPRO,2024-09-17
2024-06-01,"103,2798",INDPRO,2024-09-17
2024-07-01,"102,3058",INDPRO,2024-09-17
2024-08-01,"103,1389",INDPRO,2024-09-17
1967-01-01,"89,3902",TCU,2024-09-17
1967-02-01,"87,975",TCU,2024-09-17
1967-03-01,"87,0835",TCU,2024-09-17
1967-04-01,"87,5089",TCU,2024-09-17
1967-05-01,"86,3566",TCU,2024-09-17
1967-06-01,"85,9603",TCU,2024-09-17
1967-07-01,"85,3833",TCU,2024-09-17
1967-08-01,"86,6339",TCU,2024-09-17
1967-09-01,"86,1122",TCU,2024-09-17
1967-10-01,"86,4325",TCU,2024-09-17
1967-11-01,"87,2856",TCU,2024-09-17
1967-12-01,"87,8417",TCU,2024-09-17
1968-01-01,"87,3848",TCU,2024-09-17
1968-02-01,"87,3505",TCU,2024-09-17
1968-03-01,"87,2771",TCU,2024-09-17
1968-04-01,"87,0597",TCU,2024-09-17
1968-05-01,"87,6912",TCU,2024-09-17
1968-06-01,"87,6698",TCU,2024-09-17
1968-07-01,"87,1949",TCU,2024-09-17
1968-08-01,"87,0994",TCU,2024-09-17
1968-09-01,"87,0919",TCU,2024-09-17
1968-10-01,"86,9292",TCU,2024-09-17
1968-11-01,"87,7164",TCU,2024-09-17
1968-12-01,"87,6575",TCU,2024-09-17
1969-01-01,"87,8611",TCU,2024-09-17
1969-02-01,"88,1058",TCU,2024-09-17
1969-03-01,"88,4785",TCU,2024-09-17
1969-04-01,"87,8384",TCU,2024-09-17
1969-05-01,"87,195",TCU,2024-09-17
1969-06-01,"87,7348",TCU,2024-09-17
1969-07-01,"87,8864",TCU,2024-09-17
1969-08-01,"87,7781",TCU,2024-09-17
1969-09-01,"87,4506",TCU,2024-09-17
1969-10-01,"87,1703",TCU,2024-09-17
1969-11-01,"86,0477",TCU,2024-09-17
1969-12-01,"85,5187",TCU,2024-09-17
1970-01-01,"83,658",TCU,2024-09-17
1970-02-01,"83,3417",TCU,2024-09-17
1970-03-01,"82,9738",TCU,2024-09-17
1970-04-01,"82,5031",TCU,2024-09-17
1970-05-01,"82,1514",TCU,2024-09-17
1970-06-01,"81,6327",TCU,2024-09-17
1970-07-01,"81,5808",TCU,2024-09-17
1970-08-01,"81,1851",TCU,2024-09-17
1970-09-01,"80,3785",TCU,2024-09-17
1970-10-01,"78,53",TCU,2024-09-17
1970-11-01,"77,8167",TCU,2024-09-17
1970-12-01,"79,3621",TCU,2024-09-17
1971-01-01,"79,7493",TCU,2024-09-17
1971-02-01,"79,395",TCU,2024-09-17
1971-03-01,"79,1076",TCU,2024-09-17
1971-04-01,"79,3504",TCU,2024-09-17
1971-05-01,"79,5515",TCU,2024-09-17
1971-06-01,"79,6838",TCU,2024-09-17
1971-07-01,"79,2527",TCU,2024-09-17
1971-08-01,"78,595",TCU,2024-09-17
1971-09-01,"79,6725",TCU,2024-09-17
1971-10-01,"80,0684",TCU,2024-09-17
1971-11-01,"80,208",TCU,2024-09-17
1971-12-01,"80,9324",TCU,2024-09-17
1972-01-01,"82,6617",TCU,2024-09-17
1972-02-01,"83,3036",TCU,2024-09-17
1972-03-01,"83,6835",TCU,2024-09-17
1972-04-01,"84,3072",TCU,2024-09-17
1972-05-01,"84,1065",TCU,2024-09-17
1972-06-01,"84,1147",TCU,2024-09-17
1972-07-01,"83,8181",TCU,2024-09-17
1972-08-01,"84,7411",TCU,2024-09-17
1972-09-01,"85,1601",TCU,2024-09-17
1972-10-01,"86,0048",TCU,2024-09-17
1972-11-01,"86,7608",TCU,2024-09-17
1972-12-01,"87,4648",TCU,2024-09-17
1973-01-01,"87,8201",TCU,2024-09-17
1973-02-01,"88,7918",TCU,2024-09-17
1973-03-01,"88,5335",TCU,2024-09-17
1973-04-01,"88,1132",TCU,2024-09-17
1973-05-01,"88,3877",TCU,2024-09-17
1973-06-01,"88,1945",TCU,2024-09-17
1973-07-01,"88,216",TCU,2024-09-17
1973-08-01,"87,793",TCU,2024-09-17
1973-09-01,"88,1943",TCU,2024-09-17
1973-10-01,"88,6136",TCU,2024-09-17
1973-11-01,"88,732",TCU,2024-09-17
1973-12-01,"88,2077",TCU,2024-09-17
1974-01-01,"87,3558",TCU,2024-09-17
1974-02-01,"86,8371",TCU,2024-09-17
1974-03-01,"86,5891",TCU,2024-09-17
1974-04-01,"86,1068",TCU,2024-09-17
1974-05-01,"86,5741",TCU,2024-09-17
1974-06-01,"86,1998",TCU,2024-09-17
1974-07-01,"86,1758",TCU,2024-09-17
1974-08-01,"85,0768",TCU,2024-09-17
1974-09-01,"84,9128",TCU,2024-09-17
1974-10-01,"84,4745",TCU,2024-09-17
1974-11-01,"81,5419",TCU,2024-09-17
1974-12-01,"78,4687",TCU,2024-09-17
1975-01-01,"77,2476",TCU,2024-09-17
1975-02-01,"75,358",TCU,2024-09-17
1975-03-01,"74,4065",TCU,2024-09-17
1975-04-01,"74,4307",TCU,2024-09-17
1975-05-01,"74,0959",TCU,2024-09-17
1975-06-01,"74,4461",TCU,2024-09-17
1975-07-01,"75,1022",TCU,2024-09-17
1975-08-01,"75,7189",TCU,2024-09-17
1975-09-01,"76,5718",TCU,2024-09-17
1975-10-01,"76,773",TCU,2024-09-17
1975-11-01,"76,744",TCU,2024-09-17
1975-12-01,"77,6451",TCU,2024-09-17
1976-01-01,"78,5312",TCU,2024-09-17
1976-02-01,"79,1705",TCU,2024-09-17
1976-03-01,"79,174",TCU,2024-09-17
1976-04-01,"79,4214",TCU,2024-09-17
1976-05-01,"79,5834",TCU,2024-09-17
1976-06-01,"79,4974",TCU,2024-09-17
1976-07-01,"79,7719",TCU,2024-09-17
1976-08-01,"80,1388",TCU,2024-09-17
1976-09-01,"80,2183",TCU,2024-09-17
1976-10-01,"80,012",TCU,2024-09-17
1976-11-01,"81,0488",TCU,2024-09-17
1976-12-01,"81,719",TCU,2024-09-17
1977-01-01,"80,9557",TCU,2024-09-17
1977-02-01,"82,0259",TCU,2024-09-17
1977-03-01,"82,8357",TCU,2024-09-17
1977-04-01,"83,4184",TCU,2024-09-17
1977-05-01,"83,8383",TCU,2024-09-17
1977-06-01,"84,2431",TCU,2024-09-17
1977-07-01,"84,1164",TCU,2024-09-17
1977-08-01,"83,9516",TCU,2024-09-17
1977-09-01,"84,0465",TCU,2024-09-17
1977-10-01,"83,9313",TCU,2024-09-17
1977-11-01,"83,8462",TCU,2024-09-17
1977-12-01,"83,7459",TCU,2024-09-17
1978-01-01,"82,2914",TCU,2024-09-17
1978-02-01,"82,5033",TCU,2024-09-17
1978-03-01,"83,8599",TCU,2024-09-17
1978-04-01,"85,2903",TCU,2024-09-17
1978-05-01,"85,4734",TCU,2024-09-17
1978-06-01,"85,7913",TCU,2024-09-17
1978-07-01,"85,4956",TCU,2024-09-17
1978-08-01,"85,6075",TCU,2024-09-17
1978-09-01,"85,5854",TCU,2024-09-17
1978-10-01,"86,0076",TCU,2024-09-17
1978-11-01,"86,4334",TCU,2024-09-17
1978-12-01,"86,6336",TCU,2024-09-17
1979-01-01,"85,9296",TCU,2024-09-17
1979-02-01,"86,1169",TCU,2024-09-17
1979-03-01,"86,1486",TCU,2024-09-17
1979-04-01,"84,9029",TCU,2024-09-17
1979-05-01,"85,4247",TCU,2024-09-17
1979-06-01,"85,2142",TCU,2024-09-17
1979-07-01,"84,861",TCU,2024-09-17
1979-08-01,"84,1027",TCU,2024-09-17
1979-09-01,"83,9007",TCU,2024-09-17
1979-10-01,"84,2922",TCU,2024-09-17
1979-11-01,"83,9769",TCU,2024-09-17
1979-12-01,"83,8639",TCU,2024-09-17
1980-01-01,"84,1462",TCU,2024-09-17
1980-02-01,"84,02",TCU,2024-09-17
1980-03-01,"83,516",TCU,2024-09-17
1980-04-01,"81,7161",TCU,2024-09-17
1980-05-01,"79,5737",TCU,2024-09-17
1980-06-01,"78,4079",TCU,2024-09-17
1980-07-01,"77,7106",TCU,2024-09-17
1980-08-01,"77,8165",TCU,2024-09-17
1980-09-01,"78,9666",TCU,2024-09-17
1980-10-01,"79,8138",TCU,2024-09-17
1980-11-01,"80,9797",TCU,2024-09-17
1980-12-01,"81,3443",TCU,2024-09-17
1981-01-01,"80,6568",TCU,2024-09-17
1981-02-01,"80,1474",TCU,2024-09-17
1981-03-01,"80,3697",TCU,2024-09-17
1981-04-01,"79,8469",TCU,2024-09-17
1981-05-01,"80,1126",TCU,2024-09-17
1981-06-01,"80,3378",TCU,2024-09-17
1981-07-01,"80,6666",TCU,2024-09-17
1981-08-01,"80,3719",TCU,2024-09-17
1981-09-01,"79,7957",TCU,2024-09-17
1981-10-01,"78,9918",TCU,2024-09-17
1981-11-01,"77,892",TCU,2024-09-17
1981-12-01,"76,8713",TCU,2024-09-17
1982-01-01,"75,129",TCU,2024-09-17
1982-02-01,"76,4962",TCU,2024-09-17
1982-03-01,"75,821",TCU,2024-09-17
1982-04-01,"74,9732",TCU,2024-09-17
1982-05-01,"74,3382",TCU,2024-09-17
1982-06-01,"74,0174",TCU,2024-09-17
1982-07-01,"73,6498",TCU,2024-09-17
1982-08-01,"72,8767",TCU,2024-09-17
1982-09-01,"72,596",TCU,2024-09-17
1982-10-01,"71,8246",TCU,2024-09-17
1982-11-01,"71,5313",TCU,2024-09-17
1982-12-01,"70,9671",TCU,2024-09-17
1983-01-01,"72,2371",TCU,2024-09-17
1983-02-01,"71,7603",TCU,2024-09-17
1983-03-01,"72,3279",TCU,2024-09-17
1983-04-01,"73,2201",TCU,2024-09-17
1983-05-01,"73,6506",TCU,2024-09-17
1983-06-01,"74,0776",TCU,2024-09-17
1983-07-01,"75,1574",TCU,2024-09-17
1983-08-01,"76,0182",TCU,2024-09-17
1983-09-01,"77,0799",TCU,2024-09-17
1983-10-01,"77,6273",TCU,2024-09-17
1983-11-01,"77,9119",TCU,2024-09-17
1983-12-01,"78,221",TCU,2024-09-17
1984-01-01,"79,6824",TCU,2024-09-17
1984-02-01,"79,9369",TCU,2024-09-17
1984-03-01,"80,1983",TCU,2024-09-17
1984-04-01,"80,5448",TCU,2024-09-17
1984-05-01,"80,8277",TCU,2024-09-17
1984-06-01,"80,9628",TCU,2024-09-17
1984-07-01,"81,02",TCU,2024-09-17
1984-08-01,"80,9418",TCU,2024-09-17
1984-09-01,"80,5325",TCU,2024-09-17
1984-10-01,"80,3146",TCU,2024-09-17
1984-11-01,"80,3938",TCU,2024-09-17
1984-12-01,"80,242",TCU,2024-09-17
1985-01-01,"80,0074",TCU,2024-09-17
1985-02-01,"80,0484",TCU,2024-09-17
1985-03-01,"79,9728",TCU,2024-09-17
1985-04-01,"79,6074",TCU,2024-09-17
1985-05-01,"79,5562",TCU,2024-09-17
1985-06-01,"79,3321",TCU,2024-09-17
1985-07-01,"78,7591",TCU,2024-09-17
1985-08-01,"78,8441",TCU,2024-09-17
1985-09-01,"78,975",TCU,2024-09-17
1985-10-01,"78,5461",TCU,2024-09-17
1985-11-01,"78,6751",TCU,2024-09-17
1985-12-01,"79,3194",TCU,2024-09-17
1986-01-01,"79,6087",TCU,2024-09-17
1986-02-01,"78,9467",TCU,2024-09-17
1986-03-01,"78,2817",TCU,2024-09-17
1986-04-01,"78,2697",TCU,2024-09-17
1986-05-01,"78,3224",TCU,2024-09-17
1986-06-01,"77,9238",TCU,2024-09-17
1986-07-01,"78,3151",TCU,2024-09-17
1986-08-01,"78,0871",TCU,2024-09-17
1986-09-01,"78,204",TCU,2024-09-17
1986-10-01,"78,4345",TCU,2024-09-17
1986-11-01,"78,6327",TCU,2024-09-17
1986-12-01,"79,2674",TCU,2024-09-17
1987-01-01,"78,8411",TCU,2024-09-17
1987-02-01,"79,7613",TCU,2024-09-17
1987-03-01,"79,732",TCU,2024-09-17
1987-04-01,"80,1127",TCU,2024-09-17
1987-05-01,"80,4695",TCU,2024-09-17
1987-06-01,"80,7548",TCU,2024-09-17
1987-07-01,"81,1593",TCU,2024-09-17
1987-08-01,"81,6305",TCU,2024-09-17
1987-09-01,"81,8226",TCU,2024-09-17
1987-10-01,"82,8037",TCU,2024-09-17
1987-11-01,"83,1057",TCU,2024-09-17
1987-12-01,"83,4671",TCU,2024-09-17
1988-01-01,"83,3646",TCU,2024-09-17
1988-02-01,"83,7161",TCU,2024-09-17
1988-03-01,"83,8432",TCU,2024-09-17
1988-04-01,"84,2967",TCU,2024-09-17
1988-05-01,"84,084",TCU,2024-09-17
1988-06-01,"84,288",TCU,2024-09-17
1988-07-01,"84,2603",TCU,2024-09-17
1988-08-01,"84,6355",TCU,2024-09-17
1988-09-01,"84,308",TCU,2024-09-17
1988-10-01,"84,6144",TCU,2024-09-17
1988-11-01,"84,7506",TCU,2024-09-17
1988-12-01,"85,0433",TCU,2024-09-17
1989-01-01,"85,1871",TCU,2024-09-17
1989-02-01,"84,6881",TCU,2024-09-17
1989-03-01,"84,7698",TCU,2024-09-17
1989-04-01,"84,59",TCU,2024-09-17
1989-05-01,"83,9611",TCU,2024-09-17
1989-06-01,"83,784",TCU,2024-09-17
1989-07-01,"82,7913",TCU,2024-09-17
1989-08-01,"83,4055",TCU,2024-09-17
1989-09-01,"82,9302",TCU,2024-09-17
1989-10-01,"82,6235",TCU,2024-09-17
1989-11-01,"82,6971",TCU,2024-09-17
1989-12-01,"82,9629",TCU,2024-09-17
1990-01-01,"82,328",TCU,2024-09-17
1990-02-01,"82,8759",TCU,2024-09-17
1990-03-01,"83,0757",TCU,2024-09-17
1990-04-01,"82,7018",TCU,2024-09-17
1990-05-01,"82,7671",TCU,2024-09-17
1990-06-01,"82,8785",TCU,2024-09-17
1990-07-01,"82,5834",TCU,2024-09-17
1990-08-01,"82,737",TCU,2024-09-17
1990-09-01,"82,6219",TCU,2024-09-17
1990-10-01,"81,9938",TCU,2024-09-17
1990-11-01,"80,8637",TCU,2024-09-17
1990-12-01,"80,2062",TCU,2024-09-17
1991-01-01,"79,8532",TCU,2024-09-17
1991-02-01,"79,1938",TCU,2024-09-17
1991-03-01,"78,6775",TCU,2024-09-17
1991-04-01,"78,813",TCU,2024-09-17
1991-05-01,"79,5366",TCU,2024-09-17
1991-06-01,"80,1091",TCU,2024-09-17
1991-07-01,"80,2553",TCU,2024-09-17
1991-08-01,"80,1865",TCU,2024-09-17
1991-09-01,"80,7568",TCU,2024-09-17
1991-10-01,"80,5727",TCU,2024-09-17
1991-11-01,"80,3561",TCU,2024-09-17
1991-12-01,"79,8698",TCU,2024-09-17
1992-01-01,"79,3038",TCU,2024-09-17
1992-02-01,"79,7133",TCU,2024-09-17
1992-03-01,"80,2192",TCU,2024-09-17
1992-04-01,"80,6613",TCU,2024-09-17
1992-05-01,"80,7461",TCU,2024-09-17
1992-06-01,"80,6077",TCU,2024-09-17
1992-07-01,"81,1531",TCU,2024-09-17
1992-08-01,"80,5215",TCU,2024-09-17
1992-09-01,"80,6052",TCU,2024-09-17
1992-10-01,"80,9878",TCU,2024-09-17
1992-11-01,"81,1373",TCU,2024-09-17
1992-12-01,"81,1101",TCU,2024-09-17
1993-01-01,"81,2846",TCU,2024-09-17
1993-02-01,"81,5417",TCU,2024-09-17
1993-03-01,"81,3332",TCU,2024-09-17
1993-04-01,"81,4361",TCU,2024-09-17
1993-05-01,"81,0138",TCU,2024-09-17
1993-06-01,"81,0769",TCU,2024-09-17
1993-07-01,"81,1612",TCU,2024-09-17
1993-08-01,"80,9411",TCU,2024-09-17
1993-09-01,"81,2154",TCU,2024-09-17
1993-10-01,"81,6695",TCU,2024-09-17
1993-11-01,"81,8847",TCU,2024-09-17
1993-12-01,"82,1813",TCU,2024-09-17
1994-01-01,"82,2458",TCU,2024-09-17
1994-02-01,"82,0964",TCU,2024-09-17
1994-03-01,"82,7001",TCU,2024-09-17
1994-04-01,"82,9607",TCU,2024-09-17
1994-05-01,"83,1048",TCU,2024-09-17
1994-06-01,"83,409",TCU,2024-09-17
1994-07-01,"83,2543",TCU,2024-09-17
1994-08-01,"83,5424",TCU,2024-09-17
1994-09-01,"83,5225",TCU,2024-09-17
1994-10-01,"83,9295",TCU,2024-09-17
1994-11-01,"84,2193",TCU,2024-09-17
1994-12-01,"84,7763",TCU,2024-09-17
1995-01-01,"84,6624",TCU,2024-09-17
1995-02-01,"84,2817",TCU,2024-09-17
1995-03-01,"84,1264",TCU,2024-09-17
1995-04-01,"83,7001",TCU,2024-09-17
1995-05-01,"83,8228",TCU,2024-09-17
1995-06-01,"83,8038",TCU,2024-09-17
1995-07-01,"83,1565",TCU,2024-09-17
1995-08-01,"83,9385",TCU,2024-09-17
1995-09-01,"83,9436",TCU,2024-09-17
1995-10-01,"83,4711",TCU,2024-09-17
1995-11-01,"83,3377",TCU,2024-09-17
1995-12-01,"83,2653",TCU,2024-09-17
1996-01-01,"82,4552",TCU,2024-09-17
1996-02-01,"83,2784",TCU,2024-09-17
1996-03-01,"82,7819",TCU,2024-09-17
1996-04-01,"83,2259",TCU,2024-09-17
1996-05-01,"83,4707",TCU,2024-09-17
1996-06-01,"83,7026",TCU,2024-09-17
1996-07-01,"83,3175",TCU,2024-09-17
1996-08-01,"83,3523",TCU,2024-09-17
1996-09-01,"83,4837",TCU,2024-09-17
1996-10-01,"83,0746",TCU,2024-09-17
1996-11-01,"83,4158",TCU,2024-09-17
1996-12-01,"83,5292",TCU,2024-09-17
1997-01-01,"83,2734",TCU,2024-09-17
1997-02-01,"83,8357",TCU,2024-09-17
1997-03-01,"83,9386",TCU,2024-09-17
1997-04-01,"83,5773",TCU,2024-09-17
1997-05-01,"83,6033",TCU,2024-09-17
1997-06-01,"83,5281",TCU,2024-09-17
1997-07-01,"83,75",TCU,2024-09-17
1997-08-01,"84,0989",TCU,2024-09-17
1997-09-01,"84,3562",TCU,2024-09-17
1997-10-01,"84,5733",TCU,2024-09-17
1997-11-01,"84,6992",TCU,2024-09-17
1997-12-01,"84,5069",TCU,2024-09-17
1998-01-01,"84,3255",TCU,2024-09-17
1998-02-01,"83,9236",TCU,2024-09-17
1998-03-01,"83,4139",TCU,2024-09-17
1998-04-01,"83,1697",TCU,2024-09-17
1998-05-01,"83,1957",TCU,2024-09-17
1998-06-01,"82,2129",TCU,2024-09-17
1998-07-01,"81,4369",TCU,2024-09-17
1998-08-01,"82,6826",TCU,2024-09-17
1998-09-01,"82,1974",TCU,2024-09-17
1998-10-01,"82,3679",TCU,2024-09-17
1998-11-01,"81,9145",TCU,2024-09-17
1998-12-01,"81,8823",TCU,2024-09-17
1999-01-01,"81,8698",TCU,2024-09-17
1999-02-01,"82,0031",TCU,2024-09-17
1999-03-01,"81,8486",TCU,2024-09-17
1999-04-01,"81,7151",TCU,2024-09-17
1999-05-01,"81,9082",TCU,2024-09-17
1999-06-01,"81,5543",TCU,2024-09-17
1999-07-01,"81,7388",TCU,2024-09-17
1999-08-01,"81,8026",TCU,2024-09-17
1999-09-01,"81,1741",TCU,2024-09-17
1999-10-01,"81,9218",TCU,2024-09-17
1999-11-01,"82,0702",TCU,2024-09-17
1999-12-01,"82,4391",TCU,2024-09-17
2000-01-01,"82,0932",TCU,2024-09-17
2000-02-01,"82,0943",TCU,2024-09-17
2000-03-01,"82,134",TCU,2024-09-17
2000-04-01,"82,3741",TCU,2024-09-17
2000-05-01,"82,335",TCU,2024-09-17
2000-06-01,"82,1191",TCU,2024-09-17
2000-07-01,"81,7036",TCU,2024-09-17
2000-08-01,"81,2193",TCU,2024-09-17
2000-09-01,"81,2955",TCU,2024-09-17
2000-10-01,"80,7298",TCU,2024-09-17
2000-11-01,"80,4815",TCU,2024-09-17
2000-12-01,"79,9449",TCU,2024-09-17
2001-01-01,"79,2915",TCU,2024-09-17
2001-02-01,"78,5159",TCU,2024-09-17
2001-03-01,"78,0741",TCU,2024-09-17
2001-04-01,"77,561",TCU,2024-09-17
2001-05-01,"76,9249",TCU,2024-09-17
2001-06-01,"76,3013",TCU,2024-09-17
2001-07-01,"75,6377",TCU,2024-09-17
2001-08-01,"75,3826",TCU,2024-09-17
2001-09-01,"74,7982",TCU,2024-09-17
2001-10-01,"74,4059",TCU,2024-09-17
2001-11-01,"73,8179",TCU,2024-09-17
2001-12-01,"73,6523",TCU,2024-09-17
2002-01-01,"74,042",TCU,2024-09-17
2002-02-01,"73,9315",TCU,2024-09-17
2002-03-01,"74,401",TCU,2024-09-17
2002-04-01,"74,683",TCU,2024-09-17
2002-05-01,"74,948",TCU,2024-09-17
2002-06-01,"75,5244",TCU,2024-09-17
2002-07-01,"75,4765",TCU,2024-09-17
2002-08-01,"75,39",TCU,2024-09-17
2002-09-01,"75,4643",TCU,2024-09-17
2002-10-01,"75,2771",TCU,2024-09-17
2002-11-01,"75,7113",TCU,2024-09-17
2002-12-01,"75,3192",TCU,2024-09-17
2003-01-01,"75,9737",TCU,2024-09-17
2003-02-01,"76,0964",TCU,2024-09-17
2003-03-01,"75,9158",TCU,2024-09-17
2003-04-01,"75,471",TCU,2024-09-17
2003-05-01,"75,4753",TCU,2024-09-17
2003-06-01,"75,6024",TCU,2024-09-17
2003-07-01,"76,0121",TCU,2024-09-17
2003-08-01,"75,865",TCU,2024-09-17
2003-09-01,"76,3685",TCU,2024-09-17
2003-10-01,"76,4833",TCU,2024-09-17
2003-11-01,"77,0141",TCU,2024-09-17
2003-12-01,"77,0642",TCU,2024-09-17
2004-01-01,"77,2041",TCU,2024-09-17
2004-02-01,"77,6963",TCU,2024-09-17
2004-03-01,"77,4077",TCU,2024-09-17
2004-04-01,"77,7236",TCU,2024-09-17
2004-05-01,"78,3145",TCU,2024-09-17
2004-06-01,"77,724",TCU,2024-09-17
2004-07-01,"78,305",TCU,2024-09-17
2004-08-01,"78,3738",TCU,2024-09-17
2004-09-01,"78,4547",TCU,2024-09-17
2004-10-01,"79,1352",TCU,2024-09-17
2004-11-01,"79,2285",TCU,2024-09-17
2004-12-01,"79,8779",TCU,2024-09-17
2005-01-01,"80,1076",TCU,2024-09-17
2005-02-01,"80,6185",TCU,2024-09-17
2005-03-01,"80,4254",TCU,2024-09-17
2005-04-01,"80,5049",TCU,2024-09-17
2005-05-01,"80,4835",TCU,2024-09-17
2005-06-01,"80,7304",TCU,2024-09-17
2005-07-01,"80,3636",TCU,2024-09-17
2005-08-01,"80,5144",TCU,2024-09-17
2005-09-01,"78,8408",TCU,2024-09-17
2005-10-01,"79,6882",TCU,2024-09-17
2005-11-01,"80,4459",TCU,2024-09-17
2005-12-01,"80,7149",TCU,2024-09-17
2006-01-01,"80,7219",TCU,2024-09-17
2006-02-01,"80,6346",TCU,2024-09-17
2006-03-01,"80,693",TCU,2024-09-17
2006-04-01,"80,8033",TCU,2024-09-17
2006-05-01,"80,6874",TCU,2024-09-17
2006-06-01,"80,8131",TCU,2024-09-17
2006-07-01,"80,6047",TCU,2024-09-17
2006-08-01,"80,7869",TCU,2024-09-17
2006-09-01,"80,4643",TCU,2024-09-17
2006-10-01,"80,1979",TCU,2024-09-17
2006-11-01,"79,9873",TCU,2024-09-17
2006-12-01,"80,6149",TCU,2024-09-17
2007-01-01,"80,1358",TCU,2024-09-17
2007-02-01,"80,7193",TCU,2024-09-17
2007-03-01,"80,6791",TCU,2024-09-17
2007-04-01,"81,0476",TCU,2024-09-17
2007-05-01,"80,9347",TCU,2024-09-17
2007-06-01,"80,8222",TCU,2024-09-17
2007-07-01,"80,5906",TCU,2024-09-17
2007-08-01,"80,6774",TCU,2024-09-17
2007-09-01,"80,8326",TCU,2024-09-17
2007-10-01,"80,5829",TCU,2024-09-17
2007-11-01,"81,0492",TCU,2024-09-17
2007-12-01,"81,1309",TCU,2024-09-17
2008-01-01,"81,0828",TCU,2024-09-17
2008-02-01,"80,8474",TCU,2024-09-17
2008-03-01,"80,6547",TCU,2024-09-17
2008-04-01,"80,1636",TCU,2024-09-17
2008-05-01,"79,7148",TCU,2024-09-17
2008-06-01,"79,5288",TCU,2024-09-17
2008-07-01,"79,1573",TCU,2024-09-17
2008-08-01,"77,8633",TCU,2024-09-17
2008-09-01,"74,3831",TCU,2024-09-17
2008-10-01,"75,0459",TCU,2024-09-17
2008-11-01,"73,9671",TCU,2024-09-17
2008-12-01,"71,7765",TCU,2024-09-17
2009-01-01,"69,8882",TCU,2024-09-17
2009-02-01,"69,3805",TCU,2024-09-17
2009-03-01,"68,2145",TCU,2024-09-17
2009-04-01,"67,6067",TCU,2024-09-17
2009-05-01,"66,8861",TCU,2024-09-17
2009-06-01,"66,6446",TCU,2024-09-17
2009-07-01,"67,4381",TCU,2024-09-17
2009-08-01,"68,2152",TCU,2024-09-17
2009-09-01,"68,8533",TCU,2024-09-17
2009-10-01,"69,0873",TCU,2024-09-17
2009-11-01,"69,468",TCU,2024-09-17
2009-12-01,"69,823",TCU,2024-09-17
2010-01-01,"70,7084",TCU,2024-09-17
2010-02-01,"71,1021",TCU,2024-09-17
2010-03-01,"71,7572",TCU,2024-09-17
2010-04-01,"72,1775",TCU,2024-09-17
2010-05-01,"73,3305",TCU,2024-09-17
2010-06-01,"73,6492",TCU,2024-09-17
2010-07-01,"74,0764",TCU,2024-09-17
2010-08-01,"74,479",TCU,2024-09-17
2010-09-01,"74,8001",TCU,2024-09-17
2010-10-01,"74,6921",TCU,2024-09-17
2010-11-01,"74,8191",TCU,2024-09-17
2010-12-01,"75,6199",TCU,2024-09-17
2011-01-01,"75,4919",TCU,2024-09-17
2011-02-01,"75,1957",TCU,2024-09-17
2011-03-01,"75,9692",TCU,2024-09-17
2011-04-01,"75,6918",TCU,2024-09-17
2011-05-01,"75,7389",TCU,2024-09-17
2011-06-01,"75,8967",TCU,2024-09-17
2011-07-01,"76,1727",TCU,2024-09-17
2011-08-01,"76,557",TCU,2024-09-17
2011-09-01,"76,3854",TCU,2024-09-17
2011-10-01,"76,7959",TCU,2024-09-17
2011-11-01,"76,6551",TCU,2024-09-17
2011-12-01,"76,9204",TCU,2024-09-17
2012-01-01,"77,2407",TCU,2024-09-17
2012-02-01,"77,3425",TCU,2024-09-17
2012-03-01,"76,798",TCU,2024-09-17
2012-04-01,"77,2057",TCU,2024-09-17
2012-05-01,"77,233",TCU,2024-09-17
2012-06-01,"77,1126",TCU,2024-09-17
2012-07-01,"77,1378",TCU,2024-09-17
2012-08-01,"76,6993",TCU,2024-09-17
2012-09-01,"76,5385",TCU,2024-09-17
2012-10-01,"76,6654",TCU,2024-09-17
2012-11-01,"76,849",TCU,2024-09-17
2012-12-01,"76,9607",TCU,2024-09-17
2013-01-01,"76,8466",TCU,2024-09-17
2013-02-01,"77,1172",TCU,2024-09-17
2013-03-01,"77,3418",TCU,2024-09-17
2013-04-01,"77,1785",TCU,2024-09-17
2013-05-01,"77,1749",TCU,2024-09-17
2013-06-01,"77,2476",TCU,2024-09-17
2013-07-01,"76,9323",TCU,2024-09-17
2013-08-01,"77,3333",TCU,2024-09-17
2013-09-01,"77,6904",TCU,2024-09-17
2013-10-01,"77,5455",TCU,2024-09-17
2013-11-01,"77,6904",TCU,2024-09-17
2013-12-01,"77,8052",TCU,2024-09-17
2014-01-01,"77,4541",TCU,2024-09-17
2014-02-01,"77,9861",TCU,2024-09-17
2014-03-01,"78,7",TCU,2024-09-17
2014-04-01,"78,7032",TCU,2024-09-17
2014-05-01,"78,9551",TCU,2024-09-17
2014-06-01,"79,1445",TCU,2024-09-17
2014-07-01,"79,236",TCU,2024-09-17
2014-08-01,"79,0306",TCU,2024-09-17
2014-09-01,"79,1927",TCU,2024-09-17
2014-10-01,"79,1358",TCU,2024-09-17
2014-11-01,"79,5592",TCU,2024-09-17
2014-12-01,"79,5137",TCU,2024-09-17
2015-01-01,"78,8301",TCU,2024-09-17
2015-02-01,"78,2911",TCU,2024-09-17
2015-03-01,"77,9964",TCU,2024-09-17
2015-04-01,"77,5449",TCU,2024-09-17
2015-05-01,"77,1821",TCU,2024-09-17
2015-06-01,"76,9429",TCU,2024-09-17
2015-07-01,"77,4307",TCU,2024-09-17
2015-08-01,"77,308",TCU,2024-09-17
2015-09-01,"77,1039",TCU,2024-09-17
2015-10-01,"76,752",TCU,2024-09-17
2015-11-01,"76,2118",TCU,2024-09-17
2015-12-01,"75,845",TCU,2024-09-17
2016-01-01,"76,2263",TCU,2024-09-17
2016-02-01,"75,8298",TCU,2024-09-17
2016-03-01,"75,2411",TCU,2024-09-17
2016-04-01,"75,4701",TCU,2024-09-17
2016-05-01,"75,2833",TCU,2024-09-17
2016-06-01,"75,6283",TCU,2024-09-17
2016-07-01,"75,6916",TCU,2024-09-17
2016-08-01,"75,5879",TCU,2024-09-17
2016-09-01,"75,4977",TCU,2024-09-17
2016-10-01,"75,5318",TCU,2024-09-17
2016-11-01,"75,2309",TCU,2024-09-17
2016-12-01,"75,7622",TCU,2024-09-17
2017-01-01,"75,5995",TCU,2024-09-17
2017-02-01,"75,3306",TCU,2024-09-17
2017-03-01,"75,8344",TCU,2024-09-17
2017-04-01,"76,6403",TCU,2024-09-17
2017-05-01,"76,764",TCU,2024-09-17
2017-06-01,"76,9926",TCU,2024-09-17
2017-07-01,"76,878",TCU,2024-09-17
2017-08-01,"76,6139",TCU,2024-09-17
2017-09-01,"76,7906",TCU,2024-09-17
2017-10-01,"77,8346",TCU,2024-09-17
2017-11-01,"78,1204",TCU,2024-09-17
2017-12-01,"78,3837",TCU,2024-09-17
2018-01-01,"78,4548",TCU,2024-09-17
2018-02-01,"78,7047",TCU,2024-09-17
2018-03-01,"79,1096",TCU,2024-09-17
2018-04-01,"80,0436",TCU,2024-09-17
2018-05-01,"79,3092",TCU,2024-09-17
2018-06-01,"79,9674",TCU,2024-09-17
2018-07-01,"80,0561",TCU,2024-09-17
2018-08-01,"80,5741",TCU,2024-09-17
2018-09-01,"80,5711",TCU,2024-09-17
2018-10-01,"80,3884",TCU,2024-09-17
2018-11-01,"80,3962",TCU,2024-09-17
2018-12-01,"80,358",TCU,2024-09-17
2019-01-01,"79,7599",TCU,2024-09-17
2019-02-01,"79,2768",TCU,2024-09-17
2019-03-01,"79,2123",TCU,2024-09-17
2019-04-01,"78,7037",TCU,2024-09-17
2019-05-01,"78,7358",TCU,2024-09-17
2019-06-01,"78,7532",TCU,2024-09-17
2019-07-01,"78,2629",TCU,2024-09-17
2019-08-01,"78,7796",TCU,2024-09-17
2019-09-01,"78,4615",TCU,2024-09-17
2019-10-01,"77,7295",TCU,2024-09-17
2019-11-01,"78,1046",TCU,2024-09-17
2019-12-01,"77,9031",TCU,2024-09-17
2020-01-01,"77,4105",TCU,2024-09-17
2020-02-01,"77,6537",TCU,2024-09-17
2020-03-01,"74,5527",TCU,2024-09-17
2020-04-01,"64,6982",TCU,2024-09-17
2020-05-01,"65,7487",TCU,2024-09-17
2020-06-01,"70,134",TCU,2024-09-17
2020-07-01,"72,7591",TCU,2024-09-17
2020-08-01,"73,5674",TCU,2024-09-17
2020-09-01,"73,6543",TCU,2024-09-17
2020-10-01,"74,2728",TCU,2024-09-17
2020-11-01,"74,7456",TCU,2024-09-17
2020-12-01,"75,8651",TCU,2024-09-17
2021-01-01,"76,5008",TCU,2024-09-17
2021-02-01,"74,0987",TCU,2024-09-17
2021-03-01,"76,3455",TCU,2024-09-17
2021-04-01,"76,6187",TCU,2024-09-17
2021-05-01,"77,4469",TCU,2024-09-17
2021-06-01,"77,9619",TCU,2024-09-17
2021-07-01,"78,4327",TCU,2024-09-17
2021-08-01,"78,5435",TCU,2024-09-17
2021-09-01,"77,8344",TCU,2024-09-17
2021-10-01,"78,9984",TCU,2024-09-17
2021-11-01,"79,7955",TCU,2024-09-17
2021-12-01,"79,7947",TCU,2024-09-17
2022-01-01,"79,8471",TCU,2024-09-17
2022-02-01,"80,357",TCU,2024-09-17
2022-03-01,"80,9989",TCU,2024-09-17
2022-04-01,"81,1458",TCU,2024-09-17
2022-05-01,"81,1363",TCU,2024-09-17
2022-06-01,"80,9375",TCU,2024-09-17
2022-07-01,"81,0054",TCU,2024-09-17
2022-08-01,"80,9637",TCU,2024-09-17
2022-09-01,"81,0936",TCU,2024-09-17
2022-10-01,"80,8551",TCU,2024-09-17
2022-11-01,"80,4107",TCU,2024-09-17
2022-12-01,"79,2286",TCU,2024-09-17
2023-01-01,"79,7542",TCU,2024-09-17
2023-02-01,"79,6087",TCU,2024-09-17
2023-03-01,"79,4362",TCU,2024-09-17
2023-04-01,"79,5726",TCU,2024-09-17
2023-05-01,"79,2151",TCU,2024-09-17
2023-06-01,"78,5968",TCU,2024-09-17
2023-07-01,"78,986",TCU,2024-09-17
2023-08-01,"78,8773",TCU,2024-09-17
2023-09-01,"78,9282",TCU,2024-09-17
2023-10-01,"78,2711",TCU,2024-09-17
2023-11-01,"78,4172",TCU,2024-09-17
2023-12-01,"78,1414",TCU,2024-09-17
2024-01-01,"77,1945",TCU,2024-09-17
2024-02-01,"78,0707",TCU,2024-09-17
2024-03-01,"77,8455",TCU,2024-09-17
2024-04-01,"77,7263",TCU,2024-09-17
2024-05-01,"78,2415",TCU,2024-09-17
2024-06-01,"78,2193",TCU,2024-09-17
2024-07-01,"77,4067",TCU,2024-09-17
2024-08-01,"77,956",TCU,2024-09-17
2000-12-01,5088,JTSJOL,2024-09-04
2001-01-01,5234,JTSJOL,2024-09-04
2001-02-01,5097,JTSJOL,2024-09-04
2001-03-01,4762,JTSJOL,2024-09-04
2001-04-01,4615,JTSJOL,2024-09-04
2001-05-01,4425,JTSJOL,2024-09-04
2001-06-01,4361,JTSJOL,2024-09-04
2001-07-01,4447,JTSJOL,2024-09-04
2001-08-01,4024,JTSJOL,2024-09-04
2001-09-01,4071,JTSJOL,2024-09-04
2001-10-01,3707,JTSJOL,2024-09-04
2001-11-01,3775,JTSJOL,2024-09-04
2001-12-01,3677,JTSJOL,2024-09-04
2002-01-01,3699,JTSJOL,2024-09-04
2002-02-01,3436,JTSJOL,2024-09-04
2002-03-01,3612,JTSJOL,2024-09-04
2002-04-01,3471,JTSJOL,2024-09-04
2002-05-01,3457,JTSJOL,2024-09-04
2002-06-01,3412,JTSJOL,2024-09-04
2002-07-01,3367,JTSJOL,2024-09-04
2002-08-01,3517,JTSJOL,2024-09-04
2002-09-01,3301,JTSJOL,2024-09-04
2002-10-01,3479,JTSJOL,2024-09-04
2002-11-01,3514,JTSJOL,2024-09-04
2002-12-01,3169,JTSJOL,2024-09-04
2003-01-01,3441,JTSJOL,2024-09-04
2003-02-01,3229,JTSJOL,2024-09-04
2003-03-01,3099,JTSJOL,2024-09-04
2003-04-01,3108,JTSJOL,2024-09-04
2003-05-01,3289,JTSJOL,2024-09-04
2003-06-01,3390,JTSJOL,2024-09-04
2003-07-01,2981,JTSJOL,2024-09-04
2003-08-01,3190,JTSJOL,2024-09-04
2003-09-01,3091,JTSJOL,2024-09-04
2003-10-01,3305,JTSJOL,2024-09-04
2003-11-01,3324,JTSJOL,2024-09-04
2003-12-01,3414,JTSJOL,2024-09-04
2004-01-01,3424,JTSJOL,2024-09-04
2004-02-01,3532,JTSJOL,2024-09-04
2004-03-01,3525,JTSJOL,2024-09-04
2004-04-01,3511,JTSJOL,2024-09-04
2004-05-01,3710,JTSJOL,2024-09-04
2004-06-01,3337,JTSJOL,2024-09-04
2004-07-01,3814,JTSJOL,2024-09-04
2004-08-01,3541,JTSJOL,2024-09-04
2004-09-01,3821,JTSJOL,2024-09-04
2004-10-01,3943,JTSJOL,2024-09-04
2004-11-01,3472,JTSJOL,2024-09-04
2004-12-01,4074,JTSJOL,2024-09-04
2005-01-01,3804,JTSJOL,2024-09-04
2005-02-01,3965,JTSJOL,2024-09-04
2005-03-01,4044,JTSJOL,2024-09-04
2005-04-01,4159,JTSJOL,2024-09-04
2005-05-01,3797,JTSJOL,2024-09-04
2005-06-01,4062,JTSJOL,2024-09-04
2005-07-01,4256,JTSJOL,2024-09-04
2005-08-01,4142,JTSJOL,2024-09-04
2005-09-01,4352,JTSJOL,2024-09-04
2005-10-01,4184,JTSJOL,2024-09-04
2005-11-01,4248,JTSJOL,2024-09-04
2005-12-01,4282,JTSJOL,2024-09-04
2006-01-01,4397,JTSJOL,2024-09-04
2006-02-01,4325,JTSJOL,2024-09-04
2006-03-01,4732,JTSJOL,2024-09-04
2006-04-01,4790,JTSJOL,2024-09-04
2006-05-01,4463,JTSJOL,2024-09-04
2006-06-01,4614,JTSJOL,2024-09-04
2006-07-01,4394,JTSJOL,2024-09-04
2006-08-01,4710,JTSJOL,2024-09-04
2006-09-01,4737,JTSJOL,2024-09-04
2006-10-01,4591,JTSJOL,2024-09-04
2006-11-01,4645,JTSJOL,2024-09-04
2006-12-01,4620,JTSJOL,2024-09-04
2007-01-01,4763,JTSJOL,2024-09-04
2007-02-01,4699,JTSJOL,2024-09-04
2007-03-01,4962,JTSJOL,2024-09-04
2007-04-01,4689,JTSJOL,2024-09-04
2007-05-01,4657,JTSJOL,2024-09-04
2007-06-01,4859,JTSJOL,2024-09-04
2007-07-01,4598,JTSJOL,2024-09-04
2007-08-01,4546,JTSJOL,2024-09-04
2007-09-01,4652,JTSJOL,2024-09-04
2007-10-01,4636,JTSJOL,2024-09-04
2007-11-01,4646,JTSJOL,2024-09-04
2007-12-01,4545,JTSJOL,2024-09-04
2008-01-01,4624,JTSJOL,2024-09-04
2008-02-01,4279,JTSJOL,2024-09-04
2008-03-01,4225,JTSJOL,2024-09-04
2008-04-01,4035,JTSJOL,2024-09-04
2008-05-01,4194,JTSJOL,2024-09-04
2008-06-01,3830,JTSJOL,2024-09-04
2008-07-01,3749,JTSJOL,2024-09-04
2008-08-01,3674,JTSJOL,2024-09-04
2008-09-01,3222,JTSJOL,2024-09-04
2008-10-01,3377,JTSJOL,2024-09-04
2008-11-01,3231,JTSJOL,2024-09-04
2008-12-01,3146,JTSJOL,2024-09-04
2009-01-01,2738,JTSJOL,2024-09-04
2009-02-01,2864,JTSJOL,2024-09-04
2009-03-01,2534,JTSJOL,2024-09-04
2009-04-01,2295,JTSJOL,2024-09-04
2009-05-01,2549,JTSJOL,2024-09-04
2009-06-01,2503,JTSJOL,2024-09-04
2009-07-01,2232,JTSJOL,2024-09-04
2009-08-01,2338,JTSJOL,2024-09-04
2009-09-01,2487,JTSJOL,2024-09-04
2009-10-01,2406,JTSJOL,2024-09-04
2009-11-01,2503,JTSJOL,2024-09-04
2009-12-01,2568,JTSJOL,2024-09-04
2010-01-01,2837,JTSJOL,2024-09-04
2010-02-01,2666,JTSJOL,2024-09-04
2010-03-01,2679,JTSJOL,2024-09-04
2010-04-01,3153,JTSJOL,2024-09-04
2010-05-01,2988,JTSJOL,2024-09-04
2010-06-01,2801,JTSJOL,2024-09-04
2010-07-01,3082,JTSJOL,2024-09-04
2010-08-01,2999,JTSJOL,2024-09-04
2010-09-01,2918,JTSJOL,2024-09-04
2010-10-01,3235,JTSJOL,2024-09-04
2010-11-01,3211,JTSJOL,2024-09-04
2010-12-01,3058,JTSJOL,2024-09-04
2011-01-01,3104,JTSJOL,2024-09-04
2011-02-01,3226,JTSJOL,2024-09-04
2011-03-01,3261,JTSJOL,2024-09-04
2011-04-01,3259,JTSJOL,2024-09-04
2011-05-01,3179,JTSJOL,2024-09-04
2011-06-01,3455,JTSJOL,2024-09-04
2011-07-01,3623,JTSJOL,2024-09-04
2011-08-01,3329,JTSJOL,2024-09-04
2011-09-01,3774,JTSJOL,2024-09-04
2011-10-01,3619,JTSJOL,2024-09-04
2011-11-01,3565,JTSJOL,2024-09-04
2011-12-01,3768,JTSJOL,2024-09-04
2012-01-01,3909,JTSJOL,2024-09-04
2012-02-01,3616,JTSJOL,2024-09-04
2012-03-01,3979,JTSJOL,2024-09-04
2012-04-01,3793,JTSJOL,2024-09-04
2012-05-01,3835,JTSJOL,2024-09-04
2012-06-01,3911,JTSJOL,2024-09-04
2012-07-01,3735,JTSJOL,2024-09-04
2012-08-01,3809,JTSJOL,2024-09-04
2012-09-01,3882,JTSJOL,2024-09-04
2012-10-01,3775,JTSJOL,2024-09-04
2012-11-01,3878,JTSJOL,2024-09-04
2012-12-01,3970,JTSJOL,2024-09-04
2013-01-01,3923,JTSJOL,2024-09-04
2013-02-01,4004,JTSJOL,2024-09-04
2013-03-01,4076,JTSJOL,2024-09-04
2013-04-01,3988,JTSJOL,2024-09-04
2013-05-01,4145,JTSJOL,2024-09-04
2013-06-01,4150,JTSJOL,2024-09-04
2013-07-01,3885,JTSJOL,2024-09-04
2013-08-01,4085,JTSJOL,2024-09-04
2013-09-01,4128,JTSJOL,2024-09-04
2013-10-01,4222,JTSJOL,2024-09-04
2013-11-01,4119,JTSJOL,2024-09-04
2013-12-01,4121,JTSJOL,2024-09-04
2014-01-01,4127,JTSJOL,2024-09-04
2014-02-01,4373,JTSJOL,2024-09-04
2014-03-01,4388,JTSJOL,2024-09-04
2014-04-01,4566,JTSJOL,2024-09-04
2014-05-01,4747,JTSJOL,2024-09-04
2014-06-01,4982,JTSJOL,2024-09-04
2014-07-01,4846,JTSJOL,2024-09-04
2014-08-01,5349,JTSJOL,2024-09-04
2014-09-01,4914,JTSJOL,2024-09-04
2014-10-01,5012,JTSJOL,2024-09-04
2014-11-01,4843,JTSJOL,2024-09-04
2014-12-01,5130,JTSJOL,2024-09-04
2015-01-01,5344,JTSJOL,2024-09-04
2015-02-01,5466,JTSJOL,2024-09-04
2015-03-01,5210,JTSJOL,2024-09-04
2015-04-01,5598,JTSJOL,2024-09-04
2015-05-01,5563,JTSJOL,2024-09-04
2015-06-01,5248,JTSJOL,2024-09-04
2015-07-01,6056,JTSJOL,2024-09-04
2015-08-01,5467,JTSJOL,2024-09-04
2015-09-01,5488,JTSJOL,2024-09-04
2015-10-01,5773,JTSJOL,2024-09-04
2015-11-01,5708,JTSJOL,2024-09-04
2015-12-01,5845,JTSJOL,2024-09-04
2016-01-01,6012,JTSJOL,2024-09-04
2016-02-01,5770,JTSJOL,2024-09-04
2016-03-01,6129,JTSJOL,2024-09-04
2016-04-01,5803,JTSJOL,2024-09-04
2016-05-01,5777,JTSJOL,2024-09-04
2016-06-01,5742,JTSJOL,2024-09-04
2016-07-01,5962,JTSJOL,2024-09-04
2016-08-01,5677,JTSJOL,2024-09-04
2016-09-01,5868,JTSJOL,2024-09-04
2016-10-01,5591,JTSJOL,2024-09-04
2016-11-01,5971,JTSJOL,2024-09-04
2016-12-01,5964,JTSJOL,2024-09-04
2017-01-01,5617,JTSJOL,2024-09-04
2017-02-01,5923,JTSJOL,2024-09-04
2017-03-01,5811,JTSJOL,2024-09-04
2017-04-01,6091,JTSJOL,2024-09-04
2017-05-01,5826,JTSJOL,2024-09-04
2017-06-01,6305,JTSJOL,2024-09-04
2017-07-01,6238,JTSJOL,2024-09-04
2017-08-01,6276,JTSJOL,2024-09-04
2017-09-01,6320,JTSJOL,2024-09-04
2017-10-01,6408,JTSJOL,2024-09-04
2017-11-01,6271,JTSJOL,2024-09-04
2017-12-01,6336,JTSJOL,2024-09-04
2018-01-01,6621,JTSJOL,2024-09-04
2018-02-01,6552,JTSJOL,2024-09-04
2018-03-01,6818,JTSJOL,2024-09-04
2018-04-01,6877,JTSJOL,2024-09-04
2018-05-01,7016,JTSJOL,2024-09-04
2018-06-01,7230,JTSJOL,2024-09-04
2018-07-01,7190,JTSJOL,2024-09-04
2018-08-01,7208,JTSJOL,2024-09-04
2018-09-01,7411,JTSJOL,2024-09-04
2018-10-01,7304,JTSJOL,2024-09-04
2018-11-01,7594,JTSJOL,2024-09-04
2018-12-01,7489,JTSJOL,2024-09-04
2019-01-01,7502,JTSJOL,2024-09-04
2019-02-01,7066,JTSJOL,2024-09-04
2019-03-01,7317,JTSJOL,2024-09-04
2019-04-01,7272,JTSJOL,2024-09-04
2019-05-01,7275,JTSJOL,2024-09-04
2019-06-01,7194,JTSJOL,2024-09-04
2019-07-01,7042,JTSJOL,2024-09-04
2019-08-01,7178,JTSJOL,2024-09-04
2019-09-01,7124,JTSJOL,2024-09-04
2019-10-01,7289,JTSJOL,2024-09-04
2019-11-01,6888,JTSJOL,2024-09-04
2019-12-01,6699,JTSJOL,2024-09-04
2020-01-01,7170,JTSJOL,2024-09-04
2020-02-01,6974,JTSJOL,2024-09-04
2020-03-01,5924,JTSJOL,2024-09-04
2020-04-01,4637,JTSJOL,2024-09-04
2020-05-01,5593,JTSJOL,2024-09-04
2020-06-01,6156,JTSJOL,2024-09-04
2020-07-01,6491,JTSJOL,2024-09-04
2020-08-01,6369,JTSJOL,2024-09-04
2020-09-01,6505,JTSJOL,2024-09-04
2020-10-01,6838,JTSJOL,2024-09-04
2020-11-01,6857,JTSJOL,2024-09-04
2020-12-01,6758,JTSJOL,2024-09-04
2021-01-01,7185,JTSJOL,2024-09-04
2021-02-01,7818,JTSJOL,2024-09-04
2021-03-01,8519,JTSJOL,2024-09-04
2021-04-01,9282,JTSJOL,2024-09-04
2021-05-01,9905,JTSJOL,2024-09-04
2021-06-01,10317,JTSJOL,2024-09-04
2021-07-01,10991,JTSJOL,2024-09-04
2021-08-01,10884,JTSJOL,2024-09-04
2021-09-01,10875,JTSJOL,2024-09-04
2021-10-01,11365,JTSJOL,2024-09-04
2021-11-01,11178,JTSJOL,2024-09-04
2021-12-01,11511,JTSJOL,2024-09-04
2022-01-01,11243,JTSJOL,2024-09-04
2022-02-01,11700,JTSJOL,2024-09-04
2022-03-01,12182,JTSJOL,2024-09-04
2022-04-01,11773,JTSJOL,2024-09-04
2022-05-01,11473,JTSJOL,2024-09-04
2022-06-01,11204,JTSJOL,2024-09-04
2022-07-01,11537,JTSJOL,2024-09-04
2022-08-01,10119,JTSJOL,2024-09-04
2022-09-01,10784,JTSJOL,2024-09-04
2022-10-01,10526,JTSJOL,2024-09-04
2022-11-01,10702,JTSJOL,2024-09-04
2022-12-01,11000,JTSJOL,2024-09-04
2023-01-01,10425,JTSJOL,2024-09-04
2023-02-01,9849,JTSJOL,2024-09-04
2023-03-01,9623,JTSJOL,2024-09-04
2023-04-01,9904,JTSJOL,2024-09-04
2023-05-01,9311,JTSJOL,2024-09-04
2023-06-01,9125,JTSJOL,2024-09-04
2023-07-01,8805,JTSJOL,2024-09-04
2023-08-01,9358,JTSJOL,2024-09-04
2023-09-01,9307,JTSJOL,2024-09-04
2023-10-01,8685,JTSJOL,2024-09-04
2023-11-01,8931,JTSJOL,2024-09-04
2023-12-01,8889,JTSJOL,2024-09-04
2024-01-01,8748,JTSJOL,2024-09-04
2024-02-01,8813,JTSJOL,2024-09-04
2024-03-01,8355,JTSJOL,2024-09-04
2024-04-01,7919,JTSJOL,2024-09-04
2024-05-01,8230,JTSJOL,2024-09-04
2024-06-01,7910,JTSJOL,2024-09-04
2024-07-01,7673,JTSJOL,2024-09-04
1958-02-01,12026.0,DGORDER,2024-09-04
1958-03-01,12630.0,DGORDER,2024-09-04
1958-04-01,11836.0,DGORDER,2024-09-04
1958-05-01,12380.0,DGORDER,2024-09-04
1958-06-01,13399.0,DGORDER,2024-09-04
1958-07-01,13072.0,DGORDER,2024-09-04
1958-08-01,13783.0,DGORDER,2024-09-04
1958-09-01,13326.0,DGORDER,2024-09-04
1958-10-01,14230.0,DGORDER,2024-09-04
1958-11-01,15438.0,DGORDER,2024-09-04
1958-12-01,14722.0,DGORDER,2024-09-04
1959-01-01,15647.0,DGORDER,2024-09-04
1959-02-01,16374.0,DGORDER,2024-09-04
1959-03-01,16741.0,DGORDER,2024-09-04
1959-04-01,16926.0,DGORDER,2024-09-04
1959-05-01,16213.0,DGORDER,2024-09-04
1959-06-01,16971.0,DGORDER,2024-09-04
1959-07-01,15676.0,DGORDER,2024-09-04
1959-08-01,14935.0,DGORDER,2024-09-04
1959-09-01,15342.0,DGORDER,2024-09-04
1959-10-01,15632.0,DGORDER,2024-09-04
1959-11-01,14754.0,DGORDER,2024-09-04
1959-12-01,16124.0,DGORDER,2024-09-04
1960-01-01,15507.0,DGORDER,2024-09-04
1960-02-01,15455.0,DGORDER,2024-09-04
1960-03-01,15284.0,DGORDER,2024-09-04
1960-04-01,15120.0,DGORDER,2024-09-04
1960-05-01,15303.0,DGORDER,2024-09-04
1960-06-01,15596.0,DGORDER,2024-09-04
1960-07-01,15065.0,DGORDER,2024-09-04
1960-08-01,15982.0,DGORDER,2024-09-04
1960-09-01,15870.0,DGORDER,2024-09-04
1960-10-01,14704.0,DGORDER,2024-09-04
1960-11-01,14733.0,DGORDER,2024-09-04
1960-12-01,14923.0,DGORDER,2024-09-04
1961-01-01,14092.0,DGORDER,2024-09-04
1961-02-01,14443.0,DGORDER,2024-09-04
1961-03-01,14474.0,DGORDER,2024-09-04
1961-04-01,15334.0,DGORDER,2024-09-04
1961-05-01,15522.0,DGORDER,2024-09-04
1961-06-01,15881.0,DGORDER,2024-09-04
1961-07-01,15628.0,DGORDER,2024-09-04
1961-08-01,16552.0,DGORDER,2024-09-04
1961-09-01,16296.0,DGORDER,2024-09-04
1961-10-01,16430.0,DGORDER,2024-09-04
1961-11-01,16991.0,DGORDER,2024-09-04
1961-12-01,17536.0,DGORDER,2024-09-04
1962-01-01,17469.0,DGORDER,2024-09-04
1962-02-01,17570.0,DGORDER,2024-09-04
1962-03-01,17056.0,DGORDER,2024-09-04
1962-04-01,16826.0,DGORDER,2024-09-04
1962-05-01,16896.0,DGORDER,2024-09-04
1962-06-01,16795.0,DGORDER,2024-09-04
1962-07-01,17031.0,DGORDER,2024-09-04
1962-08-01,16929.0,DGORDER,2024-09-04
1962-09-01,17697.0,DGORDER,2024-09-04
1962-10-01,18048.0,DGORDER,2024-09-04
1962-11-01,17591.0,DGORDER,2024-09-04
1962-12-01,18486.0,DGORDER,2024-09-04
1963-01-01,18352.0,DGORDER,2024-09-04
1963-02-01,18555.0,DGORDER,2024-09-04
1963-03-01,18885.0,DGORDER,2024-09-04
1963-04-01,18720.0,DGORDER,2024-09-04
1963-05-01,18940.0,DGORDER,2024-09-04
1963-06-01,18206.0,DGORDER,2024-09-04
1963-07-01,18877.0,DGORDER,2024-09-04
1963-08-01,18299.0,DGORDER,2024-09-04
1963-09-01,18810.0,DGORDER,2024-09-04
1963-10-01,19146.0,DGORDER,2024-09-04
1963-11-01,18798.0,DGORDER,2024-09-04
1963-12-01,18444.0,DGORDER,2024-09-04
1964-01-01,20498.0,DGORDER,2024-09-04
1964-02-01,19753.0,DGORDER,2024-09-04
1964-03-01,19616.0,DGORDER,2024-09-04
1964-04-01,20403.0,DGORDER,2024-09-04
1964-05-01,20405.0,DGORDER,2024-09-04
1964-06-01,20551.0,DGORDER,2024-09-04
1964-07-01,21503.0,DGORDER,2024-09-04
1964-08-01,19761.0,DGORDER,2024-09-04
1964-09-01,20999.0,DGORDER,2024-09-04
1964-10-01,20682.0,DGORDER,2024-09-04
1964-11-01,20562.0,DGORDER,2024-09-04
1964-12-01,21666.0,DGORDER,2024-09-04
1965-01-01,22416.0,DGORDER,2024-09-04
1965-02-01,22206.0,DGORDER,2024-09-04
1965-03-01,22752.0,DGORDER,2024-09-04
1965-04-01,23068.0,DGORDER,2024-09-04
1965-05-01,22445.0,DGORDER,2024-09-04
1965-06-01,22763.0,DGORDER,2024-09-04
1965-07-01,23495.0,DGORDER,2024-09-04
1965-08-01,23705.0,DGORDER,2024-09-04
1965-09-01,23026.0,DGORDER,2024-09-04
1965-10-01,24215.0,DGORDER,2024-09-04
1965-11-01,24469.0,DGORDER,2024-09-04
1965-12-01,25030.0,DGORDER,2024-09-04
1966-01-01,25791.0,DGORDER,2024-09-04
1966-02-01,25681.0,DGORDER,2024-09-04
1966-03-01,26793.0,DGORDER,2024-09-04
1966-04-01,26279.0,DGORDER,2024-09-04
1966-05-01,25963.0,DGORDER,2024-09-04
1966-06-01,26651.0,DGORDER,2024-09-04
1966-07-01,26024.0,DGORDER,2024-09-04
1966-08-01,25433.0,DGORDER,2024-09-04
1966-09-01,27326.0,DGORDER,2024-09-04
1966-10-01,26463.0,DGORDER,2024-09-04
1966-11-01,25575.0,DGORDER,2024-09-04
1966-12-01,25501.0,DGORDER,2024-09-04
1967-01-01,24924.0,DGORDER,2024-09-04
1967-02-01,24775.0,DGORDER,2024-09-04
1967-03-01,24402.0,DGORDER,2024-09-04
1967-04-01,24581.0,DGORDER,2024-09-04
1967-05-01,25968.0,DGORDER,2024-09-04
1967-06-01,26426.0,DGORDER,2024-09-04
1967-07-01,25504.0,DGORDER,2024-09-04
1967-08-01,26043.0,DGORDER,2024-09-04
1967-09-01,25575.0,DGORDER,2024-09-04
1967-10-01,26052.0,DGORDER,2024-09-04
1967-11-01,26412.0,DGORDER,2024-09-04
1967-12-01,28865.0,DGORDER,2024-09-04
1968-01-01,27256.0,DGORDER,2024-09-04
1968-02-01,27421.0,DGORDER,2024-09-04
1968-03-01,28648.0,DGORDER,2024-09-04
1968-04-01,27502.0,DGORDER,2024-09-04
1968-05-01,26989.0,DGORDER,2024-09-04
1968-06-01,27347.0,DGORDER,2024-09-04
1968-07-01,27217.0,DGORDER,2024-09-04
1968-08-01,27074.0,DGORDER,2024-09-04
1968-09-01,28649.0,DGORDER,2024-09-04
1968-10-01,30010.0,DGORDER,2024-09-04
1968-11-01,28909.0,DGORDER,2024-09-04
1968-12-01,28783.0,DGORDER,2024-09-04
1969-01-01,29503.0,DGORDER,2024-09-04
1969-02-01,30300.0,DGORDER,2024-09-04
1969-03-01,29840.0,DGORDER,2024-09-04
1969-04-01,31433.0,DGORDER,2024-09-04
1969-05-01,29583.0,DGORDER,2024-09-04
1969-06-01,29083.0,DGORDER,2024-09-04
1969-07-01,29220.0,DGORDER,2024-09-04
1969-08-01,29871.0,DGORDER,2024-09-04
1969-09-01,31030.0,DGORDER,2024-09-04
1969-10-01,30242.0,DGORDER,2024-09-04
1969-11-01,29572.0,DGORDER,2024-09-04
1969-12-01,29244.0,DGORDER,2024-09-04
1970-01-01,28093.0,DGORDER,2024-09-04
1970-02-01,27911.0,DGORDER,2024-09-04
1970-03-01,27240.0,DGORDER,2024-09-04
1970-04-01,26657.0,DGORDER,2024-09-04
1970-05-01,27503.0,DGORDER,2024-09-04
1970-06-01,28026.0,DGORDER,2024-09-04
1970-07-01,27703.0,DGORDER,2024-09-04
1970-08-01,27527.0,DGORDER,2024-09-04
1970-09-01,27639.0,DGORDER,2024-09-04
1970-10-01,25464.0,DGORDER,2024-09-04
1970-11-01,25878.0,DGORDER,2024-09-04
1970-12-01,28770.0,DGORDER,2024-09-04
1971-01-01,29658.0,DGORDER,2024-09-04
1971-02-01,30214.0,DGORDER,2024-09-04
1971-03-01,29625.0,DGORDER,2024-09-04
1971-04-01,28883.0,DGORDER,2024-09-04
1971-05-01,28536.0,DGORDER,2024-09-04
1971-06-01,29282.0,DGORDER,2024-09-04
1971-07-01,28928.0,DGORDER,2024-09-04
1971-08-01,30554.0,DGORDER,2024-09-04
1971-09-01,30616.0,DGORDER,2024-09-04
1971-10-01,29972.0,DGORDER,2024-09-04
1971-11-01,30890.0,DGORDER,2024-09-04
1971-12-01,31666.0,DGORDER,2024-09-04
1972-01-01,32331.0,DGORDER,2024-09-04
1972-02-01,33100.0,DGORDER,2024-09-04
1972-03-01,33165.0,DGORDER,2024-09-04
1972-04-01,33511.0,DGORDER,2024-09-04
1972-05-01,34140.0,DGORDER,2024-09-04
1972-06-01,34313.0,DGORDER,2024-09-04
1972-07-01,33616.0,DGORDER,2024-09-04
1972-08-01,35367.0,DGORDER,2024-09-04
1972-09-01,37474.0,DGORDER,2024-09-04
1972-10-01,36729.0,DGORDER,2024-09-04
1972-11-01,37526.0,DGORDER,2024-09-04
1972-12-01,39203.0,DGORDER,2024-09-04
1973-01-01,40211.0,DGORDER,2024-09-04
1973-02-01,41296.0,DGORDER,2024-09-04
1973-03-01,42562.0,DGORDER,2024-09-04
1973-04-01,42047.0,DGORDER,2024-09-04
1973-05-01,42450.0,DGORDER,2024-09-04
1973-06-01,42508.0,DGORDER,2024-09-04
1973-07-01,42763.0,DGORDER,2024-09-04
1973-08-01,42773.0,DGORDER,2024-09-04
1973-09-01,42374.0,DGORDER,2024-09-04
1973-10-01,44069.0,DGORDER,2024-09-04
1973-11-01,45351.0,DGORDER,2024-09-04
1973-12-01,43215.0,DGORDER,2024-09-04
1974-01-01,45523.0,DGORDER,2024-09-04
1974-02-01,45588.0,DGORDER,2024-09-04
1974-03-01,45117.0,DGORDER,2024-09-04
1974-04-01,45911.0,DGORDER,2024-09-04
1974-05-01,48425.0,DGORDER,2024-09-04
1974-06-01,48359.0,DGORDER,2024-09-04
1974-07-01,49793.0,DGORDER,2024-09-04
1974-08-01,51833.0,DGORDER,2024-09-04
1974-09-01,48850.0,DGORDER,2024-09-04
1974-10-01,45989.0,DGORDER,2024-09-04
1974-11-01,45331.0,DGORDER,2024-09-04
1974-12-01,41584.0,DGORDER,2024-09-04
1975-01-01,41296.0,DGORDER,2024-09-04
1975-02-01,40732.0,DGORDER,2024-09-04
1975-03-01,38420.0,DGORDER,2024-09-04
1975-04-01,40638.0,DGORDER,2024-09-04
1975-05-01,39944.0,DGORDER,2024-09-04
1975-06-01,40021.0,DGORDER,2024-09-04
1975-07-01,43775.0,DGORDER,2024-09-04
1975-08-01,44010.0,DGORDER,2024-09-04
1975-09-01,43913.0,DGORDER,2024-09-04
1975-10-01,43254.0,DGORDER,2024-09-04
1975-11-01,43688.0,DGORDER,2024-09-04
1975-12-01,44156.0,DGORDER,2024-09-04
1976-01-01,45898.0,DGORDER,2024-09-04
1976-02-01,48112.0,DGORDER,2024-09-04
1976-03-01,50103.0,DGORDER,2024-09-04
1976-04-01,49968.0,DGORDER,2024-09-04
1976-05-01,50057.0,DGORDER,2024-09-04
1976-06-01,50930.0,DGORDER,2024-09-04
1976-07-01,52528.0,DGORDER,2024-09-04
1976-08-01,52144.0,DGORDER,2024-09-04
1976-09-01,52460.0,DGORDER,2024-09-04
1976-10-01,52564.0,DGORDER,2024-09-04
1976-11-01,54182.0,DGORDER,2024-09-04
1976-12-01,57253.0,DGORDER,2024-09-04
1977-01-01,55851.0,DGORDER,2024-09-04
1977-02-01,56361.0,DGORDER,2024-09-04
1977-03-01,59500.0,DGORDER,2024-09-04
1977-04-01,59035.0,DGORDER,2024-09-04
1977-05-01,59429.0,DGORDER,2024-09-04
1977-06-01,61526.0,DGORDER,2024-09-04
1977-07-01,61049.0,DGORDER,2024-09-04
1977-08-01,61810.0,DGORDER,2024-09-04
1977-09-01,63370.0,DGORDER,2024-09-04
1977-10-01,64699.0,DGORDER,2024-09-04
1977-11-01,64202.0,DGORDER,2024-09-04
1977-12-01,66770.0,DGORDER,2024-09-04
1978-01-01,62687.0,DGORDER,2024-09-04
1978-02-01,65180.0,DGORDER,2024-09-04
1978-03-01,68471.0,DGORDER,2024-09-04
1978-04-01,70887.0,DGORDER,2024-09-04
1978-05-01,71664.0,DGORDER,2024-09-04
1978-06-01,72728.0,DGORDER,2024-09-04
1978-07-01,71451.0,DGORDER,2024-09-04
1978-08-01,73933.0,DGORDER,2024-09-04
1978-09-01,75749.0,DGORDER,2024-09-04
1978-10-01,78545.0,DGORDER,2024-09-04
1978-11-01,78609.0,DGORDER,2024-09-04
1978-12-01,77796.0,DGORDER,2024-09-04
1979-01-01,78202.0,DGORDER,2024-09-04
1979-02-01,80775.0,DGORDER,2024-09-04
1979-03-01,84232.0,DGORDER,2024-09-04
1979-04-01,78302.0,DGORDER,2024-09-04
1979-05-01,80075.0,DGORDER,2024-09-04
1979-06-01,80591.0,DGORDER,2024-09-04
1979-07-01,78987.0,DGORDER,2024-09-04
1979-08-01,77082.0,DGORDER,2024-09-04
1979-09-01,79890.0,DGORDER,2024-09-04
1979-10-01,79242.0,DGORDER,2024-09-04
1979-11-01,77678.0,DGORDER,2024-09-04
1979-12-01,78532.0,DGORDER,2024-09-04
1980-01-01,82849.0,DGORDER,2024-09-04
1980-02-01,83281.0,DGORDER,2024-09-04
1980-03-01,80362.0,DGORDER,2024-09-04
1980-04-01,75138.0,DGORDER,2024-09-04
1980-05-01,68987.0,DGORDER,2024-09-04
1980-06-01,71430.0,DGORDER,2024-09-04
1980-07-01,77374.0,DGORDER,2024-09-04
1980-08-01,76145.0,DGORDER,2024-09-04
1980-09-01,83058.0,DGORDER,2024-09-04
1980-10-01,85583.0,DGORDER,2024-09-04
1980-11-01,82783.0,DGORDER,2024-09-04
1980-12-01,86217.0,DGORDER,2024-09-04
1981-01-01,82567.0,DGORDER,2024-09-04
1981-02-01,82837.0,DGORDER,2024-09-04
1981-03-01,84911.0,DGORDER,2024-09-04
1981-04-01,87159.0,DGORDER,2024-09-04
1981-05-01,87101.0,DGORDER,2024-09-04
1981-06-01,87195.0,DGORDER,2024-09-04
1981-07-01,87175.0,DGORDER,2024-09-04
1981-08-01,85065.0,DGORDER,2024-09-04
1981-09-01,84065.0,DGORDER,2024-09-04
1981-10-01,80370.0,DGORDER,2024-09-04
1981-11-01,79015.0,DGORDER,2024-09-04
1981-12-01,75976.0,DGORDER,2024-09-04
1982-01-01,79673.0,DGORDER,2024-09-04
1982-02-01,79628.0,DGORDER,2024-09-04
1982-03-01,82293.0,DGORDER,2024-09-04
1982-04-01,80357.0,DGORDER,2024-09-04
1982-05-01,77558.0,DGORDER,2024-09-04
1982-06-01,77341.0,DGORDER,2024-09-04
1982-07-01,78440.0,DGORDER,2024-09-04
1982-08-01,74819.0,DGORDER,2024-09-04
1982-09-01,77033.0,DGORDER,2024-09-04
1982-10-01,76040.0,DGORDER,2024-09-04
1982-11-01,73626.0,DGORDER,2024-09-04
1982-12-01,79268.0,DGORDER,2024-09-04
1983-01-01,82957.0,DGORDER,2024-09-04
1983-02-01,77755.0,DGORDER,2024-09-04
1983-03-01,80748.0,DGORDER,2024-09-04
1983-04-01,83371.0,DGORDER,2024-09-04
1983-05-01,83178.0,DGORDER,2024-09-04
1983-06-01,89014.0,DGORDER,2024-09-04
1983-07-01,88201.0,DGORDER,2024-09-04
1983-08-01,88600.0,DGORDER,2024-09-04
1983-09-01,92646.0,DGORDER,2024-09-04
1983-10-01,97281.0,DGORDER,2024-09-04
1983-11-01,97245.0,DGORDER,2024-09-04
1983-12-01,97801.0,DGORDER,2024-09-04
1984-01-01,99943.0,DGORDER,2024-09-04
1984-02-01,101241.0,DGORDER,2024-09-04
1984-03-01,105837.0,DGORDER,2024-09-04
1984-04-01,97902.0,DGORDER,2024-09-04
1984-05-01,100516.0,DGORDER,2024-09-04
1984-06-01,97436.0,DGORDER,2024-09-04
1984-07-01,101410.0,DGORDER,2024-09-04
1984-08-01,100514.0,DGORDER,2024-09-04
1984-09-01,97082.0,DGORDER,2024-09-04
1984-10-01,97698.0,DGORDER,2024-09-04
1984-11-01,102342.0,DGORDER,2024-09-04
1984-12-01,99292.0,DGORDER,2024-09-04
1985-01-01,103791.0,DGORDER,2024-09-04
1985-02-01,100305.0,DGORDER,2024-09-04
1985-03-01,99260.0,DGORDER,2024-09-04
1985-04-01,98512.0,DGORDER,2024-09-04
1985-05-01,101579.0,DGORDER,2024-09-04
1985-06-01,104817.0,DGORDER,2024-09-04
1985-07-01,102048.0,DGORDER,2024-09-04
1985-08-01,104587.0,DGORDER,2024-09-04
1985-09-01,104675.0,DGORDER,2024-09-04
1985-10-01,103342.0,DGORDER,2024-09-04
1985-11-01,99384.0,DGORDER,2024-09-04
1985-12-01,104618.0,DGORDER,2024-09-04
1986-01-01,107103.0,DGORDER,2024-09-04
1986-02-01,104962.0,DGORDER,2024-09-04
1986-03-01,103880.0,DGORDER,2024-09-04
1986-04-01,101966.0,DGORDER,2024-09-04
1986-05-01,100918.0,DGORDER,2024-09-04
1986-06-01,101735.0,DGORDER,2024-09-04
1986-07-01,103459.0,DGORDER,2024-09-04
1986-08-01,100184.0,DGORDER,2024-09-04
1986-09-01,105270.0,DGORDER,2024-09-04
1986-10-01,102973.0,DGORDER,2024-09-04
1986-11-01,103102.0,DGORDER,2024-09-04
1986-12-01,106884.0,DGORDER,2024-09-04
1987-01-01,101861.0,DGORDER,2024-09-04
1987-02-01,105905.0,DGORDER,2024-09-04
1987-03-01,108797.0,DGORDER,2024-09-04
1987-04-01,109952.0,DGORDER,2024-09-04
1987-05-01,110754.0,DGORDER,2024-09-04
1987-06-01,112209.0,DGORDER,2024-09-04
1987-07-01,114571.0,DGORDER,2024-09-04
1987-08-01,109361.0,DGORDER,2024-09-04
1987-09-01,111419.0,DGORDER,2024-09-04
1987-10-01,113902.0,DGORDER,2024-09-04
1987-11-01,114144.0,DGORDER,2024-09-04
1987-12-01,115276.0,DGORDER,2024-09-04
1988-01-01,117192.0,DGORDER,2024-09-04
1988-02-01,118443.0,DGORDER,2024-09-04
1988-03-01,117583.0,DGORDER,2024-09-04
1988-04-01,117717.0,DGORDER,2024-09-04
1988-05-01,119356.0,DGORDER,2024-09-04
1988-06-01,122466.0,DGORDER,2024-09-04
1988-07-01,121869.0,DGORDER,2024-09-04
1988-08-01,123103.0,DGORDER,2024-09-04
1988-09-01,123037.0,DGORDER,2024-09-04
1988-10-01,124429.0,DGORDER,2024-09-04
1988-11-01,123338.0,DGORDER,2024-09-04
1988-12-01,135387.0,DGORDER,2024-09-04
1989-01-01,131507.0,DGORDER,2024-09-04
1989-02-01,127569.0,DGORDER,2024-09-04
1989-03-01,127366.0,DGORDER,2024-09-04
1989-04-01,128469.0,DGORDER,2024-09-04
1989-05-01,122108.0,DGORDER,2024-09-04
1989-06-01,125246.0,DGORDER,2024-09-04
1989-07-01,122931.0,DGORDER,2024-09-04
1989-08-01,121544.0,DGORDER,2024-09-04
1989-09-01,124643.0,DGORDER,2024-09-04
1989-10-01,120279.0,DGORDER,2024-09-04
1989-11-01,128189.0,DGORDER,2024-09-04
1989-12-01,131040.0,DGORDER,2024-09-04
1990-01-01,120989.0,DGORDER,2024-09-04
1990-02-01,124176.0,DGORDER,2024-09-04
1990-03-01,131857.0,DGORDER,2024-09-04
1990-04-01,124718.0,DGORDER,2024-09-04
1990-05-01,128858.0,DGORDER,2024-09-04
1990-06-01,126316.0,DGORDER,2024-09-04
1990-07-01,129004.0,DGORDER,2024-09-04
1990-08-01,125439.0,DGORDER,2024-09-04
1990-09-01,126504.0,DGORDER,2024-09-04
1990-10-01,128747.0,DGORDER,2024-09-04
1990-11-01,116830.0,DGORDER,2024-09-04
1990-12-01,121639.0,DGORDER,2024-09-04
1991-01-01,118074.0,DGORDER,2024-09-04
1991-02-01,118705.0,DGORDER,2024-09-04
1991-03-01,111574.0,DGORDER,2024-09-04
1991-04-01,116338.0,DGORDER,2024-09-04
1991-05-01,119325.0,DGORDER,2024-09-04
1991-06-01,115480.0,DGORDER,2024-09-04
1991-07-01,131509.0,DGORDER,2024-09-04
1991-08-01,124358.0,DGORDER,2024-09-04
1991-09-01,121121.0,DGORDER,2024-09-04
1991-10-01,122414.0,DGORDER,2024-09-04
1991-11-01,124562.0,DGORDER,2024-09-04
1991-12-01,116408.0,DGORDER,2024-09-04
1992-01-01,121445.0,DGORDER,2024-09-04
1992-02-01,114535.0,DGORDER,2024-09-04
1992-03-01,120025.0,DGORDER,2024-09-04
1992-04-01,124470.0,DGORDER,2024-09-04
1992-05-01,125822.0,DGORDER,2024-09-04
1992-06-01,122834.0,DGORDER,2024-09-04
1992-07-01,122590.0,DGORDER,2024-09-04
1992-08-01,120411.0,DGORDER,2024-09-04
1992-09-01,120711.0,DGORDER,2024-09-04
1992-10-01,127392.0,DGORDER,2024-09-04
1992-11-01,122374.0,DGORDER,2024-09-04
1992-12-01,126080.0,DGORDER,2024-09-04
1993-01-01,121637.0,DGORDER,2024-09-04
1993-02-01,128854.0,DGORDER,2024-09-04
1993-03-01,126762.0,DGORDER,2024-09-04
1993-04-01,127395.0,DGORDER,2024-09-04
1993-05-01,126529.0,DGORDER,2024-09-04
1993-06-01,130212.0,DGORDER,2024-09-04
1993-07-01,128111.0,DGORDER,2024-09-04
1993-08-01,129378.0,DGORDER,2024-09-04
1993-09-01,127233.0,DGORDER,2024-09-04
1993-10-01,133168.0,DGORDER,2024-09-04
1993-11-01,130391.0,DGORDER,2024-09-04
1993-12-01,133565.0,DGORDER,2024-09-04
1994-01-01,138498.0,DGORDER,2024-09-04
1994-02-01,137141.0,DGORDER,2024-09-04
1994-03-01,136548.0,DGORDER,2024-09-04
1994-04-01,140336.0,DGORDER,2024-09-04
1994-05-01,142630.0,DGORDER,2024-09-04
1994-06-01,145063.0,DGORDER,2024-09-04
1994-07-01,145013.0,DGORDER,2024-09-04
1994-08-01,145884.0,DGORDER,2024-09-04
1994-09-01,145487.0,DGORDER,2024-09-04
1994-10-01,149547.0,DGORDER,2024-09-04
1994-11-01,150038.0,DGORDER,2024-09-04
1994-12-01,152489.0,DGORDER,2024-09-04
1995-01-01,150459.0,DGORDER,2024-09-04
1995-02-01,153856.0,DGORDER,2024-09-04
1995-03-01,152888.0,DGORDER,2024-09-04
1995-04-01,151401.0,DGORDER,2024-09-04
1995-05-01,152838.0,DGORDER,2024-09-04
1995-06-01,150051.0,DGORDER,2024-09-04
1995-07-01,148915.0,DGORDER,2024-09-04
1995-08-01,154372.0,DGORDER,2024-09-04
1995-09-01,160175.0,DGORDER,2024-09-04
1995-10-01,155473.0,DGORDER,2024-09-04
1995-11-01,156146.0,DGORDER,2024-09-04
1995-12-01,163279.0,DGORDER,2024-09-04
1996-01-01,155806.0,DGORDER,2024-09-04
1996-02-01,150773.0,DGORDER,2024-09-04
1996-03-01,164976.0,DGORDER,2024-09-04
1996-04-01,156830.0,DGORDER,2024-09-04
1996-05-01,164502.0,DGORDER,2024-09-04
1996-06-01,164599.0,DGORDER,2024-09-04
1996-07-01,163588.0,DGORDER,2024-09-04
1996-08-01,157310.0,DGORDER,2024-09-04
1996-09-01,165442.0,DGORDER,2024-09-04
1996-10-01,165266.0,DGORDER,2024-09-04
1996-11-01,170783.0,DGORDER,2024-09-04
1996-12-01,162332.0,DGORDER,2024-09-04
1997-01-01,161827.0,DGORDER,2024-09-04
1997-02-01,170221.0,DGORDER,2024-09-04
1997-03-01,167568.0,DGORDER,2024-09-04
1997-04-01,174054.0,DGORDER,2024-09-04
1997-05-01,168586.0,DGORDER,2024-09-04
1997-06-01,174828.0,DGORDER,2024-09-04
1997-07-01,178860.0,DGORDER,2024-09-04
1997-08-01,177302.0,DGORDER,2024-09-04
1997-09-01,177835.0,DGORDER,2024-09-04
1997-10-01,177801.0,DGORDER,2024-09-04
1997-11-01,191187.0,DGORDER,2024-09-04
1997-12-01,173770.0,DGORDER,2024-09-04
1998-01-01,174288.0,DGORDER,2024-09-04
1998-02-01,181270.0,DGORDER,2024-09-04
1998-03-01,176886.0,DGORDER,2024-09-04
1998-04-01,180915.0,DGORDER,2024-09-04
1998-05-01,180634.0,DGORDER,2024-09-04
1998-06-01,172189.0,DGORDER,2024-09-04
1998-07-01,170459.0,DGORDER,2024-09-04
1998-08-01,179033.0,DGORDER,2024-09-04
1998-09-01,181422.0,DGORDER,2024-09-04
1998-10-01,178527.0,DGORDER,2024-09-04
1998-11-01,182400.0,DGORDER,2024-09-04
1998-12-01,178424.0,DGORDER,2024-09-04
1999-01-01,186527.0,DGORDER,2024-09-04
1999-02-01,185546.0,DGORDER,2024-09-04
1999-03-01,184689.0,DGORDER,2024-09-04
1999-04-01,182993.0,DGORDER,2024-09-04
1999-05-01,185963.0,DGORDER,2024-09-04
1999-06-01,182590.0,DGORDER,2024-09-04
1999-07-01,189083.0,DGORDER,2024-09-04
1999-08-01,189414.0,DGORDER,2024-09-04
1999-09-01,188910.0,DGORDER,2024-09-04
1999-10-01,194547.0,DGORDER,2024-09-04
1999-11-01,186597.0,DGORDER,2024-09-04
1999-12-01,196344.0,DGORDER,2024-09-04
2000-01-01,201360.0,DGORDER,2024-09-04
2000-02-01,183911.0,DGORDER,2024-09-04
2000-03-01,192130.0,DGORDER,2024-09-04
2000-04-01,195044.0,DGORDER,2024-09-04
2000-05-01,188606.0,DGORDER,2024-09-04
2000-06-01,219745.0,DGORDER,2024-09-04
2000-07-01,189265.0,DGORDER,2024-09-04
2000-08-01,188730.0,DGORDER,2024-09-04
2000-09-01,199947.0,DGORDER,2024-09-04
2000-10-01,186158.0,DGORDER,2024-09-04
2000-11-01,189392.0,DGORDER,2024-09-04
2000-12-01,188659.0,DGORDER,2024-09-04
2001-01-01,177056.0,DGORDER,2024-09-04
2001-02-01,180276.0,DGORDER,2024-09-04
2001-03-01,182209.0,DGORDER,2024-09-04
2001-04-01,171850.0,DGORDER,2024-09-04
2001-05-01,177749.0,DGORDER,2024-09-04
2001-06-01,176350.0,DGORDER,2024-09-04
2001-07-01,170129.0,DGORDER,2024-09-04
2001-08-01,170484.0,DGORDER,2024-09-04
2001-09-01,164123.0,DGORDER,2024-09-04
2001-10-01,171530.0,DGORDER,2024-09-04
2001-11-01,163811.0,DGORDER,2024-09-04
2001-12-01,165304.0,DGORDER,2024-09-04
2002-01-01,163324.0,DGORDER,2024-09-04
2002-02-01,172406.0,DGORDER,2024-09-04
2002-03-01,167853.0,DGORDER,2024-09-04
2002-04-01,171852.0,DGORDER,2024-09-04
2002-05-01,171854.0,DGORDER,2024-09-04
2002-06-01,166070.0,DGORDER,2024-09-04
2002-07-01,174282.0,DGORDER,2024-09-04
2002-08-01,177126.0,DGORDER,2024-09-04
2002-09-01,166838.0,DGORDER,2024-09-04
2002-10-01,169134.0,DGORDER,2024-09-04
2002-11-01,170023.0,DGORDER,2024-09-04
2002-12-01,163962.0,DGORDER,2024-09-04
2003-01-01,169994.0,DGORDER,2024-09-04
2003-02-01,174113.0,DGORDER,2024-09-04
2003-03-01,172245.0,DGORDER,2024-09-04
2003-04-01,169347.0,DGORDER,2024-09-04
2003-05-01,171542.0,DGORDER,2024-09-04
2003-06-01,173507.0,DGORDER,2024-09-04
2003-07-01,173320.0,DGORDER,2024-09-04
2003-08-01,173044.0,DGORDER,2024-09-04
2003-09-01,178690.0,DGORDER,2024-09-04
2003-10-01,183704.0,DGORDER,2024-09-04
2003-11-01,181685.0,DGORDER,2024-09-04
2003-12-01,181513.0,DGORDER,2024-09-04
2004-01-01,178696.0,DGORDER,2024-09-04
2004-02-01,181662.0,DGORDER,2024-09-04
2004-03-01,190869.0,DGORDER,2024-09-04
2004-04-01,184368.0,DGORDER,2024-09-04
2004-05-01,183459.0,DGORDER,2024-09-04
2004-06-01,185640.0,DGORDER,2024-09-04
2004-07-01,186835.0,DGORDER,2024-09-04
2004-08-01,183728.0,DGORDER,2024-09-04
2004-09-01,188444.0,DGORDER,2024-09-04
2004-10-01,185187.0,DGORDER,2024-09-04
2004-11-01,192545.0,DGORDER,2024-09-04
2004-12-01,193578.0,DGORDER,2024-09-04
2005-01-01,194875.0,DGORDER,2024-09-04
2005-02-01,196475.0,DGORDER,2024-09-04
2005-03-01,186608.0,DGORDER,2024-09-04
2005-04-01,194847.0,DGORDER,2024-09-04
2005-05-01,206623.0,DGORDER,2024-09-04
2005-06-01,210020.0,DGORDER,2024-09-04
2005-07-01,194475.0,DGORDER,2024-09-04
2005-08-01,204839.0,DGORDER,2024-09-04
2005-09-01,203997.0,DGORDER,2024-09-04
2005-10-01,209901.0,DGORDER,2024-09-04
2005-11-01,220733.0,DGORDER,2024-09-04
2005-12-01,221499.0,DGORDER,2024-09-04
2006-01-01,209540.0,DGORDER,2024-09-04
2006-02-01,219738.0,DGORDER,2024-09-04
2006-03-01,227188.0,DGORDER,2024-09-04
2006-04-01,214625.0,DGORDER,2024-09-04
2006-05-01,215819.0,DGORDER,2024-09-04
2006-06-01,221220.0,DGORDER,2024-09-04
2006-07-01,209494.0,DGORDER,2024-09-04
2006-08-01,210473.0,DGORDER,2024-09-04
2006-09-01,234701.0,DGORDER,2024-09-04
2006-10-01,216952.0,DGORDER,2024-09-04
2006-11-01,224809.0,DGORDER,2024-09-04
2006-12-01,229243.0,DGORDER,2024-09-04
2007-01-01,222969.0,DGORDER,2024-09-04
2007-02-01,220962.0,DGORDER,2024-09-04
2007-03-01,229526.0,DGORDER,2024-09-04
2007-04-01,233420.0,DGORDER,2024-09-04
2007-05-01,228836.0,DGORDER,2024-09-04
2007-06-01,228868.0,DGORDER,2024-09-04
2007-07-01,233176.0,DGORDER,2024-09-04
2007-08-01,235758.0,DGORDER,2024-09-04
2007-09-01,226473.0,DGORDER,2024-09-04
2007-10-01,230700.0,DGORDER,2024-09-04
2007-11-01,227005.0,DGORDER,2024-09-04
2007-12-01,244443.0,DGORDER,2024-09-04
2008-01-01,239389.0,DGORDER,2024-09-04
2008-02-01,235037.0,DGORDER,2024-09-04
2008-03-01,234868.0,DGORDER,2024-09-04
2008-04-01,231086.0,DGORDER,2024-09-04
2008-05-01,227370.0,DGORDER,2024-09-04
2008-06-01,229262.0,DGORDER,2024-09-04
2008-07-01,220411.0,DGORDER,2024-09-04
2008-08-01,214106.0,DGORDER,2024-09-04
2008-09-01,215245.0,DGORDER,2024-09-04
2008-10-01,191912.0,DGORDER,2024-09-04
2008-11-01,181552.0,DGORDER,2024-09-04
2008-12-01,173849.0,DGORDER,2024-09-04
2009-01-01,151085.0,DGORDER,2024-09-04
2009-02-01,148834.0,DGORDER,2024-09-04
2009-03-01,146323.0,DGORDER,2024-09-04
2009-04-01,147467.0,DGORDER,2024-09-04
2009-05-01,149255.0,DGORDER,2024-09-04
2009-06-01,147033.0,DGORDER,2024-09-04
2009-07-01,153691.0,DGORDER,2024-09-04
2009-08-01,157489.0,DGORDER,2024-09-04
2009-09-01,158041.0,DGORDER,2024-09-04
2009-10-01,161097.0,DGORDER,2024-09-04
2009-11-01,160419.0,DGORDER,2024-09-04
2009-12-01,160520.0,DGORDER,2024-09-04
2010-01-01,181016.0,DGORDER,2024-09-04
2010-02-01,180450.0,DGORDER,2024-09-04
2010-03-01,182148.0,DGORDER,2024-09-04
2010-04-01,182948.0,DGORDER,2024-09-04
2010-05-01,189932.0,DGORDER,2024-09-04
2010-06-01,185667.0,DGORDER,2024-09-04
2010-07-01,187506.0,DGORDER,2024-09-04
2010-08-01,191745.0,DGORDER,2024-09-04
2010-09-01,201932.0,DGORDER,2024-09-04
2010-10-01,193066.0,DGORDER,2024-09-04
2010-11-01,197202.0,DGORDER,2024-09-04
2010-12-01,193452.0,DGORDER,2024-09-04
2011-01-01,203636.0,DGORDER,2024-09-04
2011-02-01,196393.0,DGORDER,2024-09-04
2011-03-01,212748.0,DGORDER,2024-09-04
2011-04-01,200733.0,DGORDER,2024-09-04
2011-05-01,207170.0,DGORDER,2024-09-04
2011-06-01,201579.0,DGORDER,2024-09-04
2011-07-01,206458.0,DGORDER,2024-09-04
2011-08-01,216705.0,DGORDER,2024-09-04
2011-09-01,204738.0,DGORDER,2024-09-04
2011-10-01,210799.0,DGORDER,2024-09-04
2011-11-01,215531.0,DGORDER,2024-09-04
2011-12-01,223835.0,DGORDER,2024-09-04
2012-01-01,225940.0,DGORDER,2024-09-04
2012-02-01,226911.0,DGORDER,2024-09-04
2012-03-01,221801.0,DGORDER,2024-09-04
2012-04-01,218681.0,DGORDER,2024-09-04
2012-05-01,219765.0,DGORDER,2024-09-04
2012-06-01,217652.0,DGORDER,2024-09-04
2012-07-01,222748.0,DGORDER,2024-09-04
2012-08-01,199963.0,DGORDER,2024-09-04
2012-09-01,217090.0,DGORDER,2024-09-04
2012-10-01,218522.0,DGORDER,2024-09-04
2012-11-01,217446.0,DGORDER,2024-09-04
2012-12-01,230814.0,DGORDER,2024-09-04
2013-01-01,223067.0,DGORDER,2024-09-04
2013-02-01,234600.0,DGORDER,2024-09-04
2013-03-01,217165.0,DGORDER,2024-09-04
2013-04-01,226738.0,DGORDER,2024-09-04
2013-05-01,236717.0,DGORDER,2024-09-04
2013-06-01,247187.0,DGORDER,2024-09-04
2013-07-01,220366.0,DGORDER,2024-09-04
2013-08-01,224700.0,DGORDER,2024-09-04
2013-09-01,237681.0,DGORDER,2024-09-04
2013-10-01,232113.0,DGORDER,2024-09-04
2013-11-01,243262.0,DGORDER,2024-09-04
2013-12-01,237972.0,DGORDER,2024-09-04
2014-01-01,224410.0,DGORDER,2024-09-04
2014-02-01,231734.0,DGORDER,2024-09-04
2014-03-01,235757.0,DGORDER,2024-09-04
2014-04-01,237607.0,DGORDER,2024-09-04
2014-05-01,234339.0,DGORDER,2024-09-04
2014-06-01,238210.0,DGORDER,2024-09-04
2014-07-01,299869.0,DGORDER,2024-09-04
2014-08-01,236049.0,DGORDER,2024-09-04
2014-09-01,236278.0,DGORDER,2024-09-04
2014-10-01,233042.0,DGORDER,2024-09-04
2014-11-01,227299.0,DGORDER,2024-09-04
2014-12-01,225089.0,DGORDER,2024-09-04
2015-01-01,226500.0,DGORDER,2024-09-04
2015-02-01,217853.0,DGORDER,2024-09-04
2015-03-01,229820.0,DGORDER,2024-09-04
2015-04-01,226217.0,DGORDER,2024-09-04
2015-05-01,217855.0,DGORDER,2024-09-04
2015-06-01,229732.0,DGORDER,2024-09-04
2015-07-01,227727.0,DGORDER,2024-09-04
2015-08-01,222828.0,DGORDER,2024-09-04
2015-09-01,217818.0,DGORDER,2024-09-04
2015-10-01,226413.0,DGORDER,2024-09-04
2015-11-01,222400.0,DGORDER,2024-09-04
2015-12-01,218027.0,DGORDER,2024-09-04
2016-01-01,229203.0,DGORDER,2024-09-04
2016-02-01,217223.0,DGORDER,2024-09-04
2016-03-01,218868.0,DGORDER,2024-09-04
2016-04-01,230281.0,DGORDER,2024-09-04
2016-05-01,222761.0,DGORDER,2024-09-04
2016-06-01,207430.0,DGORDER,2024-09-04
2016-07-01,215715.0,DGORDER,2024-09-04
2016-08-01,218051.0,DGORDER,2024-09-04
2016-09-01,216921.0,DGORDER,2024-09-04
2016-10-01,233645.0,DGORDER,2024-09-04
2016-11-01,215307.0,DGORDER,2024-09-04
2016-12-01,219170.0,DGORDER,2024-09-04
2017-01-01,219738.0,DGORDER,2024-09-04
2017-02-01,221923.0,DGORDER,2024-09-04
2017-03-01,223132.0,DGORDER,2024-09-04
2017-04-01,225070.0,DGORDER,2024-09-04
2017-05-01,222436.0,DGORDER,2024-09-04
2017-06-01,236645.0,DGORDER,2024-09-04
2017-07-01,217820.0,DGORDER,2024-09-04
2017-08-01,222295.0,DGORDER,2024-09-04
2017-09-01,228172.0,DGORDER,2024-09-04
2017-10-01,228049.0,DGORDER,2024-09-04
2017-11-01,229799.0,DGORDER,2024-09-04
2017-12-01,240218.0,DGORDER,2024-09-04
2018-01-01,227080.0,DGORDER,2024-09-04
2018-02-01,235442.0,DGORDER,2024-09-04
2018-03-01,243135.0,DGORDER,2024-09-04
2018-04-01,242184.0,DGORDER,2024-09-04
2018-05-01,241312.0,DGORDER,2024-09-04
2018-06-01,240396.0,DGORDER,2024-09-04
2018-07-01,233263.0,DGORDER,2024-09-04
2018-08-01,243656.0,DGORDER,2024-09-04
2018-09-01,244691.0,DGORDER,2024-09-04
2018-10-01,236072.0,DGORDER,2024-09-04
2018-11-01,232640.0,DGORDER,2024-09-04
2018-12-01,239442.0,DGORDER,2024-09-04
2019-01-01,232853.0,DGORDER,2024-09-04
2019-02-01,227669.0,DGORDER,2024-09-04
2019-03-01,237072.0,DGORDER,2024-09-04
2019-04-01,228770.0,DGORDER,2024-09-04
2019-05-01,220441.0,DGORDER,2024-09-04
2019-06-01,219395.0,DGORDER,2024-09-04
2019-07-01,224705.0,DGORDER,2024-09-04
2019-08-01,226911.0,DGORDER,2024-09-04
2019-09-01,221398.0,DGORDER,2024-09-04
2019-10-01,221854.0,DGORDER,2024-09-04
2019-11-01,213862.0,DGORDER,2024-09-04
2019-12-01,216524.0,DGORDER,2024-09-04
2020-01-01,229093.0,DGORDER,2024-09-04
2020-02-01,236175.0,DGORDER,2024-09-04
2020-03-01,201235.0,DGORDER,2024-09-04
2020-04-01,161041.0,DGORDER,2024-09-04
2020-05-01,180205.0,DGORDER,2024-09-04
2020-06-01,196254.0,DGORDER,2024-09-04
2020-07-01,218792.0,DGORDER,2024-09-04
2020-08-01,223081.0,DGORDER,2024-09-04
2020-09-01,223838.0,DGORDER,2024-09-04
2020-10-01,231044.0,DGORDER,2024-09-04
2020-11-01,231610.0,DGORDER,2024-09-04
2020-12-01,234080.0,DGORDER,2024-09-04
2021-01-01,245054.0,DGORDER,2024-09-04
2021-02-01,246694.0,DGORDER,2024-09-04
2021-03-01,249140.0,DGORDER,2024-09-04
2021-04-01,247400.0,DGORDER,2024-09-04
2021-05-01,248259.0,DGORDER,2024-09-04
2021-06-01,249305.0,DGORDER,2024-09-04
2021-07-01,253770.0,DGORDER,2024-09-04
2021-08-01,260230.0,DGORDER,2024-09-04
2021-09-01,251271.0,DGORDER,2024-09-04
2021-10-01,257877.0,DGORDER,2024-09-04
2021-11-01,263631.0,DGORDER,2024-09-04
2021-12-01,266894.0,DGORDER,2024-09-04
2022-01-01,274707.0,DGORDER,2024-09-04
2022-02-01,271418.0,DGORDER,2024-09-04
2022-03-01,271005.0,DGORDER,2024-09-04
2022-04-01,272987.0,DGORDER,2024-09-04
2022-05-01,271508.0,DGORDER,2024-09-04
2022-06-01,272166.0,DGORDER,2024-09-04
2022-07-01,276260.0,DGORDER,2024-09-04
2022-08-01,276622.0,DGORDER,2024-09-04
2022-09-01,271946.0,DGORDER,2024-09-04
2022-10-01,279629.0,DGORDER,2024-09-04
2022-11-01,273100.0,DGORDER,2024-09-04
2022-12-01,278589.0,DGORDER,2024-09-04
2023-01-01,280844.0,DGORDER,2024-09-04
2023-02-01,274314.0,DGORDER,2024-09-04
2023-03-01,280718.0,DGORDER,2024-09-04
2023-04-01,286759.0,DGORDER,2024-09-04
2023-05-01,287293.0,DGORDER,2024-09-04
2023-06-01,294857.0,DGORDER,2024-09-04
2023-07-01,285827.0,DGORDER,2024-09-04
2023-08-01,285317.0,DGORDER,2024-09-04
2023-09-01,290883.0,DGORDER,2024-09-04
2023-10-01,279021.0,DGORDER,2024-09-04
2023-11-01,300639.0,DGORDER,2024-09-04
2023-12-01,287397.0,DGORDER,2024-09-04
2024-01-01,276538.0,DGORDER,2024-09-04
2024-02-01,279865.0,DGORDER,2024-09-04
2024-03-01,282096.0,DGORDER,2024-09-04
2024-04-01,282737.0,DGORDER,2024-09-04
2024-05-01,282987.0,DGORDER,2024-09-04
2024-06-01,263541.0,DGORDER,2024-09-04
2024-07-01,289454.0,DGORDER,2024-09-04
1968-05-01,"32,2",GACDFSA066MSFRBPHI,2024-09-19
1968-06-01,"18,4",GACDFSA066MSFRBPHI,2024-09-19
1968-07-01,"33,3",GACDFSA066MSFRBPHI,2024-09-19
1968-08-01,"-3,9",GACDFSA066MSFRBPHI,2024-09-19
1968-09-01,"9,5",GACDFSA066MSFRBPHI,2024-09-19
1968-10-01,"6,8",GACDFSA066MSFRBPHI,2024-09-19
1968-11-01,"13,2",GACDFSA066MSFRBPHI,2024-09-19
1968-12-01,"23,5",GACDFSA066MSFRBPHI,2024-09-19
1969-01-01,"-11,3",GACDFSA066MSFRBPHI,2024-09-19
1969-02-01,"16,8",GACDFSA066MSFRBPHI,2024-09-19
1969-03-01,"27,8",GACDFSA066MSFRBPHI,2024-09-19
1969-04-01,"18,1",GACDFSA066MSFRBPHI,2024-09-19
1969-05-01,"12,7",GACDFSA066MSFRBPHI,2024-09-19
1969-06-01,"18,5",GACDFSA066MSFRBPHI,2024-09-19
1969-07-01,"-1,1",GACDFSA066MSFRBPHI,2024-09-19
1969-08-01,8,GACDFSA066MSFRBPHI,2024-09-19
1969-09-01,"-1,6",GACDFSA066MSFRBPHI,2024-09-19
1969-10-01,"12,1",GACDFSA066MSFRBPHI,2024-09-19
1969-11-01,"-3,4",GACDFSA066MSFRBPHI,2024-09-19
1969-12-01,"-7,9",GACDFSA066MSFRBPHI,2024-09-19
1970-01-01,"-13,1",GACDFSA066MSFRBPHI,2024-09-19
1970-02-01,"-18,1",GACDFSA066MSFRBPHI,2024-09-19
1970-03-01,"-31,2",GACDFSA066MSFRBPHI,2024-09-19
1970-04-01,"-16,9",GACDFSA066MSFRBPHI,2024-09-19
1970-05-01,"-21,5",GACDFSA066MSFRBPHI,2024-09-19
1970-06-01,"-8,4",GACDFSA066MSFRBPHI,2024-09-19
1970-07-01,7,GACDFSA066MSFRBPHI,2024-09-19
1970-08-01,"6,9",GACDFSA066MSFRBPHI,2024-09-19
1970-09-01,14,GACDFSA066MSFRBPHI,2024-09-19
1970-10-01,"3,7",GACDFSA066MSFRBPHI,2024-09-19
1970-11-01,"6,4",GACDFSA066MSFRBPHI,2024-09-19
1970-12-01,"10,2",GACDFSA066MSFRBPHI,2024-09-19
1971-01-01,"28,9",GACDFSA066MSFRBPHI,2024-09-19
1971-02-01,39,GACDFSA066MSFRBPHI,2024-09-19
1971-03-01,"33,3",GACDFSA066MSFRBPHI,2024-09-19
1971-04-01,"37,4",GACDFSA066MSFRBPHI,2024-09-19
1971-05-01,"39,2",GACDFSA066MSFRBPHI,2024-09-19
1971-06-01,"31,3",GACDFSA066MSFRBPHI,2024-09-19
1971-07-01,"25,5",GACDFSA066MSFRBPHI,2024-09-19
1971-08-01,"22,8",GACDFSA066MSFRBPHI,2024-09-19
1971-09-01,"35,9",GACDFSA066MSFRBPHI,2024-09-19
1971-10-01,"39,3",GACDFSA066MSFRBPHI,2024-09-19
1971-11-01,"32,1",GACDFSA066MSFRBPHI,2024-09-19
1971-12-01,"30,4",GACDFSA066MSFRBPHI,2024-09-19
1972-01-01,"34,2",GACDFSA066MSFRBPHI,2024-09-19
1972-02-01,"30,9",GACDFSA066MSFRBPHI,2024-09-19
1972-03-01,"39,5",GACDFSA066MSFRBPHI,2024-09-19
1972-04-01,"28,2",GACDFSA066MSFRBPHI,2024-09-19
1972-05-01,"35,8",GACDFSA066MSFRBPHI,2024-09-19
1972-06-01,"34,1",GACDFSA066MSFRBPHI,2024-09-19
1972-07-01,"33,1",GACDFSA066MSFRBPHI,2024-09-19
1972-08-01,"35,2",GACDFSA066MSFRBPHI,2024-09-19
1972-09-01,"32,9",GACDFSA066MSFRBPHI,2024-09-19
1972-10-01,"39,2",GACDFSA066MSFRBPHI,2024-09-19
1972-11-01,"47,2",GACDFSA066MSFRBPHI,2024-09-19
1972-12-01,"49,1",GACDFSA066MSFRBPHI,2024-09-19
1973-01-01,"47,8",GACDFSA066MSFRBPHI,2024-09-19
1973-02-01,"40,5",GACDFSA066MSFRBPHI,2024-09-19
1973-03-01,"58,5",GACDFSA066MSFRBPHI,2024-09-19
1973-04-01,"53,6",GACDFSA066MSFRBPHI,2024-09-19
1973-05-01,"36,6",GACDFSA066MSFRBPHI,2024-09-19
1973-06-01,"30,4",GACDFSA066MSFRBPHI,2024-09-19
1973-07-01,"24,8",GACDFSA066MSFRBPHI,2024-09-19
1973-08-01,"18,5",GACDFSA066MSFRBPHI,2024-09-19
1973-09-01,"-0,3",GACDFSA066MSFRBPHI,2024-09-19
1973-10-01,"9,8",GACDFSA066MSFRBPHI,2024-09-19
1973-11-01,"15,4",GACDFSA066MSFRBPHI,2024-09-19
1973-12-01,8,GACDFSA066MSFRBPHI,2024-09-19
1974-01-01,"-12,9",GACDFSA066MSFRBPHI,2024-09-19
1974-02-01,"-13,2",GACDFSA066MSFRBPHI,2024-09-19
1974-03-01,"-12,5",GACDFSA066MSFRBPHI,2024-09-19
1974-04-01,"-11,9",GACDFSA066MSFRBPHI,2024-09-19
1974-05-01,"-9,2",GACDFSA066MSFRBPHI,2024-09-19
1974-06-01,"-8,7",GACDFSA066MSFRBPHI,2024-09-19
1974-07-01,"-8,4",GACDFSA066MSFRBPHI,2024-09-19
1974-08-01,"-16,9",GACDFSA066MSFRBPHI,2024-09-19
1974-09-01,"-7,4",GACDFSA066MSFRBPHI,2024-09-19
1974-10-01,"-26,1",GACDFSA066MSFRBPHI,2024-09-19
1974-11-01,"-31,8",GACDFSA066MSFRBPHI,2024-09-19
1974-12-01,"-57,9",GACDFSA066MSFRBPHI,2024-09-19
1975-01-01,"-44,7",GACDFSA066MSFRBPHI,2024-09-19
1975-02-01,"-25,5",GACDFSA066MSFRBPHI,2024-09-19
1975-03-01,"-28,4",GACDFSA066MSFRBPHI,2024-09-19
1975-04-01,"-28,1",GACDFSA066MSFRBPHI,2024-09-19
1975-05-01,"-18,3",GACDFSA066MSFRBPHI,2024-09-19
1975-06-01,"-6,4",GACDFSA066MSFRBPHI,2024-09-19
1975-07-01,"13,7",GACDFSA066MSFRBPHI,2024-09-19
1975-08-01,28,GACDFSA066MSFRBPHI,2024-09-19
1975-09-01,"32,6",GACDFSA066MSFRBPHI,2024-09-19
1975-10-01,"35,3",GACDFSA066MSFRBPHI,2024-09-19
1975-11-01,"44,2",GACDFSA066MSFRBPHI,2024-09-19
1975-12-01,"33,1",GACDFSA066MSFRBPHI,2024-09-19
1976-01-01,"10,8",GACDFSA066MSFRBPHI,2024-09-19
1976-02-01,"20,7",GACDFSA066MSFRBPHI,2024-09-19
1976-03-01,"36,2",GACDFSA066MSFRBPHI,2024-09-19
1976-04-01,"43,2",GACDFSA066MSFRBPHI,2024-09-19
1976-05-01,"37,7",GACDFSA066MSFRBPHI,2024-09-19
1976-06-01,"32,7",GACDFSA066MSFRBPHI,2024-09-19
1976-07-01,28,GACDFSA066MSFRBPHI,2024-09-19
1976-08-01,"19,6",GACDFSA066MSFRBPHI,2024-09-19
1976-09-01,"22,1",GACDFSA066MSFRBPHI,2024-09-19
1976-10-01,"22,2",GACDFSA066MSFRBPHI,2024-09-19
1976-11-01,"13,8",GACDFSA066MSFRBPHI,2024-09-19
1976-12-01,"13,6",GACDFSA066MSFRBPHI,2024-09-19
1977-01-01,"31,5",GACDFSA066MSFRBPHI,2024-09-19
1977-02-01,"34,9",GACDFSA066MSFRBPHI,2024-09-19
1977-03-01,"33,2",GACDFSA066MSFRBPHI,2024-09-19
1977-04-01,"44,4",GACDFSA066MSFRBPHI,2024-09-19
1977-05-01,"30,3",GACDFSA066MSFRBPHI,2024-09-19
1977-06-01,"27,6",GACDFSA066MSFRBPHI,2024-09-19
1977-07-01,"21,5",GACDFSA066MSFRBPHI,2024-09-19
1977-08-01,"20,1",GACDFSA066MSFRBPHI,2024-09-19
1977-09-01,"11,2",GACDFSA066MSFRBPHI,2024-09-19
1977-10-01,"15,9",GACDFSA066MSFRBPHI,2024-09-19
1977-11-01,"18,2",GACDFSA066MSFRBPHI,2024-09-19
1977-12-01,"30,6",GACDFSA066MSFRBPHI,2024-09-19
1978-01-01,"20,6",GACDFSA066MSFRBPHI,2024-09-19
1978-02-01,"11,3",GACDFSA066MSFRBPHI,2024-09-19
1978-03-01,"8,9",GACDFSA066MSFRBPHI,2024-09-19
1978-04-01,"18,4",GACDFSA066MSFRBPHI,2024-09-19
1978-05-01,"27,6",GACDFSA066MSFRBPHI,2024-09-19
1978-06-01,"23,2",GACDFSA066MSFRBPHI,2024-09-19
1978-07-01,"17,9",GACDFSA066MSFRBPHI,2024-09-19
1978-08-01,"27,7",GACDFSA066MSFRBPHI,2024-09-19
1978-09-01,"17,9",GACDFSA066MSFRBPHI,2024-09-19
1978-10-01,21,GACDFSA066MSFRBPHI,2024-09-19
1978-11-01,"14,4",GACDFSA066MSFRBPHI,2024-09-19
1978-12-01,"8,5",GACDFSA066MSFRBPHI,2024-09-19
1979-01-01,"4,1",GACDFSA066MSFRBPHI,2024-09-19
1979-02-01,"-1,5",GACDFSA066MSFRBPHI,2024-09-19
1979-03-01,"5,8",GACDFSA066MSFRBPHI,2024-09-19
1979-04-01,"-3,4",GACDFSA066MSFRBPHI,2024-09-19
1979-05-01,"-1,6",GACDFSA066MSFRBPHI,2024-09-19
1979-06-01,"-4,2",GACDFSA066MSFRBPHI,2024-09-19
1979-07-01,"-13,2",GACDFSA066MSFRBPHI,2024-09-19
1979-08-01,"-17,8",GACDFSA066MSFRBPHI,2024-09-19
1979-09-01,"-24,4",GACDFSA066MSFRBPHI,2024-09-19
1979-10-01,"-28,6",GACDFSA066MSFRBPHI,2024-09-19
1979-11-01,"-20,1",GACDFSA066MSFRBPHI,2024-09-19
1979-12-01,"-15,6",GACDFSA066MSFRBPHI,2024-09-19
1980-01-01,"-18,4",GACDFSA066MSFRBPHI,2024-09-19
1980-02-01,"-20,9",GACDFSA066MSFRBPHI,2024-09-19
1980-03-01,"-19,5",GACDFSA066MSFRBPHI,2024-09-19
1980-04-01,"-37,1",GACDFSA066MSFRBPHI,2024-09-19
1980-05-01,"-53,4",GACDFSA066MSFRBPHI,2024-09-19
1980-06-01,"-54,3",GACDFSA066MSFRBPHI,2024-09-19
1980-07-01,"-57,1",GACDFSA066MSFRBPHI,2024-09-19
1980-08-01,"-39,4",GACDFSA066MSFRBPHI,2024-09-19
1980-09-01,"-10,3",GACDFSA066MSFRBPHI,2024-09-19
1980-10-01,"24,7",GACDFSA066MSFRBPHI,2024-09-19
1980-11-01,9,GACDFSA066MSFRBPHI,2024-09-19
1980-12-01,"7,4",GACDFSA066MSFRBPHI,2024-09-19
1981-01-01,"2,1",GACDFSA066MSFRBPHI,2024-09-19
1981-02-01,"5,2",GACDFSA066MSFRBPHI,2024-09-19
1981-03-01,8,GACDFSA066MSFRBPHI,2024-09-19
1981-04-01,"-1,2",GACDFSA066MSFRBPHI,2024-09-19
1981-05-01,"9,1",GACDFSA066MSFRBPHI,2024-09-19
1981-06-01,"-2,1",GACDFSA066MSFRBPHI,2024-09-19
1981-07-01,"5,5",GACDFSA066MSFRBPHI,2024-09-19
1981-08-01,"16,8",GACDFSA066MSFRBPHI,2024-09-19
1981-09-01,"7,5",GACDFSA066MSFRBPHI,2024-09-19
1981-10-01,"-13,2",GACDFSA066MSFRBPHI,2024-09-19
1981-11-01,"-25,7",GACDFSA066MSFRBPHI,2024-09-19
1981-12-01,"-34,5",GACDFSA066MSFRBPHI,2024-09-19
1982-01-01,"-19,9",GACDFSA066MSFRBPHI,2024-09-19
1982-02-01,"-15,4",GACDFSA066MSFRBPHI,2024-09-19
1982-03-01,"-15,7",GACDFSA066MSFRBPHI,2024-09-19
1982-04-01,"-3,2",GACDFSA066MSFRBPHI,2024-09-19
1982-05-01,"-4,6",GACDFSA066MSFRBPHI,2024-09-19
1982-06-01,"2,2",GACDFSA066MSFRBPHI,2024-09-19
1982-07-01,"2,8",GACDFSA066MSFRBPHI,2024-09-19
1982-08-01,"-3,2",GACDFSA066MSFRBPHI,2024-09-19
1982-09-01,"-13,6",GACDFSA066MSFRBPHI,2024-09-19
1982-10-01,"10,9",GACDFSA066MSFRBPHI,2024-09-19
1982-11-01,"2,3",GACDFSA066MSFRBPHI,2024-09-19
1982-12-01,"14,7",GACDFSA066MSFRBPHI,2024-09-19
1983-01-01,"12,5",GACDFSA066MSFRBPHI,2024-09-19
1983-02-01,"20,2",GACDFSA066MSFRBPHI,2024-09-19
1983-03-01,"32,6",GACDFSA066MSFRBPHI,2024-09-19
1983-04-01,"37,2",GACDFSA066MSFRBPHI,2024-09-19
1983-05-01,"37,6",GACDFSA066MSFRBPHI,2024-09-19
1983-06-01,"42,3",GACDFSA066MSFRBPHI,2024-09-19
1983-07-01,"49,5",GACDFSA066MSFRBPHI,2024-09-19
1983-08-01,"41,5",GACDFSA066MSFRBPHI,2024-09-19
1983-09-01,"40,7",GACDFSA066MSFRBPHI,2024-09-19
1983-10-01,"35,4",GACDFSA066MSFRBPHI,2024-09-19
1983-11-01,"45,1",GACDFSA066MSFRBPHI,2024-09-19
1983-12-01,41,GACDFSA066MSFRBPHI,2024-09-19
1984-01-01,47,GACDFSA066MSFRBPHI,2024-09-19
1984-02-01,"25,8",GACDFSA066MSFRBPHI,2024-09-19
1984-03-01,35,GACDFSA066MSFRBPHI,2024-09-19
1984-04-01,"36,9",GACDFSA066MSFRBPHI,2024-09-19
1984-05-01,"31,7",GACDFSA066MSFRBPHI,2024-09-19
1984-06-01,"27,7",GACDFSA066MSFRBPHI,2024-09-19
1984-07-01,"1,4",GACDFSA066MSFRBPHI,2024-09-19
1984-08-01,"23,7",GACDFSA066MSFRBPHI,2024-09-19
1984-09-01,"22,3",GACDFSA066MSFRBPHI,2024-09-19
1984-10-01,"15,4",GACDFSA066MSFRBPHI,2024-09-19
1984-11-01,"2,7",GACDFSA066MSFRBPHI,2024-09-19
1984-12-01,"2,1",GACDFSA066MSFRBPHI,2024-09-19
1985-01-01,"5,5",GACDFSA066MSFRBPHI,2024-09-19
1985-02-01,"10,9",GACDFSA066MSFRBPHI,2024-09-19
1985-03-01,31,GACDFSA066MSFRBPHI,2024-09-19
1985-04-01,10,GACDFSA066MSFRBPHI,2024-09-19
1985-05-01,8,GACDFSA066MSFRBPHI,2024-09-19
1985-06-01,"-2,4",GACDFSA066MSFRBPHI,2024-09-19
1985-07-01,"11,5",GACDFSA066MSFRBPHI,2024-09-19
1985-08-01,7,GACDFSA066MSFRBPHI,2024-09-19
1985-09-01,"2,3",GACDFSA066MSFRBPHI,2024-09-19
1985-10-01,"6,1",GACDFSA066MSFRBPHI,2024-09-19
1985-11-01,"19,7",GACDFSA066MSFRBPHI,2024-09-19
1985-12-01,"13,5",GACDFSA066MSFRBPHI,2024-09-19
1986-01-01,"22,4",GACDFSA066MSFRBPHI,2024-09-19
1986-02-01,"19,9",GACDFSA066MSFRBPHI,2024-09-19
1986-03-01,14,GACDFSA066MSFRBPHI,2024-09-19
1986-04-01,"3,2",GACDFSA066MSFRBPHI,2024-09-19
1986-05-01,"1,9",GACDFSA066MSFRBPHI,2024-09-19
1986-06-01,"2,8",GACDFSA066MSFRBPHI,2024-09-19
1986-07-01,"11,8",GACDFSA066MSFRBPHI,2024-09-19
1986-08-01,"6,8",GACDFSA066MSFRBPHI,2024-09-19
1986-09-01,"10,6",GACDFSA066MSFRBPHI,2024-09-19
1986-10-01,"9,1",GACDFSA066MSFRBPHI,2024-09-19
1986-11-01,"16,4",GACDFSA066MSFRBPHI,2024-09-19
1986-12-01,"22,8",GACDFSA066MSFRBPHI,2024-09-19
1987-01-01,"5,8",GACDFSA066MSFRBPHI,2024-09-19
1987-02-01,"9,3",GACDFSA066MSFRBPHI,2024-09-19
1987-03-01,"5,5",GACDFSA066MSFRBPHI,2024-09-19
1987-04-01,"14,4",GACDFSA066MSFRBPHI,2024-09-19
1987-05-01,"19,7",GACDFSA066MSFRBPHI,2024-09-19
1987-06-01,13,GACDFSA066MSFRBPHI,2024-09-19
1987-07-01,"15,5",GACDFSA066MSFRBPHI,2024-09-19
1987-08-01,"30,1",GACDFSA066MSFRBPHI,2024-09-19
1987-09-01,"26,3",GACDFSA066MSFRBPHI,2024-09-19
1987-10-01,"27,2",GACDFSA066MSFRBPHI,2024-09-19
1987-11-01,"11,8",GACDFSA066MSFRBPHI,2024-09-19
1987-12-01,"29,6",GACDFSA066MSFRBPHI,2024-09-19
1988-01-01,"3,5",GACDFSA066MSFRBPHI,2024-09-19
1988-02-01,"18,3",GACDFSA066MSFRBPHI,2024-09-19
1988-03-01,"12,8",GACDFSA066MSFRBPHI,2024-09-19
1988-04-01,"26,8",GACDFSA066MSFRBPHI,2024-09-19
1988-05-01,"17,8",GACDFSA066MSFRBPHI,2024-09-19
1988-06-01,"17,4",GACDFSA066MSFRBPHI,2024-09-19
1988-07-01,"23,7",GACDFSA066MSFRBPHI,2024-09-19
1988-08-01,"15,2",GACDFSA066MSFRBPHI,2024-09-19
1988-09-01,"25,6",GACDFSA066MSFRBPHI,2024-09-19
1988-10-01,"27,2",GACDFSA066MSFRBPHI,2024-09-19
1988-11-01,"27,2",GACDFSA066MSFRBPHI,2024-09-19
1988-12-01,"22,7",GACDFSA066MSFRBPHI,2024-09-19
1989-01-01,"28,2",GACDFSA066MSFRBPHI,2024-09-19
1989-02-01,"20,1",GACDFSA066MSFRBPHI,2024-09-19
1989-03-01,"18,2",GACDFSA066MSFRBPHI,2024-09-19
1989-04-01,"4,1",GACDFSA066MSFRBPHI,2024-09-19
1989-05-01,"-10,2",GACDFSA066MSFRBPHI,2024-09-19
1989-06-01,"-7,6",GACDFSA066MSFRBPHI,2024-09-19
1989-07-01,"-16,9",GACDFSA066MSFRBPHI,2024-09-19
1989-08-01,"-9,4",GACDFSA066MSFRBPHI,2024-09-19
1989-09-01,"-5,4",GACDFSA066MSFRBPHI,2024-09-19
1989-10-01,"-6,9",GACDFSA066MSFRBPHI,2024-09-19
1989-11-01,"-4,2",GACDFSA066MSFRBPHI,2024-09-19
1989-12-01,"-2,1",GACDFSA066MSFRBPHI,2024-09-19
1990-01-01,"-7,5",GACDFSA066MSFRBPHI,2024-09-19
1990-02-01,-22,GACDFSA066MSFRBPHI,2024-09-19
1990-03-01,"-21,8",GACDFSA066MSFRBPHI,2024-09-19
1990-04-01,-9,GACDFSA066MSFRBPHI,2024-09-19
1990-05-01,"-16,5",GACDFSA066MSFRBPHI,2024-09-19
1990-06-01,"-8,6",GACDFSA066MSFRBPHI,2024-09-19
1990-07-01,"-18,1",GACDFSA066MSFRBPHI,2024-09-19
1990-08-01,"-18,1",GACDFSA066MSFRBPHI,2024-09-19
1990-09-01,"-43,4",GACDFSA066MSFRBPHI,2024-09-19
1990-10-01,"-48,2",GACDFSA066MSFRBPHI,2024-09-19
1990-11-01,"-27,1",GACDFSA066MSFRBPHI,2024-09-19
1990-12-01,"-37,1",GACDFSA066MSFRBPHI,2024-09-19
1991-01-01,-32,GACDFSA066MSFRBPHI,2024-09-19
1991-02-01,-22,GACDFSA066MSFRBPHI,2024-09-19
1991-03-01,"-11,6",GACDFSA066MSFRBPHI,2024-09-19
1991-04-01,"-6,5",GACDFSA066MSFRBPHI,2024-09-19
1991-05-01,"3,9",GACDFSA066MSFRBPHI,2024-09-19
1991-06-01,13,GACDFSA066MSFRBPHI,2024-09-19
1991-07-01,"19,9",GACDFSA066MSFRBPHI,2024-09-19
1991-08-01,27,GACDFSA066MSFRBPHI,2024-09-19
1991-09-01,20,GACDFSA066MSFRBPHI,2024-09-19
1991-10-01,"9,5",GACDFSA066MSFRBPHI,2024-09-19
1991-11-01,"1,3",GACDFSA066MSFRBPHI,2024-09-19
1991-12-01,"-18,7",GACDFSA066MSFRBPHI,2024-09-19
1992-01-01,"-2,2",GACDFSA066MSFRBPHI,2024-09-19
1992-02-01,"0,6",GACDFSA066MSFRBPHI,2024-09-19
1992-03-01,15,GACDFSA066MSFRBPHI,2024-09-19
1992-04-01,"20,1",GACDFSA066MSFRBPHI,2024-09-19
1992-05-01,17,GACDFSA066MSFRBPHI,2024-09-19
1992-06-01,15,GACDFSA066MSFRBPHI,2024-09-19
1992-07-01,"27,8",GACDFSA066MSFRBPHI,2024-09-19
1992-08-01,"16,7",GACDFSA066MSFRBPHI,2024-09-19
1992-09-01,21,GACDFSA066MSFRBPHI,2024-09-19
1992-10-01,"-4,9",GACDFSA066MSFRBPHI,2024-09-19
1992-11-01,"18,2",GACDFSA066MSFRBPHI,2024-09-19
1992-12-01,"25,4",GACDFSA066MSFRBPHI,2024-09-19
1993-01-01,"31,1",GACDFSA066MSFRBPHI,2024-09-19
1993-02-01,"34,3",GACDFSA066MSFRBPHI,2024-09-19
1993-03-01,"16,2",GACDFSA066MSFRBPHI,2024-09-19
1993-04-01,"23,3",GACDFSA066MSFRBPHI,2024-09-19
1993-05-01,"14,8",GACDFSA066MSFRBPHI,2024-09-19
1993-06-01,"3,5",GACDFSA066MSFRBPHI,2024-09-19
1993-07-01,"-3,2",GACDFSA066MSFRBPHI,2024-09-19
1993-08-01,"-0,3",GACDFSA066MSFRBPHI,2024-09-19
1993-09-01,"7,3",GACDFSA066MSFRBPHI,2024-09-19
1993-10-01,"8,9",GACDFSA066MSFRBPHI,2024-09-19
1993-11-01,"18,9",GACDFSA066MSFRBPHI,2024-09-19
1993-12-01,"41,4",GACDFSA066MSFRBPHI,2024-09-19
1994-01-01,"27,2",GACDFSA066MSFRBPHI,2024-09-19
1994-02-01,"21,3",GACDFSA066MSFRBPHI,2024-09-19
1994-03-01,"19,8",GACDFSA066MSFRBPHI,2024-09-19
1994-04-01,"16,7",GACDFSA066MSFRBPHI,2024-09-19
1994-05-01,"22,1",GACDFSA066MSFRBPHI,2024-09-19
1994-06-01,25,GACDFSA066MSFRBPHI,2024-09-19
1994-07-01,"17,8",GACDFSA066MSFRBPHI,2024-09-19
1994-08-01,"18,5",GACDFSA066MSFRBPHI,2024-09-19
1994-09-01,"18,5",GACDFSA066MSFRBPHI,2024-09-19
1994-10-01,"26,1",GACDFSA066MSFRBPHI,2024-09-19
1994-11-01,"24,7",GACDFSA066MSFRBPHI,2024-09-19
1994-12-01,"23,3",GACDFSA066MSFRBPHI,2024-09-19
1995-01-01,"8,8",GACDFSA066MSFRBPHI,2024-09-19
1995-02-01,"9,2",GACDFSA066MSFRBPHI,2024-09-19
1995-03-01,2,GACDFSA066MSFRBPHI,2024-09-19
1995-04-01,"-11,1",GACDFSA066MSFRBPHI,2024-09-19
1995-05-01,"-8,5",GACDFSA066MSFRBPHI,2024-09-19
1995-06-01,"-20,8",GACDFSA066MSFRBPHI,2024-09-19
1995-07-01,"-20,2",GACDFSA066MSFRBPHI,2024-09-19
1995-08-01,"1,2",GACDFSA066MSFRBPHI,2024-09-19
1995-09-01,"26,2",GACDFSA066MSFRBPHI,2024-09-19
1995-10-01,"21,7",GACDFSA066MSFRBPHI,2024-09-19
1995-11-01,"5,5",GACDFSA066MSFRBPHI,2024-09-19
1995-12-01,"19,6",GACDFSA066MSFRBPHI,2024-09-19
1996-01-01,"-14,7",GACDFSA066MSFRBPHI,2024-09-19
1996-02-01,"4,8",GACDFSA066MSFRBPHI,2024-09-19
1996-03-01,"-3,5",GACDFSA066MSFRBPHI,2024-09-19
1996-04-01,"21,3",GACDFSA066MSFRBPHI,2024-09-19
1996-05-01,"19,6",GACDFSA066MSFRBPHI,2024-09-19
1996-06-01,"21,2",GACDFSA066MSFRBPHI,2024-09-19
1996-07-01,29,GACDFSA066MSFRBPHI,2024-09-19
1996-08-01,"13,8",GACDFSA066MSFRBPHI,2024-09-19
1996-09-01,"12,9",GACDFSA066MSFRBPHI,2024-09-19
1996-10-01,"8,2",GACDFSA066MSFRBPHI,2024-09-19
1996-11-01,"11,1",GACDFSA066MSFRBPHI,2024-09-19
1996-12-01,"8,1",GACDFSA066MSFRBPHI,2024-09-19
1997-01-01,"12,8",GACDFSA066MSFRBPHI,2024-09-19
1997-02-01,"16,9",GACDFSA066MSFRBPHI,2024-09-19
1997-03-01,"13,4",GACDFSA066MSFRBPHI,2024-09-19
1997-04-01,"6,6",GACDFSA066MSFRBPHI,2024-09-19
1997-05-01,"1,1",GACDFSA066MSFRBPHI,2024-09-19
1997-06-01,"18,2",GACDFSA066MSFRBPHI,2024-09-19
1997-07-01,20,GACDFSA066MSFRBPHI,2024-09-19
1997-08-01,"17,2",GACDFSA066MSFRBPHI,2024-09-19
1997-09-01,"19,1",GACDFSA066MSFRBPHI,2024-09-19
1997-10-01,"19,3",GACDFSA066MSFRBPHI,2024-09-19
1997-11-01,"19,8",GACDFSA066MSFRBPHI,2024-09-19
1997-12-01,"15,6",GACDFSA066MSFRBPHI,2024-09-19
1998-01-01,"18,6",GACDFSA066MSFRBPHI,2024-09-19
1998-02-01,"13,2",GACDFSA066MSFRBPHI,2024-09-19
1998-03-01,"10,4",GACDFSA066MSFRBPHI,2024-09-19
1998-04-01,"8,7",GACDFSA066MSFRBPHI,2024-09-19
1998-05-01,"13,2",GACDFSA066MSFRBPHI,2024-09-19
1998-06-01,"24,1",GACDFSA066MSFRBPHI,2024-09-19
1998-07-01,"8,3",GACDFSA066MSFRBPHI,2024-09-19
1998-08-01,"10,4",GACDFSA066MSFRBPHI,2024-09-19
1998-09-01,"-14,2",GACDFSA066MSFRBPHI,2024-09-19
1998-10-01,"3,5",GACDFSA066MSFRBPHI,2024-09-19
1998-11-01,"-4,7",GACDFSA066MSFRBPHI,2024-09-19
1998-12-01,"4,6",GACDFSA066MSFRBPHI,2024-09-19
1999-01-01,"13,8",GACDFSA066MSFRBPHI,2024-09-19
1999-02-01,"15,1",GACDFSA066MSFRBPHI,2024-09-19
1999-03-01,"4,3",GACDFSA066MSFRBPHI,2024-09-19
1999-04-01,"20,6",GACDFSA066MSFRBPHI,2024-09-19
1999-05-01,"13,1",GACDFSA066MSFRBPHI,2024-09-19
1999-06-01,"5,8",GACDFSA066MSFRBPHI,2024-09-19
1999-07-01,"9,8",GACDFSA066MSFRBPHI,2024-09-19
1999-08-01,"13,7",GACDFSA066MSFRBPHI,2024-09-19
1999-09-01,"13,9",GACDFSA066MSFRBPHI,2024-09-19
1999-10-01,16,GACDFSA066MSFRBPHI,2024-09-19
1999-11-01,"20,9",GACDFSA066MSFRBPHI,2024-09-19
1999-12-01,"14,2",GACDFSA066MSFRBPHI,2024-09-19
2000-01-01,"11,3",GACDFSA066MSFRBPHI,2024-09-19
2000-02-01,"14,5",GACDFSA066MSFRBPHI,2024-09-19
2000-03-01,"19,4",GACDFSA066MSFRBPHI,2024-09-19
2000-04-01,10,GACDFSA066MSFRBPHI,2024-09-19
2000-05-01,"13,9",GACDFSA066MSFRBPHI,2024-09-19
2000-06-01,"2,6",GACDFSA066MSFRBPHI,2024-09-19
2000-07-01,"4,7",GACDFSA066MSFRBPHI,2024-09-19
2000-08-01,"17,1",GACDFSA066MSFRBPHI,2024-09-19
2000-09-01,"5,5",GACDFSA066MSFRBPHI,2024-09-19
2000-10-01,"1,8",GACDFSA066MSFRBPHI,2024-09-19
2000-11-01,"7,1",GACDFSA066MSFRBPHI,2024-09-19
2000-12-01,"-7,8",GACDFSA066MSFRBPHI,2024-09-19
2001-01-01,"-36,6",GACDFSA066MSFRBPHI,2024-09-19
2001-02-01,"-29,4",GACDFSA066MSFRBPHI,2024-09-19
2001-03-01,"-20,5",GACDFSA066MSFRBPHI,2024-09-19
2001-04-01,"-10,7",GACDFSA066MSFRBPHI,2024-09-19
2001-05-01,"-11,8",GACDFSA066MSFRBPHI,2024-09-19
2001-06-01,-7,GACDFSA066MSFRBPHI,2024-09-19
2001-07-01,"-12,6",GACDFSA066MSFRBPHI,2024-09-19
2001-08-01,"-18,1",GACDFSA066MSFRBPHI,2024-09-19
2001-09-01,"-8,2",GACDFSA066MSFRBPHI,2024-09-19
2001-10-01,"-23,6",GACDFSA066MSFRBPHI,2024-09-19
2001-11-01,"-17,7",GACDFSA066MSFRBPHI,2024-09-19
2001-12-01,-11,GACDFSA066MSFRBPHI,2024-09-19
2002-01-01,"10,5",GACDFSA066MSFRBPHI,2024-09-19
2002-02-01,"11,1",GACDFSA066MSFRBPHI,2024-09-19
2002-03-01,"12,2",GACDFSA066MSFRBPHI,2024-09-19
2002-04-01,"12,6",GACDFSA066MSFRBPHI,2024-09-19
2002-05-01,"10,1",GACDFSA066MSFRBPHI,2024-09-19
2002-06-01,"20,4",GACDFSA066MSFRBPHI,2024-09-19
2002-07-01,"5,9",GACDFSA066MSFRBPHI,2024-09-19
2002-08-01,"-1,3",GACDFSA066MSFRBPHI,2024-09-19
2002-09-01,"4,4",GACDFSA066MSFRBPHI,2024-09-19
2002-10-01,"-7,6",GACDFSA066MSFRBPHI,2024-09-19
2002-11-01,"7,4",GACDFSA066MSFRBPHI,2024-09-19
2002-12-01,"7,2",GACDFSA066MSFRBPHI,2024-09-19
2003-01-01,"5,5",GACDFSA066MSFRBPHI,2024-09-19
2003-02-01,"-1,6",GACDFSA066MSFRBPHI,2024-09-19
2003-03-01,"-3,9",GACDFSA066MSFRBPHI,2024-09-19
2003-04-01,"-6,6",GACDFSA066MSFRBPHI,2024-09-19
2003-05-01,"-0,6",GACDFSA066MSFRBPHI,2024-09-19
2003-06-01,"3,7",GACDFSA066MSFRBPHI,2024-09-19
2003-07-01,"7,7",GACDFSA066MSFRBPHI,2024-09-19
2003-08-01,"20,3",GACDFSA066MSFRBPHI,2024-09-19
2003-09-01,21,GACDFSA066MSFRBPHI,2024-09-19
2003-10-01,"28,1",GACDFSA066MSFRBPHI,2024-09-19
2003-11-01,"26,9",GACDFSA066MSFRBPHI,2024-09-19
2003-12-01,"26,5",GACDFSA066MSFRBPHI,2024-09-19
2004-01-01,"36,1",GACDFSA066MSFRBPHI,2024-09-19
2004-02-01,28,GACDFSA066MSFRBPHI,2024-09-19
2004-03-01,"29,6",GACDFSA066MSFRBPHI,2024-09-19
2004-04-01,"32,2",GACDFSA066MSFRBPHI,2024-09-19
2004-05-01,"29,1",GACDFSA066MSFRBPHI,2024-09-19
2004-06-01,"30,6",GACDFSA066MSFRBPHI,2024-09-19
2004-07-01,"34,7",GACDFSA066MSFRBPHI,2024-09-19
2004-08-01,"25,1",GACDFSA066MSFRBPHI,2024-09-19
2004-09-01,"19,7",GACDFSA066MSFRBPHI,2024-09-19
2004-10-01,"26,8",GACDFSA066MSFRBPHI,2024-09-19
2004-11-01,"19,2",GACDFSA066MSFRBPHI,2024-09-19
2004-12-01,"25,5",GACDFSA066MSFRBPHI,2024-09-19
2005-01-01,"13,3",GACDFSA066MSFRBPHI,2024-09-19
2005-02-01,"21,3",GACDFSA066MSFRBPHI,2024-09-19
2005-03-01,"15,1",GACDFSA066MSFRBPHI,2024-09-19
2005-04-01,"25,3",GACDFSA066MSFRBPHI,2024-09-19
2005-05-01,"9,3",GACDFSA066MSFRBPHI,2024-09-19
2005-06-01,"-1,3",GACDFSA066MSFRBPHI,2024-09-19
2005-07-01,8,GACDFSA066MSFRBPHI,2024-09-19
2005-08-01,"11,3",GACDFSA066MSFRBPHI,2024-09-19
2005-09-01,"7,1",GACDFSA066MSFRBPHI,2024-09-19
2005-10-01,"4,8",GACDFSA066MSFRBPHI,2024-09-19
2005-11-01,"10,3",GACDFSA066MSFRBPHI,2024-09-19
2005-12-01,"12,9",GACDFSA066MSFRBPHI,2024-09-19
2006-01-01,"5,4",GACDFSA066MSFRBPHI,2024-09-19
2006-02-01,"15,3",GACDFSA066MSFRBPHI,2024-09-19
2006-03-01,"14,7",GACDFSA066MSFRBPHI,2024-09-19
2006-04-01,"14,2",GACDFSA066MSFRBPHI,2024-09-19
2006-05-01,"13,7",GACDFSA066MSFRBPHI,2024-09-19
2006-06-01,"11,7",GACDFSA066MSFRBPHI,2024-09-19
2006-07-01,4,GACDFSA066MSFRBPHI,2024-09-19
2006-08-01,"12,5",GACDFSA066MSFRBPHI,2024-09-19
2006-09-01,"-0,8",GACDFSA066MSFRBPHI,2024-09-19
2006-10-01,"2,3",GACDFSA066MSFRBPHI,2024-09-19
2006-11-01,"4,5",GACDFSA066MSFRBPHI,2024-09-19
2006-12-01,"-1,8",GACDFSA066MSFRBPHI,2024-09-19
2007-01-01,"7,5",GACDFSA066MSFRBPHI,2024-09-19
2007-02-01,"3,5",GACDFSA066MSFRBPHI,2024-09-19
2007-03-01,"2,8",GACDFSA066MSFRBPHI,2024-09-19
2007-04-01,"2,9",GACDFSA066MSFRBPHI,2024-09-19
2007-05-01,"3,7",GACDFSA066MSFRBPHI,2024-09-19
2007-06-01,"17,3",GACDFSA066MSFRBPHI,2024-09-19
2007-07-01,"6,8",GACDFSA066MSFRBPHI,2024-09-19
2007-08-01,"-0,5",GACDFSA066MSFRBPHI,2024-09-19
2007-09-01,"7,5",GACDFSA066MSFRBPHI,2024-09-19
2007-10-01,"7,8",GACDFSA066MSFRBPHI,2024-09-19
2007-11-01,"6,6",GACDFSA066MSFRBPHI,2024-09-19
2007-12-01,"-5,4",GACDFSA066MSFRBPHI,2024-09-19
2008-01-01,"-18,3",GACDFSA066MSFRBPHI,2024-09-19
2008-02-01,"-20,2",GACDFSA066MSFRBPHI,2024-09-19
2008-03-01,"-14,9",GACDFSA066MSFRBPHI,2024-09-19
2008-04-01,"-21,3",GACDFSA066MSFRBPHI,2024-09-19
2008-05-01,"-16,1",GACDFSA066MSFRBPHI,2024-09-19
2008-06-01,"-16,8",GACDFSA066MSFRBPHI,2024-09-19
2008-07-01,"-16,2",GACDFSA066MSFRBPHI,2024-09-19
2008-08-01,"-17,6",GACDFSA066MSFRBPHI,2024-09-19
2008-09-01,"2,1",GACDFSA066MSFRBPHI,2024-09-19
2008-10-01,"-37,8",GACDFSA066MSFRBPHI,2024-09-19
2008-11-01,"-40,9",GACDFSA066MSFRBPHI,2024-09-19
2008-12-01,"-37,6",GACDFSA066MSFRBPHI,2024-09-19
2009-01-01,"-31,1",GACDFSA066MSFRBPHI,2024-09-19
2009-02-01,"-39,3",GACDFSA066MSFRBPHI,2024-09-19
2009-03-01,"-34,7",GACDFSA066MSFRBPHI,2024-09-19
2009-04-01,"-25,2",GACDFSA066MSFRBPHI,2024-09-19
2009-05-01,"-22,4",GACDFSA066MSFRBPHI,2024-09-19
2009-06-01,"0,2",GACDFSA066MSFRBPHI,2024-09-19
2009-07-01,"-6,6",GACDFSA066MSFRBPHI,2024-09-19
2009-08-01,"8,8",GACDFSA066MSFRBPHI,2024-09-19
2009-09-01,15,GACDFSA066MSFRBPHI,2024-09-19
2009-10-01,"12,7",GACDFSA066MSFRBPHI,2024-09-19
2009-11-01,"15,4",GACDFSA066MSFRBPHI,2024-09-19
2009-12-01,"16,5",GACDFSA066MSFRBPHI,2024-09-19
2010-01-01,"12,9",GACDFSA066MSFRBPHI,2024-09-19
2010-02-01,"13,9",GACDFSA066MSFRBPHI,2024-09-19
2010-03-01,"14,2",GACDFSA066MSFRBPHI,2024-09-19
2010-04-01,16,GACDFSA066MSFRBPHI,2024-09-19
2010-05-01,"22,2",GACDFSA066MSFRBPHI,2024-09-19
2010-06-01,"14,9",GACDFSA066MSFRBPHI,2024-09-19
2010-07-01,"7,7",GACDFSA066MSFRBPHI,2024-09-19
2010-08-01,"3,6",GACDFSA066MSFRBPHI,2024-09-19
2010-09-01,"4,3",GACDFSA066MSFRBPHI,2024-09-19
2010-10-01,"0,3",GACDFSA066MSFRBPHI,2024-09-19
2010-11-01,"19,1",GACDFSA066MSFRBPHI,2024-09-19
2010-12-01,"15,4",GACDFSA066MSFRBPHI,2024-09-19
2011-01-01,"16,5",GACDFSA066MSFRBPHI,2024-09-19
2011-02-01,"28,9",GACDFSA066MSFRBPHI,2024-09-19
2011-03-01,"36,4",GACDFSA066MSFRBPHI,2024-09-19
2011-04-01,"12,9",GACDFSA066MSFRBPHI,2024-09-19
2011-05-01,"6,2",GACDFSA066MSFRBPHI,2024-09-19
2011-06-01,"-0,5",GACDFSA066MSFRBPHI,2024-09-19
2011-07-01,"7,1",GACDFSA066MSFRBPHI,2024-09-19
2011-08-01,"-19,5",GACDFSA066MSFRBPHI,2024-09-19
2011-09-01,"-10,7",GACDFSA066MSFRBPHI,2024-09-19
2011-10-01,"6,2",GACDFSA066MSFRBPHI,2024-09-19
2011-11-01,4,GACDFSA066MSFRBPHI,2024-09-19
2011-12-01,"2,4",GACDFSA066MSFRBPHI,2024-09-19
2012-01-01,"7,5",GACDFSA066MSFRBPHI,2024-09-19
2012-02-01,"10,3",GACDFSA066MSFRBPHI,2024-09-19
2012-03-01,"8,8",GACDFSA066MSFRBPHI,2024-09-19
2012-04-01,"5,7",GACDFSA066MSFRBPHI,2024-09-19
2012-05-01,"-0,8",GACDFSA066MSFRBPHI,2024-09-19
2012-06-01,"-12,5",GACDFSA066MSFRBPHI,2024-09-19
2012-07-01,"-12,7",GACDFSA066MSFRBPHI,2024-09-19
2012-08-01,"-2,6",GACDFSA066MSFRBPHI,2024-09-19
2012-09-01,"0,2",GACDFSA066MSFRBPHI,2024-09-19
2012-10-01,"-1,2",GACDFSA066MSFRBPHI,2024-09-19
2012-11-01,"-10,6",GACDFSA066MSFRBPHI,2024-09-19
2012-12-01,"2,5",GACDFSA066MSFRBPHI,2024-09-19
2013-01-01,"-1,4",GACDFSA066MSFRBPHI,2024-09-19
2013-02-01,"-5,4",GACDFSA066MSFRBPHI,2024-09-19
2013-03-01,"2,1",GACDFSA066MSFRBPHI,2024-09-19
2013-04-01,"0,4",GACDFSA066MSFRBPHI,2024-09-19
2013-05-01,"0,3",GACDFSA066MSFRBPHI,2024-09-19
2013-06-01,"12,7",GACDFSA066MSFRBPHI,2024-09-19
2013-07-01,"15,9",GACDFSA066MSFRBPHI,2024-09-19
2013-08-01,"8,1",GACDFSA066MSFRBPHI,2024-09-19
2013-09-01,"20,5",GACDFSA066MSFRBPHI,2024-09-19
2013-10-01,"13,4",GACDFSA066MSFRBPHI,2024-09-19
2013-11-01,"4,6",GACDFSA066MSFRBPHI,2024-09-19
2013-12-01,"3,8",GACDFSA066MSFRBPHI,2024-09-19
2014-01-01,"15,3",GACDFSA066MSFRBPHI,2024-09-19
2014-02-01,"2,4",GACDFSA066MSFRBPHI,2024-09-19
2014-03-01,"12,5",GACDFSA066MSFRBPHI,2024-09-19
2014-04-01,17,GACDFSA066MSFRBPHI,2024-09-19
2014-05-01,"18,4",GACDFSA066MSFRBPHI,2024-09-19
2014-06-01,"14,2",GACDFSA066MSFRBPHI,2024-09-19
2014-07-01,"21,4",GACDFSA066MSFRBPHI,2024-09-19
2014-08-01,"22,7",GACDFSA066MSFRBPHI,2024-09-19
2014-09-01,"21,7",GACDFSA066MSFRBPHI,2024-09-19
2014-10-01,18,GACDFSA066MSFRBPHI,2024-09-19
2014-11-01,"35,6",GACDFSA066MSFRBPHI,2024-09-19
2014-12-01,"21,6",GACDFSA066MSFRBPHI,2024-09-19
2015-01-01,"13,2",GACDFSA066MSFRBPHI,2024-09-19
2015-02-01,"11,3",GACDFSA066MSFRBPHI,2024-09-19
2015-03-01,"7,2",GACDFSA066MSFRBPHI,2024-09-19
2015-04-01,"9,7",GACDFSA066MSFRBPHI,2024-09-19
2015-05-01,"5,8",GACDFSA066MSFRBPHI,2024-09-19
2015-06-01,"8,2",GACDFSA066MSFRBPHI,2024-09-19
2015-07-01,"4,6",GACDFSA066MSFRBPHI,2024-09-19
2015-08-01,"5,5",GACDFSA066MSFRBPHI,2024-09-19
2015-09-01,"-3,7",GACDFSA066MSFRBPHI,2024-09-19
2015-10-01,"-4,9",GACDFSA066MSFRBPHI,2024-09-19
2015-11-01,"-3,5",GACDFSA066MSFRBPHI,2024-09-19
2015-12-01,"-9,2",GACDFSA066MSFRBPHI,2024-09-19
2016-01-01,"-4,5",GACDFSA066MSFRBPHI,2024-09-19
2016-02-01,"-4,8",GACDFSA066MSFRBPHI,2024-09-19
2016-03-01,"8,3",GACDFSA066MSFRBPHI,2024-09-19
2016-04-01,"-1,7",GACDFSA066MSFRBPHI,2024-09-19
2016-05-01,"-5,5",GACDFSA066MSFRBPHI,2024-09-19
2016-06-01,"4,3",GACDFSA066MSFRBPHI,2024-09-19
2016-07-01,"1,5",GACDFSA066MSFRBPHI,2024-09-19
2016-08-01,5,GACDFSA066MSFRBPHI,2024-09-19
2016-09-01,"12,3",GACDFSA066MSFRBPHI,2024-09-19
2016-10-01,"10,9",GACDFSA066MSFRBPHI,2024-09-19
2016-11-01,"10,4",GACDFSA066MSFRBPHI,2024-09-19
2016-12-01,"22,3",GACDFSA066MSFRBPHI,2024-09-19
2017-01-01,"24,1",GACDFSA066MSFRBPHI,2024-09-19
2017-02-01,"42,2",GACDFSA066MSFRBPHI,2024-09-19
2017-03-01,"29,7",GACDFSA066MSFRBPHI,2024-09-19
2017-04-01,"22,1",GACDFSA066MSFRBPHI,2024-09-19
2017-05-01,"33,8",GACDFSA066MSFRBPHI,2024-09-19
2017-06-01,"28,4",GACDFSA066MSFRBPHI,2024-09-19
2017-07-01,"22,6",GACDFSA066MSFRBPHI,2024-09-19
2017-08-01,"20,2",GACDFSA066MSFRBPHI,2024-09-19
2017-09-01,"24,2",GACDFSA066MSFRBPHI,2024-09-19
2017-10-01,"27,5",GACDFSA066MSFRBPHI,2024-09-19
2017-11-01,25,GACDFSA066MSFRBPHI,2024-09-19
2017-12-01,"28,8",GACDFSA066MSFRBPHI,2024-09-19
2018-01-01,"21,5",GACDFSA066MSFRBPHI,2024-09-19
2018-02-01,"33,4",GACDFSA066MSFRBPHI,2024-09-19
2018-03-01,"20,2",GACDFSA066MSFRBPHI,2024-09-19
2018-04-01,"23,2",GACDFSA066MSFRBPHI,2024-09-19
2018-05-01,"31,9",GACDFSA066MSFRBPHI,2024-09-19
2018-06-01,"22,2",GACDFSA066MSFRBPHI,2024-09-19
2018-07-01,"24,7",GACDFSA066MSFRBPHI,2024-09-19
2018-08-01,"9,1",GACDFSA066MSFRBPHI,2024-09-19
2018-09-01,"21,7",GACDFSA066MSFRBPHI,2024-09-19
2018-10-01,"20,2",GACDFSA066MSFRBPHI,2024-09-19
2018-11-01,"13,2",GACDFSA066MSFRBPHI,2024-09-19
2018-12-01,"10,1",GACDFSA066MSFRBPHI,2024-09-19
2019-01-01,"12,6",GACDFSA066MSFRBPHI,2024-09-19
2019-02-01,"2,2",GACDFSA066MSFRBPHI,2024-09-19
2019-03-01,"10,5",GACDFSA066MSFRBPHI,2024-09-19
2019-04-01,"9,2",GACDFSA066MSFRBPHI,2024-09-19
2019-05-01,"17,3",GACDFSA066MSFRBPHI,2024-09-19
2019-06-01,"2,3",GACDFSA066MSFRBPHI,2024-09-19
2019-07-01,"21,6",GACDFSA066MSFRBPHI,2024-09-19
2019-08-01,"11,1",GACDFSA066MSFRBPHI,2024-09-19
2019-09-01,"13,2",GACDFSA066MSFRBPHI,2024-09-19
2019-10-01,"5,9",GACDFSA066MSFRBPHI,2024-09-19
2019-11-01,"10,9",GACDFSA066MSFRBPHI,2024-09-19
2019-12-01,"1,3",GACDFSA066MSFRBPHI,2024-09-19
2020-01-01,"14,3",GACDFSA066MSFRBPHI,2024-09-19
2020-02-01,"39,1",GACDFSA066MSFRBPHI,2024-09-19
2020-03-01,"-17,6",GACDFSA066MSFRBPHI,2024-09-19
2020-04-01,"-58,4",GACDFSA066MSFRBPHI,2024-09-19
2020-05-01,"-43,3",GACDFSA066MSFRBPHI,2024-09-19
2020-06-01,28,GACDFSA066MSFRBPHI,2024-09-19
2020-07-01,"29,7",GACDFSA066MSFRBPHI,2024-09-19
2020-08-01,"14,8",GACDFSA066MSFRBPHI,2024-09-19
2020-09-01,"16,3",GACDFSA066MSFRBPHI,2024-09-19
2020-10-01,"31,3",GACDFSA066MSFRBPHI,2024-09-19
2020-11-01,"28,4",GACDFSA066MSFRBPHI,2024-09-19
2020-12-01,"9,6",GACDFSA066MSFRBPHI,2024-09-19
2021-01-01,"27,1",GACDFSA066MSFRBPHI,2024-09-19
2021-02-01,"31,9",GACDFSA066MSFRBPHI,2024-09-19
2021-03-01,40,GACDFSA066MSFRBPHI,2024-09-19
2021-04-01,"48,9",GACDFSA066MSFRBPHI,2024-09-19
2021-05-01,"32,6",GACDFSA066MSFRBPHI,2024-09-19
2021-06-01,"31,5",GACDFSA066MSFRBPHI,2024-09-19
2021-07-01,"27,1",GACDFSA066MSFRBPHI,2024-09-19
2021-08-01,"16,5",GACDFSA066MSFRBPHI,2024-09-19
2021-09-01,"32,4",GACDFSA066MSFRBPHI,2024-09-19
2021-10-01,"22,7",GACDFSA066MSFRBPHI,2024-09-19
2021-11-01,"40,6",GACDFSA066MSFRBPHI,2024-09-19
2021-12-01,"13,8",GACDFSA066MSFRBPHI,2024-09-19
2022-01-01,"19,9",GACDFSA066MSFRBPHI,2024-09-19
2022-02-01,"19,1",GACDFSA066MSFRBPHI,2024-09-19
2022-03-01,"23,3",GACDFSA066MSFRBPHI,2024-09-19
2022-04-01,"16,9",GACDFSA066MSFRBPHI,2024-09-19
2022-05-01,"3,5",GACDFSA066MSFRBPHI,2024-09-19
2022-06-01,"-2,7",GACDFSA066MSFRBPHI,2024-09-19
2022-07-01,"-7,4",GACDFSA066MSFRBPHI,2024-09-19
2022-08-01,"2,7",GACDFSA066MSFRBPHI,2024-09-19
2022-09-01,"-7,8",GACDFSA066MSFRBPHI,2024-09-19
2022-10-01,"-9,9",GACDFSA066MSFRBPHI,2024-09-19
2022-11-01,-17,GACDFSA066MSFRBPHI,2024-09-19
2022-12-01,"-15,2",GACDFSA066MSFRBPHI,2024-09-19
2023-01-01,"-9,8",GACDFSA066MSFRBPHI,2024-09-19
2023-02-01,"-17,8",GACDFSA066MSFRBPHI,2024-09-19
2023-03-01,"-22,4",GACDFSA066MSFRBPHI,2024-09-19
2023-04-01,"-26,3",GACDFSA066MSFRBPHI,2024-09-19
2023-05-01,-10,GACDFSA066MSFRBPHI,2024-09-19
2023-06-01,"-13,6",GACDFSA066MSFRBPHI,2024-09-19
2023-07-01,"-14,2",GACDFSA066MSFRBPHI,2024-09-19
2023-08-01,"7,7",GACDFSA066MSFRBPHI,2024-09-19
2023-09-01,"-13,4",GACDFSA066MSFRBPHI,2024-09-19
2023-10-01,"-12,1",GACDFSA066MSFRBPHI,2024-09-19
2023-11-01,-8,GACDFSA066MSFRBPHI,2024-09-19
2023-12-01,"-12,8",GACDFSA066MSFRBPHI,2024-09-19
2024-01-01,"-10,6",GACDFSA066MSFRBPHI,2024-09-19
2024-02-01,"5,2",GACDFSA066MSFRBPHI,2024-09-19
2024-03-01,"3,2",GACDFSA066MSFRBPHI,2024-09-19
2024-04-01,"15,5",GACDFSA066MSFRBPHI,2024-09-19
2024-05-01,"4,5",GACDFSA066MSFRBPHI,2024-09-19
2024-06-01,"1,3",GACDFSA066MSFRBPHI,2024-09-19
2024-07-01,"13,9",GACDFSA066MSFRBPHI,2024-09-19
2024-08-01,-7,GACDFSA066MSFRBPHI,2024-09-19
1959-01-01,1657,HOUST,2024-09-18
1959-02-01,1667,HOUST,2024-09-18
1959-03-01,1620,HOUST,2024-09-18
1959-04-01,1590,HOUST,2024-09-18
1959-05-01,1498,HOUST,2024-09-18
1959-06-01,1503,HOUST,2024-09-18
1959-07-01,1547,HOUST,2024-09-18
1959-08-01,1430,HOUST,2024-09-18
1959-09-01,1540,HOUST,2024-09-18
1959-10-01,1355,HOUST,2024-09-18
1959-11-01,1416,HOUST,2024-09-18
1959-12-01,1601,HOUST,2024-09-18
1960-01-01,1460,HOUST,2024-09-18
1960-02-01,1503,HOUST,2024-09-18
1960-03-01,1109,HOUST,2024-09-18
1960-04-01,1289,HOUST,2024-09-18
1960-05-01,1271,HOUST,2024-09-18
1960-06-01,1247,HOUST,2024-09-18
1960-07-01,1197,HOUST,2024-09-18
1960-08-01,1344,HOUST,2024-09-18
1960-09-01,1097,HOUST,2024-09-18
1960-10-01,1246,HOUST,2024-09-18
1960-11-01,1246,HOUST,2024-09-18
1960-12-01,1063,HOUST,2024-09-18
1961-01-01,1183,HOUST,2024-09-18
1961-02-01,1226,HOUST,2024-09-18
1961-03-01,1312,HOUST,2024-09-18
1961-04-01,1166,HOUST,2024-09-18
1961-05-01,1228,HOUST,2024-09-18
1961-06-01,1382,HOUST,2024-09-18
1961-07-01,1335,HOUST,2024-09-18
1961-08-01,1312,HOUST,2024-09-18
1961-09-01,1429,HOUST,2024-09-18
1961-10-01,1415,HOUST,2024-09-18
1961-11-01,1385,HOUST,2024-09-18
1961-12-01,1365,HOUST,2024-09-18
1962-01-01,1361,HOUST,2024-09-18
1962-02-01,1278,HOUST,2024-09-18
1962-03-01,1443,HOUST,2024-09-18
1962-04-01,1524,HOUST,2024-09-18
1962-05-01,1483,HOUST,2024-09-18
1962-06-01,1404,HOUST,2024-09-18
1962-07-01,1450,HOUST,2024-09-18
1962-08-01,1517,HOUST,2024-09-18
1962-09-01,1324,HOUST,2024-09-18
1962-10-01,1533,HOUST,2024-09-18
1962-11-01,1622,HOUST,2024-09-18
1962-12-01,1564,HOUST,2024-09-18
1963-01-01,1244,HOUST,2024-09-18
1963-02-01,1456,HOUST,2024-09-18
1963-03-01,1534,HOUST,2024-09-18
1963-04-01,1689,HOUST,2024-09-18
1963-05-01,1641,HOUST,2024-09-18
1963-06-01,1588,HOUST,2024-09-18
1963-07-01,1614,HOUST,2024-09-18
1963-08-01,1639,HOUST,2024-09-18
1963-09-01,1763,HOUST,2024-09-18
1963-10-01,1779,HOUST,2024-09-18
1963-11-01,1622,HOUST,2024-09-18
1963-12-01,1491,HOUST,2024-09-18
1964-01-01,1603,HOUST,2024-09-18
1964-02-01,1820,HOUST,2024-09-18
1964-03-01,1517,HOUST,2024-09-18
1964-04-01,1448,HOUST,2024-09-18
1964-05-01,1467,HOUST,2024-09-18
1964-06-01,1550,HOUST,2024-09-18
1964-07-01,1562,HOUST,2024-09-18
1964-08-01,1569,HOUST,2024-09-18
1964-09-01,1455,HOUST,2024-09-18
1964-10-01,1524,HOUST,2024-09-18
1964-11-01,1486,HOUST,2024-09-18
1964-12-01,1484,HOUST,2024-09-18
1965-01-01,1361,HOUST,2024-09-18
1965-02-01,1433,HOUST,2024-09-18
1965-03-01,1423,HOUST,2024-09-18
1965-04-01,1438,HOUST,2024-09-18
1965-05-01,1478,HOUST,2024-09-18
1965-06-01,1488,HOUST,2024-09-18
1965-07-01,1529,HOUST,2024-09-18
1965-08-01,1432,HOUST,2024-09-18
1965-09-01,1482,HOUST,2024-09-18
1965-10-01,1452,HOUST,2024-09-18
1965-11-01,1460,HOUST,2024-09-18
1965-12-01,1656,HOUST,2024-09-18
1966-01-01,1370,HOUST,2024-09-18
1966-02-01,1378,HOUST,2024-09-18
1966-03-01,1394,HOUST,2024-09-18
1966-04-01,1352,HOUST,2024-09-18
1966-05-01,1265,HOUST,2024-09-18
1966-06-01,1194,HOUST,2024-09-18
1966-07-01,1086,HOUST,2024-09-18
1966-08-01,1119,HOUST,2024-09-18
1966-09-01,1046,HOUST,2024-09-18
1966-10-01,843,HOUST,2024-09-18
1966-11-01,961,HOUST,2024-09-18
1966-12-01,990,HOUST,2024-09-18
1967-01-01,1067,HOUST,2024-09-18
1967-02-01,1123,HOUST,2024-09-18
1967-03-01,1056,HOUST,2024-09-18
1967-04-01,1091,HOUST,2024-09-18
1967-05-01,1304,HOUST,2024-09-18
1967-06-01,1248,HOUST,2024-09-18
1967-07-01,1364,HOUST,2024-09-18
1967-08-01,1407,HOUST,2024-09-18
1967-09-01,1421,HOUST,2024-09-18
1967-10-01,1491,HOUST,2024-09-18
1967-11-01,1538,HOUST,2024-09-18
1967-12-01,1308,HOUST,2024-09-18
1968-01-01,1380,HOUST,2024-09-18
1968-02-01,1520,HOUST,2024-09-18
1968-03-01,1466,HOUST,2024-09-18
1968-04-01,1554,HOUST,2024-09-18
1968-05-01,1408,HOUST,2024-09-18
1968-06-01,1405,HOUST,2024-09-18
1968-07-01,1512,HOUST,2024-09-18
1968-08-01,1495,HOUST,2024-09-18
1968-09-01,1556,HOUST,2024-09-18
1968-10-01,1569,HOUST,2024-09-18
1968-11-01,1630,HOUST,2024-09-18
1968-12-01,1548,HOUST,2024-09-18
1969-01-01,1769,HOUST,2024-09-18
1969-02-01,1705,HOUST,2024-09-18
1969-03-01,1561,HOUST,2024-09-18
1969-04-01,1524,HOUST,2024-09-18
1969-05-01,1583,HOUST,2024-09-18
1969-06-01,1528,HOUST,2024-09-18
1969-07-01,1368,HOUST,2024-09-18
1969-08-01,1358,HOUST,2024-09-18
1969-09-01,1507,HOUST,2024-09-18
1969-10-01,1381,HOUST,2024-09-18
1969-11-01,1229,HOUST,2024-09-18
1969-12-01,1327,HOUST,2024-09-18
1970-01-01,1085,HOUST,2024-09-18
1970-02-01,1305,HOUST,2024-09-18
1970-03-01,1319,HOUST,2024-09-18
1970-04-01,1264,HOUST,2024-09-18
1970-05-01,1290,HOUST,2024-09-18
1970-06-01,1385,HOUST,2024-09-18
1970-07-01,1517,HOUST,2024-09-18
1970-08-01,1399,HOUST,2024-09-18
1970-09-01,1534,HOUST,2024-09-18
1970-10-01,1580,HOUST,2024-09-18
1970-11-01,1647,HOUST,2024-09-18
1970-12-01,1893,HOUST,2024-09-18
1971-01-01,1828,HOUST,2024-09-18
1971-02-01,1741,HOUST,2024-09-18
1971-03-01,1910,HOUST,2024-09-18
1971-04-01,1986,HOUST,2024-09-18
1971-05-01,2049,HOUST,2024-09-18
1971-06-01,2026,HOUST,2024-09-18
1971-07-01,2083,HOUST,2024-09-18
1971-08-01,2158,HOUST,2024-09-18
1971-09-01,2041,HOUST,2024-09-18
1971-10-01,2128,HOUST,2024-09-18
1971-11-01,2182,HOUST,2024-09-18
1971-12-01,2295,HOUST,2024-09-18
1972-01-01,2494,HOUST,2024-09-18
1972-02-01,2390,HOUST,2024-09-18
1972-03-01,2334,HOUST,2024-09-18
1972-04-01,2249,HOUST,2024-09-18
1972-05-01,2221,HOUST,2024-09-18
1972-06-01,2254,HOUST,2024-09-18
1972-07-01,2252,HOUST,2024-09-18
1972-08-01,2382,HOUST,2024-09-18
1972-09-01,2481,HOUST,2024-09-18
1972-10-01,2485,HOUST,2024-09-18
1972-11-01,2421,HOUST,2024-09-18
1972-12-01,2366,HOUST,2024-09-18
1973-01-01,2481,HOUST,2024-09-18
1973-02-01,2289,HOUST,2024-09-18
1973-03-01,2365,HOUST,2024-09-18
1973-04-01,2084,HOUST,2024-09-18
1973-05-01,2266,HOUST,2024-09-18
1973-06-01,2067,HOUST,2024-09-18
1973-07-01,2123,HOUST,2024-09-18
1973-08-01,2051,HOUST,2024-09-18
1973-09-01,1874,HOUST,2024-09-18
1973-10-01,1677,HOUST,2024-09-18
1973-11-01,1724,HOUST,2024-09-18
1973-12-01,1526,HOUST,2024-09-18
1974-01-01,1451,HOUST,2024-09-18
1974-02-01,1752,HOUST,2024-09-18
1974-03-01,1555,HOUST,2024-09-18
1974-04-01,1607,HOUST,2024-09-18
1974-05-01,1426,HOUST,2024-09-18
1974-06-01,1513,HOUST,2024-09-18
1974-07-01,1316,HOUST,2024-09-18
1974-08-01,1142,HOUST,2024-09-18
1974-09-01,1150,HOUST,2024-09-18
1974-10-01,1070,HOUST,2024-09-18
1974-11-01,1026,HOUST,2024-09-18
1974-12-01,975,HOUST,2024-09-18
1975-01-01,1032,HOUST,2024-09-18
1975-02-01,904,HOUST,2024-09-18
1975-03-01,993,HOUST,2024-09-18
1975-04-01,1005,HOUST,2024-09-18
1975-05-01,1121,HOUST,2024-09-18
1975-06-01,1087,HOUST,2024-09-18
1975-07-01,1226,HOUST,2024-09-18
1975-08-01,1260,HOUST,2024-09-18
1975-09-01,1264,HOUST,2024-09-18
1975-10-01,1344,HOUST,2024-09-18
1975-11-01,1360,HOUST,2024-09-18
1975-12-01,1321,HOUST,2024-09-18
1976-01-01,1367,HOUST,2024-09-18
1976-02-01,1538,HOUST,2024-09-18
1976-03-01,1421,HOUST,2024-09-18
1976-04-01,1395,HOUST,2024-09-18
1976-05-01,1459,HOUST,2024-09-18
1976-06-01,1495,HOUST,2024-09-18
1976-07-01,1401,HOUST,2024-09-18
1976-08-01,1550,HOUST,2024-09-18
1976-09-01,1720,HOUST,2024-09-18
1976-10-01,1629,HOUST,2024-09-18
1976-11-01,1641,HOUST,2024-09-18
1976-12-01,1804,HOUST,2024-09-18
1977-01-01,1527,HOUST,2024-09-18
1977-02-01,1943,HOUST,2024-09-18
1977-03-01,2063,HOUST,2024-09-18
1977-04-01,1892,HOUST,2024-09-18
1977-05-01,1971,HOUST,2024-09-18
1977-06-01,1893,HOUST,2024-09-18
1977-07-01,2058,HOUST,2024-09-18
1977-08-01,2020,HOUST,2024-09-18
1977-09-01,1949,HOUST,2024-09-18
1977-10-01,2042,HOUST,2024-09-18
1977-11-01,2042,HOUST,2024-09-18
1977-12-01,2142,HOUST,2024-09-18
1978-01-01,1718,HOUST,2024-09-18
1978-02-01,1738,HOUST,2024-09-18
1978-03-01,2032,HOUST,2024-09-18
1978-04-01,2197,HOUST,2024-09-18
1978-05-01,2075,HOUST,2024-09-18
1978-06-01,2070,HOUST,2024-09-18
1978-07-01,2092,HOUST,2024-09-18
1978-08-01,1996,HOUST,2024-09-18
1978-09-01,1970,HOUST,2024-09-18
1978-10-01,1981,HOUST,2024-09-18
1978-11-01,2094,HOUST,2024-09-18
1978-12-01,2044,HOUST,2024-09-18
1979-01-01,1630,HOUST,2024-09-18
1979-02-01,1520,HOUST,2024-09-18
1979-03-01,1847,HOUST,2024-09-18
1979-04-01,1748,HOUST,2024-09-18
1979-05-01,1876,HOUST,2024-09-18
1979-06-01,1913,HOUST,2024-09-18
1979-07-01,1760,HOUST,2024-09-18
1979-08-01,1778,HOUST,2024-09-18
1979-09-01,1832,HOUST,2024-09-18
1979-10-01,1681,HOUST,2024-09-18
1979-11-01,1524,HOUST,2024-09-18
1979-12-01,1498,HOUST,2024-09-18
1980-01-01,1341,HOUST,2024-09-18
1980-02-01,1350,HOUST,2024-09-18
1980-03-01,1047,HOUST,2024-09-18
1980-04-01,1051,HOUST,2024-09-18
1980-05-01,927,HOUST,2024-09-18
1980-06-01,1196,HOUST,2024-09-18
1980-07-01,1269,HOUST,2024-09-18
1980-08-01,1436,HOUST,2024-09-18
1980-09-01,1471,HOUST,2024-09-18
1980-10-01,1523,HOUST,2024-09-18
1980-11-01,1510,HOUST,2024-09-18
1980-12-01,1482,HOUST,2024-09-18
1981-01-01,1547,HOUST,2024-09-18
1981-02-01,1246,HOUST,2024-09-18
1981-03-01,1306,HOUST,2024-09-18
1981-04-01,1360,HOUST,2024-09-18
1981-05-01,1140,HOUST,2024-09-18
1981-06-01,1045,HOUST,2024-09-18
1981-07-01,1041,HOUST,2024-09-18
1981-08-01,940,HOUST,2024-09-18
1981-09-01,911,HOUST,2024-09-18
1981-10-01,873,HOUST,2024-09-18
1981-11-01,837,HOUST,2024-09-18
1981-12-01,910,HOUST,2024-09-18
1982-01-01,843,HOUST,2024-09-18
1982-02-01,866,HOUST,2024-09-18
1982-03-01,931,HOUST,2024-09-18
1982-04-01,917,HOUST,2024-09-18
1982-05-01,1025,HOUST,2024-09-18
1982-06-01,902,HOUST,2024-09-18
1982-07-01,1166,HOUST,2024-09-18
1982-08-01,1046,HOUST,2024-09-18
1982-09-01,1144,HOUST,2024-09-18
1982-10-01,1173,HOUST,2024-09-18
1982-11-01,1372,HOUST,2024-09-18
1982-12-01,1303,HOUST,2024-09-18
1983-01-01,1586,HOUST,2024-09-18
1983-02-01,1699,HOUST,2024-09-18
1983-03-01,1606,HOUST,2024-09-18
1983-04-01,1472,HOUST,2024-09-18
1983-05-01,1776,HOUST,2024-09-18
1983-06-01,1733,HOUST,2024-09-18
1983-07-01,1785,HOUST,2024-09-18
1983-08-01,1910,HOUST,2024-09-18
1983-09-01,1710,HOUST,2024-09-18
1983-10-01,1715,HOUST,2024-09-18
1983-11-01,1785,HOUST,2024-09-18
1983-12-01,1688,HOUST,2024-09-18
1984-01-01,1897,HOUST,2024-09-18
1984-02-01,2260,HOUST,2024-09-18
1984-03-01,1663,HOUST,2024-09-18
1984-04-01,1851,HOUST,2024-09-18
1984-05-01,1774,HOUST,2024-09-18
1984-06-01,1843,HOUST,2024-09-18
1984-07-01,1732,HOUST,2024-09-18
1984-08-01,1586,HOUST,2024-09-18
1984-09-01,1698,HOUST,2024-09-18
1984-10-01,1590,HOUST,2024-09-18
1984-11-01,1689,HOUST,2024-09-18
1984-12-01,1612,HOUST,2024-09-18
1985-01-01,1711,HOUST,2024-09-18
1985-02-01,1632,HOUST,2024-09-18
1985-03-01,1800,HOUST,2024-09-18
1985-04-01,1821,HOUST,2024-09-18
1985-05-01,1680,HOUST,2024-09-18
1985-06-01,1676,HOUST,2024-09-18
1985-07-01,1684,HOUST,2024-09-18
1985-08-01,1743,HOUST,2024-09-18
1985-09-01,1676,HOUST,2024-09-18
1985-10-01,1834,HOUST,2024-09-18
1985-11-01,1698,HOUST,2024-09-18
1985-12-01,1942,HOUST,2024-09-18
1986-01-01,1972,HOUST,2024-09-18
1986-02-01,1848,HOUST,2024-09-18
1986-03-01,1876,HOUST,2024-09-18
1986-04-01,1933,HOUST,2024-09-18
1986-05-01,1854,HOUST,2024-09-18
1986-06-01,1847,HOUST,2024-09-18
1986-07-01,1782,HOUST,2024-09-18
1986-08-01,1807,HOUST,2024-09-18
1986-09-01,1687,HOUST,2024-09-18
1986-10-01,1681,HOUST,2024-09-18
1986-11-01,1623,HOUST,2024-09-18
1986-12-01,1833,HOUST,2024-09-18
1987-01-01,1774,HOUST,2024-09-18
1987-02-01,1784,HOUST,2024-09-18
1987-03-01,1726,HOUST,2024-09-18
1987-04-01,1614,HOUST,2024-09-18
1987-05-01,1628,HOUST,2024-09-18
1987-06-01,1594,HOUST,2024-09-18
1987-07-01,1575,HOUST,2024-09-18
1987-08-01,1605,HOUST,2024-09-18
1987-09-01,1695,HOUST,2024-09-18
1987-10-01,1515,HOUST,2024-09-18
1987-11-01,1656,HOUST,2024-09-18
1987-12-01,1400,HOUST,2024-09-18
1988-01-01,1271,HOUST,2024-09-18
1988-02-01,1473,HOUST,2024-09-18
1988-03-01,1532,HOUST,2024-09-18
1988-04-01,1573,HOUST,2024-09-18
1988-05-01,1421,HOUST,2024-09-18
1988-06-01,1478,HOUST,2024-09-18
1988-07-01,1467,HOUST,2024-09-18
1988-08-01,1493,HOUST,2024-09-18
1988-09-01,1492,HOUST,2024-09-18
1988-10-01,1522,HOUST,2024-09-18
1988-11-01,1569,HOUST,2024-09-18
1988-12-01,1563,HOUST,2024-09-18
1989-01-01,1621,HOUST,2024-09-18
1989-02-01,1425,HOUST,2024-09-18
1989-03-01,1422,HOUST,2024-09-18
1989-04-01,1339,HOUST,2024-09-18
1989-05-01,1331,HOUST,2024-09-18
1989-06-01,1397,HOUST,2024-09-18
1989-07-01,1427,HOUST,2024-09-18
1989-08-01,1332,HOUST,2024-09-18
1989-09-01,1279,HOUST,2024-09-18
1989-10-01,1410,HOUST,2024-09-18
1989-11-01,1351,HOUST,2024-09-18
1989-12-01,1251,HOUST,2024-09-18
1990-01-01,1551,HOUST,2024-09-18
1990-02-01,1437,HOUST,2024-09-18
1990-03-01,1289,HOUST,2024-09-18
1990-04-01,1248,HOUST,2024-09-18
1990-05-01,1212,HOUST,2024-09-18
1990-06-01,1177,HOUST,2024-09-18
1990-07-01,1171,HOUST,2024-09-18
1990-08-01,1115,HOUST,2024-09-18
1990-09-01,1110,HOUST,2024-09-18
1990-10-01,1014,HOUST,2024-09-18
1990-11-01,1145,HOUST,2024-09-18
1990-12-01,969,HOUST,2024-09-18
1991-01-01,798,HOUST,2024-09-18
1991-02-01,965,HOUST,2024-09-18
1991-03-01,921,HOUST,2024-09-18
1991-04-01,1001,HOUST,2024-09-18
1991-05-01,996,HOUST,2024-09-18
1991-06-01,1036,HOUST,2024-09-18
1991-07-01,1063,HOUST,2024-09-18
1991-08-01,1049,HOUST,2024-09-18
1991-09-01,1015,HOUST,2024-09-18
1991-10-01,1079,HOUST,2024-09-18
1991-11-01,1103,HOUST,2024-09-18
1991-12-01,1079,HOUST,2024-09-18
1992-01-01,1176,HOUST,2024-09-18
1992-02-01,1250,HOUST,2024-09-18
1992-03-01,1297,HOUST,2024-09-18
1992-04-01,1099,HOUST,2024-09-18
1992-05-01,1214,HOUST,2024-09-18
1992-06-01,1145,HOUST,2024-09-18
1992-07-01,1139,HOUST,2024-09-18
1992-08-01,1226,HOUST,2024-09-18
1992-09-01,1186,HOUST,2024-09-18
1992-10-01,1244,HOUST,2024-09-18
1992-11-01,1214,HOUST,2024-09-18
1992-12-01,1227,HOUST,2024-09-18
1993-01-01,1210,HOUST,2024-09-18
1993-02-01,1210,HOUST,2024-09-18
1993-03-01,1083,HOUST,2024-09-18
1993-04-01,1258,HOUST,2024-09-18
1993-05-01,1260,HOUST,2024-09-18
1993-06-01,1280,HOUST,2024-09-18
1993-07-01,1254,HOUST,2024-09-18
1993-08-01,1300,HOUST,2024-09-18
1993-09-01,1343,HOUST,2024-09-18
1993-10-01,1392,HOUST,2024-09-18
1993-11-01,1376,HOUST,2024-09-18
1993-12-01,1533,HOUST,2024-09-18
1994-01-01,1272,HOUST,2024-09-18
1994-02-01,1337,HOUST,2024-09-18
1994-03-01,1564,HOUST,2024-09-18
1994-04-01,1465,HOUST,2024-09-18
1994-05-01,1526,HOUST,2024-09-18
1994-06-01,1409,HOUST,2024-09-18
1994-07-01,1439,HOUST,2024-09-18
1994-08-01,1450,HOUST,2024-09-18
1994-09-01,1474,HOUST,2024-09-18
1994-10-01,1450,HOUST,2024-09-18
1994-11-01,1511,HOUST,2024-09-18
1994-12-01,1455,HOUST,2024-09-18
1995-01-01,1407,HOUST,2024-09-18
1995-02-01,1316,HOUST,2024-09-18
1995-03-01,1249,HOUST,2024-09-18
1995-04-01,1267,HOUST,2024-09-18
1995-05-01,1314,HOUST,2024-09-18
1995-06-01,1281,HOUST,2024-09-18
1995-07-01,1461,HOUST,2024-09-18
1995-08-01,1416,HOUST,2024-09-18
1995-09-01,1369,HOUST,2024-09-18
1995-10-01,1369,HOUST,2024-09-18
1995-11-01,1452,HOUST,2024-09-18
1995-12-01,1431,HOUST,2024-09-18
1996-01-01,1467,HOUST,2024-09-18
1996-02-01,1491,HOUST,2024-09-18
1996-03-01,1424,HOUST,2024-09-18
1996-04-01,1516,HOUST,2024-09-18
1996-05-01,1504,HOUST,2024-09-18
1996-06-01,1467,HOUST,2024-09-18
1996-07-01,1472,HOUST,2024-09-18
1996-08-01,1557,HOUST,2024-09-18
1996-09-01,1475,HOUST,2024-09-18
1996-10-01,1392,HOUST,2024-09-18
1996-11-01,1489,HOUST,2024-09-18
1996-12-01,1370,HOUST,2024-09-18
1997-01-01,1355,HOUST,2024-09-18
1997-02-01,1486,HOUST,2024-09-18
1997-03-01,1457,HOUST,2024-09-18
1997-04-01,1492,HOUST,2024-09-18
1997-05-01,1442,HOUST,2024-09-18
1997-06-01,1494,HOUST,2024-09-18
1997-07-01,1437,HOUST,2024-09-18
1997-08-01,1390,HOUST,2024-09-18
1997-09-01,1546,HOUST,2024-09-18
1997-10-01,1520,HOUST,2024-09-18
1997-11-01,1510,HOUST,2024-09-18
1997-12-01,1566,HOUST,2024-09-18
1998-01-01,1525,HOUST,2024-09-18
1998-02-01,1584,HOUST,2024-09-18
1998-03-01,1567,HOUST,2024-09-18
1998-04-01,1540,HOUST,2024-09-18
1998-05-01,1536,HOUST,2024-09-18
1998-06-01,1641,HOUST,2024-09-18
1998-07-01,1698,HOUST,2024-09-18
1998-08-01,1614,HOUST,2024-09-18
1998-09-01,1582,HOUST,2024-09-18
1998-10-01,1715,HOUST,2024-09-18
1998-11-01,1660,HOUST,2024-09-18
1998-12-01,1792,HOUST,2024-09-18
1999-01-01,1748,HOUST,2024-09-18
1999-02-01,1670,HOUST,2024-09-18
1999-03-01,1710,HOUST,2024-09-18
1999-04-01,1553,HOUST,2024-09-18
1999-05-01,1611,HOUST,2024-09-18
1999-06-01,1559,HOUST,2024-09-18
1999-07-01,1669,HOUST,2024-09-18
1999-08-01,1648,HOUST,2024-09-18
1999-09-01,1635,HOUST,2024-09-18
1999-10-01,1608,HOUST,2024-09-18
1999-11-01,1648,HOUST,2024-09-18
1999-12-01,1708,HOUST,2024-09-18
2000-01-01,1636,HOUST,2024-09-18
2000-02-01,1737,HOUST,2024-09-18
2000-03-01,1604,HOUST,2024-09-18
2000-04-01,1626,HOUST,2024-09-18
2000-05-01,1575,HOUST,2024-09-18
2000-06-01,1559,HOUST,2024-09-18
2000-07-01,1463,HOUST,2024-09-18
2000-08-01,1541,HOUST,2024-09-18
2000-09-01,1507,HOUST,2024-09-18
2000-10-01,1549,HOUST,2024-09-18
2000-11-01,1551,HOUST,2024-09-18
2000-12-01,1532,HOUST,2024-09-18
2001-01-01,1600,HOUST,2024-09-18
2001-02-01,1625,HOUST,2024-09-18
2001-03-01,1590,HOUST,2024-09-18
2001-04-01,1649,HOUST,2024-09-18
2001-05-01,1605,HOUST,2024-09-18
2001-06-01,1636,HOUST,2024-09-18
2001-07-01,1670,HOUST,2024-09-18
2001-08-01,1567,HOUST,2024-09-18
2001-09-01,1562,HOUST,2024-09-18
2001-10-01,1540,HOUST,2024-09-18
2001-11-01,1602,HOUST,2024-09-18
2001-12-01,1568,HOUST,2024-09-18
2002-01-01,1698,HOUST,2024-09-18
2002-02-01,1829,HOUST,2024-09-18
2002-03-01,1642,HOUST,2024-09-18
2002-04-01,1592,HOUST,2024-09-18
2002-05-01,1764,HOUST,2024-09-18
2002-06-01,1717,HOUST,2024-09-18
2002-07-01,1655,HOUST,2024-09-18
2002-08-01,1633,HOUST,2024-09-18
2002-09-01,1804,HOUST,2024-09-18
2002-10-01,1648,HOUST,2024-09-18
2002-11-01,1753,HOUST,2024-09-18
2002-12-01,1788,HOUST,2024-09-18
2003-01-01,1853,HOUST,2024-09-18
2003-02-01,1629,HOUST,2024-09-18
2003-03-01,1726,HOUST,2024-09-18
2003-04-01,1643,HOUST,2024-09-18
2003-05-01,1751,HOUST,2024-09-18
2003-06-01,1867,HOUST,2024-09-18
2003-07-01,1897,HOUST,2024-09-18
2003-08-01,1833,HOUST,2024-09-18
2003-09-01,1939,HOUST,2024-09-18
2003-10-01,1967,HOUST,2024-09-18
2003-11-01,2083,HOUST,2024-09-18
2003-12-01,2057,HOUST,2024-09-18
2004-01-01,1911,HOUST,2024-09-18
2004-02-01,1846,HOUST,2024-09-18
2004-03-01,1998,HOUST,2024-09-18
2004-04-01,2003,HOUST,2024-09-18
2004-05-01,1981,HOUST,2024-09-18
2004-06-01,1828,HOUST,2024-09-18
2004-07-01,2002,HOUST,2024-09-18
2004-08-01,2024,HOUST,2024-09-18
2004-09-01,1905,HOUST,2024-09-18
2004-10-01,2072,HOUST,2024-09-18
2004-11-01,1782,HOUST,2024-09-18
2004-12-01,2042,HOUST,2024-09-18
2005-01-01,2144,HOUST,2024-09-18
2005-02-01,2207,HOUST,2024-09-18
2005-03-01,1864,HOUST,2024-09-18
2005-04-01,2061,HOUST,2024-09-18
2005-05-01,2025,HOUST,2024-09-18
2005-06-01,2068,HOUST,2024-09-18
2005-07-01,2054,HOUST,2024-09-18
2005-08-01,2095,HOUST,2024-09-18
2005-09-01,2151,HOUST,2024-09-18
2005-10-01,2065,HOUST,2024-09-18
2005-11-01,2147,HOUST,2024-09-18
2005-12-01,1994,HOUST,2024-09-18
2006-01-01,2273,HOUST,2024-09-18
2006-02-01,2119,HOUST,2024-09-18
2006-03-01,1969,HOUST,2024-09-18
2006-04-01,1821,HOUST,2024-09-18
2006-05-01,1942,HOUST,2024-09-18
2006-06-01,1802,HOUST,2024-09-18
2006-07-01,1737,HOUST,2024-09-18
2006-08-01,1650,HOUST,2024-09-18
2006-09-01,1720,HOUST,2024-09-18
2006-10-01,1491,HOUST,2024-09-18
2006-11-01,1570,HOUST,2024-09-18
2006-12-01,1649,HOUST,2024-09-18
2007-01-01,1409,HOUST,2024-09-18
2007-02-01,1480,HOUST,2024-09-18
2007-03-01,1495,HOUST,2024-09-18
2007-04-01,1490,HOUST,2024-09-18
2007-05-01,1415,HOUST,2024-09-18
2007-06-01,1448,HOUST,2024-09-18
2007-07-01,1354,HOUST,2024-09-18
2007-08-01,1330,HOUST,2024-09-18
2007-09-01,1183,HOUST,2024-09-18
2007-10-01,1264,HOUST,2024-09-18
2007-11-01,1197,HOUST,2024-09-18
2007-12-01,1037,HOUST,2024-09-18
2008-01-01,1084,HOUST,2024-09-18
2008-02-01,1103,HOUST,2024-09-18
2008-03-01,1005,HOUST,2024-09-18
2008-04-01,1013,HOUST,2024-09-18
2008-05-01,973,HOUST,2024-09-18
2008-06-01,1046,HOUST,2024-09-18
2008-07-01,923,HOUST,2024-09-18
2008-08-01,844,HOUST,2024-09-18
2008-09-01,820,HOUST,2024-09-18
2008-10-01,777,HOUST,2024-09-18
2008-11-01,652,HOUST,2024-09-18
2008-12-01,560,HOUST,2024-09-18
2009-01-01,490,HOUST,2024-09-18
2009-02-01,582,HOUST,2024-09-18
2009-03-01,505,HOUST,2024-09-18
2009-04-01,478,HOUST,2024-09-18
2009-05-01,540,HOUST,2024-09-18
2009-06-01,585,HOUST,2024-09-18
2009-07-01,594,HOUST,2024-09-18
2009-08-01,586,HOUST,2024-09-18
2009-09-01,585,HOUST,2024-09-18
2009-10-01,534,HOUST,2024-09-18
2009-11-01,588,HOUST,2024-09-18
2009-12-01,581,HOUST,2024-09-18
2010-01-01,614,HOUST,2024-09-18
2010-02-01,604,HOUST,2024-09-18
2010-03-01,636,HOUST,2024-09-18
2010-04-01,687,HOUST,2024-09-18
2010-05-01,583,HOUST,2024-09-18
2010-06-01,536,HOUST,2024-09-18
2010-07-01,546,HOUST,2024-09-18
2010-08-01,599,HOUST,2024-09-18
2010-09-01,594,HOUST,2024-09-18
2010-10-01,543,HOUST,2024-09-18
2010-11-01,545,HOUST,2024-09-18
2010-12-01,539,HOUST,2024-09-18
2011-01-01,630,HOUST,2024-09-18
2011-02-01,517,HOUST,2024-09-18
2011-03-01,600,HOUST,2024-09-18
2011-04-01,554,HOUST,2024-09-18
2011-05-01,561,HOUST,2024-09-18
2011-06-01,608,HOUST,2024-09-18
2011-07-01,623,HOUST,2024-09-18
2011-08-01,585,HOUST,2024-09-18
2011-09-01,650,HOUST,2024-09-18
2011-10-01,610,HOUST,2024-09-18
2011-11-01,711,HOUST,2024-09-18
2011-12-01,694,HOUST,2024-09-18
2012-01-01,723,HOUST,2024-09-18
2012-02-01,704,HOUST,2024-09-18
2012-03-01,695,HOUST,2024-09-18
2012-04-01,753,HOUST,2024-09-18
2012-05-01,708,HOUST,2024-09-18
2012-06-01,757,HOUST,2024-09-18
2012-07-01,740,HOUST,2024-09-18
2012-08-01,754,HOUST,2024-09-18
2012-09-01,847,HOUST,2024-09-18
2012-10-01,915,HOUST,2024-09-18
2012-11-01,833,HOUST,2024-09-18
2012-12-01,976,HOUST,2024-09-18
2013-01-01,888,HOUST,2024-09-18
2013-02-01,962,HOUST,2024-09-18
2013-03-01,1010,HOUST,2024-09-18
2013-04-01,835,HOUST,2024-09-18
2013-05-01,930,HOUST,2024-09-18
2013-06-01,839,HOUST,2024-09-18
2013-07-01,880,HOUST,2024-09-18
2013-08-01,917,HOUST,2024-09-18
2013-09-01,850,HOUST,2024-09-18
2013-10-01,925,HOUST,2024-09-18
2013-11-01,1100,HOUST,2024-09-18
2013-12-01,1002,HOUST,2024-09-18
2014-01-01,888,HOUST,2024-09-18
2014-02-01,944,HOUST,2024-09-18
2014-03-01,970,HOUST,2024-09-18
2014-04-01,1043,HOUST,2024-09-18
2014-05-01,1007,HOUST,2024-09-18
2014-06-01,911,HOUST,2024-09-18
2014-07-01,1085,HOUST,2024-09-18
2014-08-01,984,HOUST,2024-09-18
2014-09-01,1023,HOUST,2024-09-18
2014-10-01,1074,HOUST,2024-09-18
2014-11-01,1001,HOUST,2024-09-18
2014-12-01,1073,HOUST,2024-09-18
2015-01-01,1085,HOUST,2024-09-18
2015-02-01,886,HOUST,2024-09-18
2015-03-01,960,HOUST,2024-09-18
2015-04-01,1190,HOUST,2024-09-18
2015-05-01,1079,HOUST,2024-09-18
2015-06-01,1205,HOUST,2024-09-18
2015-07-01,1146,HOUST,2024-09-18
2015-08-01,1130,HOUST,2024-09-18
2015-09-01,1224,HOUST,2024-09-18
2015-10-01,1058,HOUST,2024-09-18
2015-11-01,1172,HOUST,2024-09-18
2015-12-01,1146,HOUST,2024-09-18
2016-01-01,1092,HOUST,2024-09-18
2016-02-01,1225,HOUST,2024-09-18
2016-03-01,1111,HOUST,2024-09-18
2016-04-01,1163,HOUST,2024-09-18
2016-05-01,1148,HOUST,2024-09-18
2016-06-01,1203,HOUST,2024-09-18
2016-07-01,1239,HOUST,2024-09-18
2016-08-01,1171,HOUST,2024-09-18
2016-09-01,1068,HOUST,2024-09-18
2016-10-01,1313,HOUST,2024-09-18
2016-11-01,1140,HOUST,2024-09-18
2016-12-01,1252,HOUST,2024-09-18
2017-01-01,1190,HOUST,2024-09-18
2017-02-01,1271,HOUST,2024-09-18
2017-03-01,1190,HOUST,2024-09-18
2017-04-01,1146,HOUST,2024-09-18
2017-05-01,1157,HOUST,2024-09-18
2017-06-01,1249,HOUST,2024-09-18
2017-07-01,1206,HOUST,2024-09-18
2017-08-01,1159,HOUST,2024-09-18
2017-09-01,1181,HOUST,2024-09-18
2017-10-01,1257,HOUST,2024-09-18
2017-11-01,1273,HOUST,2024-09-18
2017-12-01,1177,HOUST,2024-09-18
2018-01-01,1299,HOUST,2024-09-18
2018-02-01,1277,HOUST,2024-09-18
2018-03-01,1318,HOUST,2024-09-18
2018-04-01,1276,HOUST,2024-09-18
2018-05-01,1357,HOUST,2024-09-18
2018-06-01,1192,HOUST,2024-09-18
2018-07-01,1208,HOUST,2024-09-18
2018-08-01,1288,HOUST,2024-09-18
2018-09-01,1250,HOUST,2024-09-18
2018-10-01,1221,HOUST,2024-09-18
2018-11-01,1181,HOUST,2024-09-18
2018-12-01,1095,HOUST,2024-09-18
2019-01-01,1226,HOUST,2024-09-18
2019-02-01,1121,HOUST,2024-09-18
2019-03-01,1191,HOUST,2024-09-18
2019-04-01,1272,HOUST,2024-09-18
2019-05-01,1293,HOUST,2024-09-18
2019-06-01,1243,HOUST,2024-09-18
2019-07-01,1240,HOUST,2024-09-18
2019-08-01,1375,HOUST,2024-09-18
2019-09-01,1311,HOUST,2024-09-18
2019-10-01,1325,HOUST,2024-09-18
2019-11-01,1353,HOUST,2024-09-18
2019-12-01,1548,HOUST,2024-09-18
2020-01-01,1578,HOUST,2024-09-18
2020-02-01,1537,HOUST,2024-09-18
2020-03-01,1252,HOUST,2024-09-18
2020-04-01,931,HOUST,2024-09-18
2020-05-01,1053,HOUST,2024-09-18
2020-06-01,1254,HOUST,2024-09-18
2020-07-01,1523,HOUST,2024-09-18
2020-08-01,1401,HOUST,2024-09-18
2020-09-01,1463,HOUST,2024-09-18
2020-10-01,1543,HOUST,2024-09-18
2020-11-01,1553,HOUST,2024-09-18
2020-12-01,1635,HOUST,2024-09-18
2021-01-01,1639,HOUST,2024-09-18
2021-02-01,1407,HOUST,2024-09-18
2021-03-01,1668,HOUST,2024-09-18
2021-04-01,1492,HOUST,2024-09-18
2021-05-01,1607,HOUST,2024-09-18
2021-06-01,1638,HOUST,2024-09-18
2021-07-01,1600,HOUST,2024-09-18
2021-08-01,1595,HOUST,2024-09-18
2021-09-01,1563,HOUST,2024-09-18
2021-10-01,1587,HOUST,2024-09-18
2021-11-01,1704,HOUST,2024-09-18
2021-12-01,1757,HOUST,2024-09-18
2022-01-01,1712,HOUST,2024-09-18
2022-02-01,1742,HOUST,2024-09-18
2022-03-01,1678,HOUST,2024-09-18
2022-04-01,1828,HOUST,2024-09-18
2022-05-01,1540,HOUST,2024-09-18
2022-06-01,1542,HOUST,2024-09-18
2022-07-01,1392,HOUST,2024-09-18
2022-08-01,1520,HOUST,2024-09-18
2022-09-01,1470,HOUST,2024-09-18
2022-10-01,1440,HOUST,2024-09-18
2022-11-01,1420,HOUST,2024-09-18
2022-12-01,1340,HOUST,2024-09-18
2023-01-01,1361,HOUST,2024-09-18
2023-02-01,1404,HOUST,2024-09-18
2023-03-01,1342,HOUST,2024-09-18
2023-04-01,1368,HOUST,2024-09-18
2023-05-01,1583,HOUST,2024-09-18
2023-06-01,1415,HOUST,2024-09-18
2023-07-01,1473,HOUST,2024-09-18
2023-08-01,1305,HOUST,2024-09-18
2023-09-01,1363,HOUST,2024-09-18
2023-10-01,1365,HOUST,2024-09-18
2023-11-01,1510,HOUST,2024-09-18
2023-12-01,1568,HOUST,2024-09-18
2024-01-01,1376,HOUST,2024-09-18
2024-02-01,1546,HOUST,2024-09-18
2024-03-01,1299,HOUST,2024-09-18
2024-04-01,1377,HOUST,2024-09-18
2024-05-01,1315,HOUST,2024-09-18
2024-06-01,1329,HOUST,2024-09-18
2024-07-01,1237,HOUST,2024-09-18
2024-08-01,1356,HOUST,2024-09-18
1960-01-01,1092,PERMIT,2024-09-25
1960-02-01,1088,PERMIT,2024-09-25
1960-03-01,955,PERMIT,2024-09-25
1960-04-01,1016,PERMIT,2024-09-25
1960-05-01,1052,PERMIT,2024-09-25
1960-06-01,958,PERMIT,2024-09-25
1960-07-01,999,PERMIT,2024-09-25
1960-08-01,994,PERMIT,2024-09-25
1960-09-01,984,PERMIT,2024-09-25
1960-10-01,972,PERMIT,2024-09-25
1960-11-01,979,PERMIT,2024-09-25
1960-12-01,951,PERMIT,2024-09-25
1961-01-01,969,PERMIT,2024-09-25
1961-02-01,961,PERMIT,2024-09-25
1961-03-01,1000,PERMIT,2024-09-25
1961-04-01,1002,PERMIT,2024-09-25
1961-05-01,1027,PERMIT,2024-09-25
1961-06-01,1070,PERMIT,2024-09-25
1961-07-01,1083,PERMIT,2024-09-25
1961-08-01,1159,PERMIT,2024-09-25
1961-09-01,1098,PERMIT,2024-09-25
1961-10-01,1123,PERMIT,2024-09-25
1961-11-01,1152,PERMIT,2024-09-25
1961-12-01,1161,PERMIT,2024-09-25
1962-01-01,1122,PERMIT,2024-09-25
1962-02-01,1194,PERMIT,2024-09-25
1962-03-01,1134,PERMIT,2024-09-25
1962-04-01,1235,PERMIT,2024-09-25
1962-05-01,1142,PERMIT,2024-09-25
1962-06-01,1154,PERMIT,2024-09-25
1962-07-01,1189,PERMIT,2024-09-25
1962-08-01,1200,PERMIT,2024-09-25
1962-09-01,1223,PERMIT,2024-09-25
1962-10-01,1181,PERMIT,2024-09-25
1962-11-01,1236,PERMIT,2024-09-25
1962-12-01,1236,PERMIT,2024-09-25
1963-01-01,1248,PERMIT,2024-09-25
1963-02-01,1212,PERMIT,2024-09-25
1963-03-01,1258,PERMIT,2024-09-25
1963-04-01,1288,PERMIT,2024-09-25
1963-05-01,1350,PERMIT,2024-09-25
1963-06-01,1345,PERMIT,2024-09-25
1963-07-01,1321,PERMIT,2024-09-25
1963-08-01,1310,PERMIT,2024-09-25
1963-09-01,1413,PERMIT,2024-09-25
1963-10-01,1414,PERMIT,2024-09-25
1963-11-01,1357,PERMIT,2024-09-25
1963-12-01,1423,PERMIT,2024-09-25
1964-01-01,1296,PERMIT,2024-09-25
1964-02-01,1442,PERMIT,2024-09-25
1964-03-01,1313,PERMIT,2024-09-25
1964-04-01,1264,PERMIT,2024-09-25
1964-05-01,1299,PERMIT,2024-09-25
1964-06-01,1280,PERMIT,2024-09-25
1964-07-01,1304,PERMIT,2024-09-25
1964-08-01,1306,PERMIT,2024-09-25
1964-09-01,1265,PERMIT,2024-09-25
1964-10-01,1230,PERMIT,2024-09-25
1964-11-01,1254,PERMIT,2024-09-25
1964-12-01,1164,PERMIT,2024-09-25
1965-01-01,1264,PERMIT,2024-09-25
1965-02-01,1185,PERMIT,2024-09-25
1965-03-01,1211,PERMIT,2024-09-25
1965-04-01,1162,PERMIT,2024-09-25
1965-05-01,1207,PERMIT,2024-09-25
1965-06-01,1241,PERMIT,2024-09-25
1965-07-01,1237,PERMIT,2024-09-25
1965-08-01,1249,PERMIT,2024-09-25
1965-09-01,1227,PERMIT,2024-09-25
1965-10-01,1279,PERMIT,2024-09-25
1965-11-01,1306,PERMIT,2024-09-25
1965-12-01,1315,PERMIT,2024-09-25
1966-01-01,1325,PERMIT,2024-09-25
1966-02-01,1159,PERMIT,2024-09-25
1966-03-01,1234,PERMIT,2024-09-25
1966-04-01,1145,PERMIT,2024-09-25
1966-05-01,1078,PERMIT,2024-09-25
1966-06-01,956,PERMIT,2024-09-25
1966-07-01,932,PERMIT,2024-09-25
1966-08-01,877,PERMIT,2024-09-25
1966-09-01,774,PERMIT,2024-09-25
1966-10-01,739,PERMIT,2024-09-25
1966-11-01,736,PERMIT,2024-09-25
1966-12-01,743,PERMIT,2024-09-25
1967-01-01,995,PERMIT,2024-09-25
1967-02-01,907,PERMIT,2024-09-25
1967-03-01,955,PERMIT,2024-09-25
1967-04-01,1035,PERMIT,2024-09-25
1967-05-01,1076,PERMIT,2024-09-25
1967-06-01,1169,PERMIT,2024-09-25
1967-07-01,1177,PERMIT,2024-09-25
1967-08-01,1229,PERMIT,2024-09-25
1967-09-01,1279,PERMIT,2024-09-25
1967-10-01,1280,PERMIT,2024-09-25
1967-11-01,1297,PERMIT,2024-09-25
1967-12-01,1315,PERMIT,2024-09-25
1968-01-01,1179,PERMIT,2024-09-25
1968-02-01,1342,PERMIT,2024-09-25
1968-03-01,1370,PERMIT,2024-09-25
1968-04-01,1286,PERMIT,2024-09-25
1968-05-01,1297,PERMIT,2024-09-25
1968-06-01,1300,PERMIT,2024-09-25
1968-07-01,1344,PERMIT,2024-09-25
1968-08-01,1357,PERMIT,2024-09-25
1968-09-01,1464,PERMIT,2024-09-25
1968-10-01,1421,PERMIT,2024-09-25
1968-11-01,1436,PERMIT,2024-09-25
1968-12-01,1389,PERMIT,2024-09-25
1969-01-01,1459,PERMIT,2024-09-25
1969-02-01,1495,PERMIT,2024-09-25
1969-03-01,1438,PERMIT,2024-09-25
1969-04-01,1441,PERMIT,2024-09-25
1969-05-01,1328,PERMIT,2024-09-25
1969-06-01,1349,PERMIT,2024-09-25
1969-07-01,1278,PERMIT,2024-09-25
1969-08-01,1317,PERMIT,2024-09-25
1969-09-01,1263,PERMIT,2024-09-25
1969-10-01,1216,PERMIT,2024-09-25
1969-11-01,1191,PERMIT,2024-09-25
1969-12-01,1155,PERMIT,2024-09-25
1970-01-01,1062,PERMIT,2024-09-25
1970-02-01,1118,PERMIT,2024-09-25
1970-03-01,1132,PERMIT,2024-09-25
1970-04-01,1224,PERMIT,2024-09-25
1970-05-01,1328,PERMIT,2024-09-25
1970-06-01,1322,PERMIT,2024-09-25
1970-07-01,1324,PERMIT,2024-09-25
1970-08-01,1394,PERMIT,2024-09-25
1970-09-01,1426,PERMIT,2024-09-25
1970-10-01,1564,PERMIT,2024-09-25
1970-11-01,1502,PERMIT,2024-09-25
1970-12-01,1767,PERMIT,2024-09-25
1971-01-01,1643,PERMIT,2024-09-25
1971-02-01,1588,PERMIT,2024-09-25
1971-03-01,1759,PERMIT,2024-09-25
1971-04-01,1745,PERMIT,2024-09-25
1971-05-01,1972,PERMIT,2024-09-25
1971-06-01,1903,PERMIT,2024-09-25
1971-07-01,2069,PERMIT,2024-09-25
1971-08-01,2004,PERMIT,2024-09-25
1971-09-01,1996,PERMIT,2024-09-25
1971-10-01,2026,PERMIT,2024-09-25
1971-11-01,2079,PERMIT,2024-09-25
1971-12-01,2133,PERMIT,2024-09-25
1972-01-01,2238,PERMIT,2024-09-25
1972-02-01,2169,PERMIT,2024-09-25
1972-03-01,2105,PERMIT,2024-09-25
1972-04-01,2139,PERMIT,2024-09-25
1972-05-01,2067,PERMIT,2024-09-25
1972-06-01,2183,PERMIT,2024-09-25
1972-07-01,2195,PERMIT,2024-09-25
1972-08-01,2263,PERMIT,2024-09-25
1972-09-01,2393,PERMIT,2024-09-25
1972-10-01,2354,PERMIT,2024-09-25
1972-11-01,2234,PERMIT,2024-09-25
1972-12-01,2419,PERMIT,2024-09-25
1973-01-01,2271,PERMIT,2024-09-25
1973-02-01,2226,PERMIT,2024-09-25
1973-03-01,2062,PERMIT,2024-09-25
1973-04-01,1908,PERMIT,2024-09-25
1973-05-01,1931,PERMIT,2024-09-25
1973-06-01,2051,PERMIT,2024-09-25
1973-07-01,1819,PERMIT,2024-09-25
1973-08-01,1809,PERMIT,2024-09-25
1973-09-01,1704,PERMIT,2024-09-25
1973-10-01,1411,PERMIT,2024-09-25
1973-11-01,1402,PERMIT,2024-09-25
1973-12-01,1288,PERMIT,2024-09-25
1974-01-01,1331,PERMIT,2024-09-25
1974-02-01,1360,PERMIT,2024-09-25
1974-03-01,1440,PERMIT,2024-09-25
1974-04-01,1254,PERMIT,2024-09-25
1974-05-01,1138,PERMIT,2024-09-25
1974-06-01,1086,PERMIT,2024-09-25
1974-07-01,1002,PERMIT,2024-09-25
1974-08-01,917,PERMIT,2024-09-25
1974-09-01,840,PERMIT,2024-09-25
1974-10-01,824,PERMIT,2024-09-25
1974-11-01,783,PERMIT,2024-09-25
1974-12-01,869,PERMIT,2024-09-25
1975-01-01,726,PERMIT,2024-09-25
1975-02-01,729,PERMIT,2024-09-25
1975-03-01,709,PERMIT,2024-09-25
1975-04-01,866,PERMIT,2024-09-25
1975-05-01,914,PERMIT,2024-09-25
1975-06-01,946,PERMIT,2024-09-25
1975-07-01,1020,PERMIT,2024-09-25
1975-08-01,994,PERMIT,2024-09-25
1975-09-01,1064,PERMIT,2024-09-25
1975-10-01,1096,PERMIT,2024-09-25
1975-11-01,1110,PERMIT,2024-09-25
1975-12-01,1091,PERMIT,2024-09-25
1976-01-01,1195,PERMIT,2024-09-25
1976-02-01,1190,PERMIT,2024-09-25
1976-03-01,1164,PERMIT,2024-09-25
1976-04-01,1132,PERMIT,2024-09-25
1976-05-01,1194,PERMIT,2024-09-25
1976-06-01,1188,PERMIT,2024-09-25
1976-07-01,1245,PERMIT,2024-09-25
1976-08-01,1309,PERMIT,2024-09-25
1976-09-01,1481,PERMIT,2024-09-25
1976-10-01,1425,PERMIT,2024-09-25
1976-11-01,1531,PERMIT,2024-09-25
1976-12-01,1511,PERMIT,2024-09-25
1977-01-01,1466,PERMIT,2024-09-25
1977-02-01,1560,PERMIT,2024-09-25
1977-03-01,1660,PERMIT,2024-09-25
1977-04-01,1660,PERMIT,2024-09-25
1977-05-01,1668,PERMIT,2024-09-25
1977-06-01,1752,PERMIT,2024-09-25
1977-07-01,1687,PERMIT,2024-09-25
1977-08-01,1780,PERMIT,2024-09-25
1977-09-01,1674,PERMIT,2024-09-25
1977-10-01,1758,PERMIT,2024-09-25
1977-11-01,1771,PERMIT,2024-09-25
1977-12-01,1754,PERMIT,2024-09-25
1978-01-01,1740,PERMIT,2024-09-25
1978-02-01,1736,PERMIT,2024-09-25
1978-03-01,1799,PERMIT,2024-09-25
1978-04-01,1948,PERMIT,2024-09-25
1978-05-01,1766,PERMIT,2024-09-25
1978-06-01,1983,PERMIT,2024-09-25
1978-07-01,1786,PERMIT,2024-09-25
1978-08-01,1691,PERMIT,2024-09-25
1978-09-01,1751,PERMIT,2024-09-25
1978-10-01,1781,PERMIT,2024-09-25
1978-11-01,1795,PERMIT,2024-09-25
1978-12-01,1818,PERMIT,2024-09-25
1979-01-01,1461,PERMIT,2024-09-25
1979-02-01,1492,PERMIT,2024-09-25
1979-03-01,1720,PERMIT,2024-09-25
1979-04-01,1597,PERMIT,2024-09-25
1979-05-01,1684,PERMIT,2024-09-25
1979-06-01,1640,PERMIT,2024-09-25
1979-07-01,1534,PERMIT,2024-09-25
1979-08-01,1591,PERMIT,2024-09-25
1979-09-01,1638,PERMIT,2024-09-25
1979-10-01,1481,PERMIT,2024-09-25
1979-11-01,1276,PERMIT,2024-09-25
1979-12-01,1254,PERMIT,2024-09-25
1980-01-01,1280,PERMIT,2024-09-25
1980-02-01,1199,PERMIT,2024-09-25
1980-03-01,988,PERMIT,2024-09-25
1980-04-01,808,PERMIT,2024-09-25
1980-05-01,861,PERMIT,2024-09-25
1980-06-01,1118,PERMIT,2024-09-25
1980-07-01,1259,PERMIT,2024-09-25
1980-08-01,1367,PERMIT,2024-09-25
1980-09-01,1484,PERMIT,2024-09-25
1980-10-01,1366,PERMIT,2024-09-25
1980-11-01,1383,PERMIT,2024-09-25
1980-12-01,1249,PERMIT,2024-09-25
1981-01-01,1221,PERMIT,2024-09-25
1981-02-01,1199,PERMIT,2024-09-25
1981-03-01,1183,PERMIT,2024-09-25
1981-04-01,1190,PERMIT,2024-09-25
1981-05-01,1173,PERMIT,2024-09-25
1981-06-01,976,PERMIT,2024-09-25
1981-07-01,935,PERMIT,2024-09-25
1981-08-01,889,PERMIT,2024-09-25
1981-09-01,847,PERMIT,2024-09-25
1981-10-01,731,PERMIT,2024-09-25
1981-11-01,748,PERMIT,2024-09-25
1981-12-01,796,PERMIT,2024-09-25
1982-01-01,794,PERMIT,2024-09-25
1982-02-01,808,PERMIT,2024-09-25
1982-03-01,891,PERMIT,2024-09-25
1982-04-01,888,PERMIT,2024-09-25
1982-05-01,953,PERMIT,2024-09-25
1982-06-01,913,PERMIT,2024-09-25
1982-07-01,1044,PERMIT,2024-09-25
1982-08-01,926,PERMIT,2024-09-25
1982-09-01,1042,PERMIT,2024-09-25
1982-10-01,1149,PERMIT,2024-09-25
1982-11-01,1229,PERMIT,2024-09-25
1982-12-01,1351,PERMIT,2024-09-25
1983-01-01,1426,PERMIT,2024-09-25
1983-02-01,1471,PERMIT,2024-09-25
1983-03-01,1475,PERMIT,2024-09-25
1983-04-01,1566,PERMIT,2024-09-25
1983-05-01,1669,PERMIT,2024-09-25
1983-06-01,1769,PERMIT,2024-09-25
1983-07-01,1795,PERMIT,2024-09-25
1983-08-01,1713,PERMIT,2024-09-25
1983-09-01,1585,PERMIT,2024-09-25
1983-10-01,1716,PERMIT,2024-09-25
1983-11-01,1668,PERMIT,2024-09-25
1983-12-01,1627,PERMIT,2024-09-25
1984-01-01,1816,PERMIT,2024-09-25
1984-02-01,1987,PERMIT,2024-09-25
1984-03-01,1725,PERMIT,2024-09-25
1984-04-01,1776,PERMIT,2024-09-25
1984-05-01,1741,PERMIT,2024-09-25
1984-06-01,1814,PERMIT,2024-09-25
1984-07-01,1605,PERMIT,2024-09-25
1984-08-01,1530,PERMIT,2024-09-25
1984-09-01,1523,PERMIT,2024-09-25
1984-10-01,1490,PERMIT,2024-09-25
1984-11-01,1643,PERMIT,2024-09-25
1984-12-01,1626,PERMIT,2024-09-25
1985-01-01,1660,PERMIT,2024-09-25
1985-02-01,1662,PERMIT,2024-09-25
1985-03-01,1727,PERMIT,2024-09-25
1985-04-01,1664,PERMIT,2024-09-25
1985-05-01,1709,PERMIT,2024-09-25
1985-06-01,1716,PERMIT,2024-09-25
1985-07-01,1697,PERMIT,2024-09-25
1985-08-01,1808,PERMIT,2024-09-25
1985-09-01,1916,PERMIT,2024-09-25
1985-10-01,1743,PERMIT,2024-09-25
1985-11-01,1692,PERMIT,2024-09-25
1985-12-01,1794,PERMIT,2024-09-25
1986-01-01,1847,PERMIT,2024-09-25
1986-02-01,1767,PERMIT,2024-09-25
1986-03-01,1780,PERMIT,2024-09-25
1986-04-01,1858,PERMIT,2024-09-25
1986-05-01,1797,PERMIT,2024-09-25
1986-06-01,1790,PERMIT,2024-09-25
1986-07-01,1780,PERMIT,2024-09-25
1986-08-01,1726,PERMIT,2024-09-25
1986-09-01,1686,PERMIT,2024-09-25
1986-10-01,1675,PERMIT,2024-09-25
1986-11-01,1644,PERMIT,2024-09-25
1986-12-01,1903,PERMIT,2024-09-25
1987-01-01,1690,PERMIT,2024-09-25
1987-02-01,1689,PERMIT,2024-09-25
1987-03-01,1704,PERMIT,2024-09-25
1987-04-01,1601,PERMIT,2024-09-25
1987-05-01,1500,PERMIT,2024-09-25
1987-06-01,1522,PERMIT,2024-09-25
1987-07-01,1516,PERMIT,2024-09-25
1987-08-01,1511,PERMIT,2024-09-25
1987-09-01,1514,PERMIT,2024-09-25
1987-10-01,1447,PERMIT,2024-09-25
1987-11-01,1457,PERMIT,2024-09-25
1987-12-01,1345,PERMIT,2024-09-25
1988-01-01,1244,PERMIT,2024-09-25
1988-02-01,1438,PERMIT,2024-09-25
1988-03-01,1525,PERMIT,2024-09-25
1988-04-01,1429,PERMIT,2024-09-25
1988-05-01,1444,PERMIT,2024-09-25
1988-06-01,1485,PERMIT,2024-09-25
1988-07-01,1439,PERMIT,2024-09-25
1988-08-01,1460,PERMIT,2024-09-25
1988-09-01,1436,PERMIT,2024-09-25
1988-10-01,1516,PERMIT,2024-09-25
1988-11-01,1508,PERMIT,2024-09-25
1988-12-01,1501,PERMIT,2024-09-25
1989-01-01,1466,PERMIT,2024-09-25
1989-02-01,1383,PERMIT,2024-09-25
1989-03-01,1214,PERMIT,2024-09-25
1989-04-01,1376,PERMIT,2024-09-25
1989-05-01,1381,PERMIT,2024-09-25
1989-06-01,1322,PERMIT,2024-09-25
1989-07-01,1283,PERMIT,2024-09-25
1989-08-01,1334,PERMIT,2024-09-25
1989-09-01,1314,PERMIT,2024-09-25
1989-10-01,1365,PERMIT,2024-09-25
1989-11-01,1344,PERMIT,2024-09-25
1989-12-01,1422,PERMIT,2024-09-25
1990-01-01,1748,PERMIT,2024-09-25
1990-02-01,1329,PERMIT,2024-09-25
1990-03-01,1246,PERMIT,2024-09-25
1990-04-01,1136,PERMIT,2024-09-25
1990-05-01,1067,PERMIT,2024-09-25
1990-06-01,1108,PERMIT,2024-09-25
1990-07-01,1078,PERMIT,2024-09-25
1990-08-01,1069,PERMIT,2024-09-25
1990-09-01,976,PERMIT,2024-09-25
1990-10-01,925,PERMIT,2024-09-25
1990-11-01,941,PERMIT,2024-09-25
1990-12-01,861,PERMIT,2024-09-25
1991-01-01,786,PERMIT,2024-09-25
1991-02-01,853,PERMIT,2024-09-25
1991-03-01,911,PERMIT,2024-09-25
1991-04-01,916,PERMIT,2024-09-25
1991-05-01,991,PERMIT,2024-09-25
1991-06-01,964,PERMIT,2024-09-25
1991-07-01,973,PERMIT,2024-09-25
1991-08-01,944,PERMIT,2024-09-25
1991-09-01,974,PERMIT,2024-09-25
1991-10-01,991,PERMIT,2024-09-25
1991-11-01,984,PERMIT,2024-09-25
1991-12-01,1061,PERMIT,2024-09-25
1992-01-01,1077,PERMIT,2024-09-25
1992-02-01,1146,PERMIT,2024-09-25
1992-03-01,1082,PERMIT,2024-09-25
1992-04-01,1054,PERMIT,2024-09-25
1992-05-01,1056,PERMIT,2024-09-25
1992-06-01,1057,PERMIT,2024-09-25
1992-07-01,1089,PERMIT,2024-09-25
1992-08-01,1075,PERMIT,2024-09-25
1992-09-01,1114,PERMIT,2024-09-25
1992-10-01,1132,PERMIT,2024-09-25
1992-11-01,1118,PERMIT,2024-09-25
1992-12-01,1176,PERMIT,2024-09-25
1993-01-01,1177,PERMIT,2024-09-25
1993-02-01,1148,PERMIT,2024-09-25
1993-03-01,1056,PERMIT,2024-09-25
1993-04-01,1104,PERMIT,2024-09-25
1993-05-01,1112,PERMIT,2024-09-25
1993-06-01,1130,PERMIT,2024-09-25
1993-07-01,1174,PERMIT,2024-09-25
1993-08-01,1230,PERMIT,2024-09-25
1993-09-01,1251,PERMIT,2024-09-25
1993-10-01,1287,PERMIT,2024-09-25
1993-11-01,1357,PERMIT,2024-09-25
1993-12-01,1461,PERMIT,2024-09-25
1994-01-01,1390,PERMIT,2024-09-25
1994-02-01,1269,PERMIT,2024-09-25
1994-03-01,1342,PERMIT,2024-09-25
1994-04-01,1392,PERMIT,2024-09-25
1994-05-01,1396,PERMIT,2024-09-25
1994-06-01,1357,PERMIT,2024-09-25
1994-07-01,1335,PERMIT,2024-09-25
1994-08-01,1377,PERMIT,2024-09-25
1994-09-01,1412,PERMIT,2024-09-25
1994-10-01,1397,PERMIT,2024-09-25
1994-11-01,1340,PERMIT,2024-09-25
1994-12-01,1396,PERMIT,2024-09-25
1995-01-01,1282,PERMIT,2024-09-25
1995-02-01,1254,PERMIT,2024-09-25
1995-03-01,1226,PERMIT,2024-09-25
1995-04-01,1259,PERMIT,2024-09-25
1995-05-01,1271,PERMIT,2024-09-25
1995-06-01,1305,PERMIT,2024-09-25
1995-07-01,1354,PERMIT,2024-09-25
1995-08-01,1386,PERMIT,2024-09-25
1995-09-01,1421,PERMIT,2024-09-25
1995-10-01,1400,PERMIT,2024-09-25
1995-11-01,1430,PERMIT,2024-09-25
1995-12-01,1442,PERMIT,2024-09-25
1996-01-01,1387,PERMIT,2024-09-25
1996-02-01,1420,PERMIT,2024-09-25
1996-03-01,1437,PERMIT,2024-09-25
1996-04-01,1463,PERMIT,2024-09-25
1996-05-01,1457,PERMIT,2024-09-25
1996-06-01,1429,PERMIT,2024-09-25
1996-07-01,1450,PERMIT,2024-09-25
1996-08-01,1413,PERMIT,2024-09-25
1996-09-01,1392,PERMIT,2024-09-25
1996-10-01,1358,PERMIT,2024-09-25
1996-11-01,1412,PERMIT,2024-09-25
1996-12-01,1411,PERMIT,2024-09-25
1997-01-01,1382,PERMIT,2024-09-25
1997-02-01,1445,PERMIT,2024-09-25
1997-03-01,1436,PERMIT,2024-09-25
1997-04-01,1421,PERMIT,2024-09-25
1997-05-01,1414,PERMIT,2024-09-25
1997-06-01,1402,PERMIT,2024-09-25
1997-07-01,1440,PERMIT,2024-09-25
1997-08-01,1449,PERMIT,2024-09-25
1997-09-01,1494,PERMIT,2024-09-25
1997-10-01,1499,PERMIT,2024-09-25
1997-11-01,1469,PERMIT,2024-09-25
1997-12-01,1456,PERMIT,2024-09-25
1998-01-01,1555,PERMIT,2024-09-25
1998-02-01,1647,PERMIT,2024-09-25
1998-03-01,1605,PERMIT,2024-09-25
1998-04-01,1547,PERMIT,2024-09-25
1998-05-01,1554,PERMIT,2024-09-25
1998-06-01,1551,PERMIT,2024-09-25
1998-07-01,1610,PERMIT,2024-09-25
1998-08-01,1654,PERMIT,2024-09-25
1998-09-01,1577,PERMIT,2024-09-25
1998-10-01,1719,PERMIT,2024-09-25
1998-11-01,1672,PERMIT,2024-09-25
1998-12-01,1742,PERMIT,2024-09-25
1999-01-01,1732,PERMIT,2024-09-25
1999-02-01,1720,PERMIT,2024-09-25
1999-03-01,1665,PERMIT,2024-09-25
1999-04-01,1600,PERMIT,2024-09-25
1999-05-01,1640,PERMIT,2024-09-25
1999-06-01,1702,PERMIT,2024-09-25
1999-07-01,1682,PERMIT,2024-09-25
1999-08-01,1671,PERMIT,2024-09-25
1999-09-01,1551,PERMIT,2024-09-25
1999-10-01,1649,PERMIT,2024-09-25
1999-11-01,1672,PERMIT,2024-09-25
1999-12-01,1683,PERMIT,2024-09-25
2000-01-01,1727,PERMIT,2024-09-25
2000-02-01,1692,PERMIT,2024-09-25
2000-03-01,1651,PERMIT,2024-09-25
2000-04-01,1597,PERMIT,2024-09-25
2000-05-01,1543,PERMIT,2024-09-25
2000-06-01,1572,PERMIT,2024-09-25
2000-07-01,1542,PERMIT,2024-09-25
2000-08-01,1552,PERMIT,2024-09-25
2000-09-01,1570,PERMIT,2024-09-25
2000-10-01,1577,PERMIT,2024-09-25
2000-11-01,1614,PERMIT,2024-09-25
2000-12-01,1543,PERMIT,2024-09-25
2001-01-01,1699,PERMIT,2024-09-25
2001-02-01,1656,PERMIT,2024-09-25
2001-03-01,1659,PERMIT,2024-09-25
2001-04-01,1666,PERMIT,2024-09-25
2001-05-01,1665,PERMIT,2024-09-25
2001-06-01,1626,PERMIT,2024-09-25
2001-07-01,1598,PERMIT,2024-09-25
2001-08-01,1615,PERMIT,2024-09-25
2001-09-01,1565,PERMIT,2024-09-25
2001-10-01,1566,PERMIT,2024-09-25
2001-11-01,1651,PERMIT,2024-09-25
2001-12-01,1680,PERMIT,2024-09-25
2002-01-01,1665,PERMIT,2024-09-25
2002-02-01,1787,PERMIT,2024-09-25
2002-03-01,1691,PERMIT,2024-09-25
2002-04-01,1669,PERMIT,2024-09-25
2002-05-01,1716,PERMIT,2024-09-25
2002-06-01,1758,PERMIT,2024-09-25
2002-07-01,1738,PERMIT,2024-09-25
2002-08-01,1695,PERMIT,2024-09-25
2002-09-01,1803,PERMIT,2024-09-25
2002-10-01,1799,PERMIT,2024-09-25
2002-11-01,1771,PERMIT,2024-09-25
2002-12-01,1896,PERMIT,2024-09-25
2003-01-01,1808,PERMIT,2024-09-25
2003-02-01,1854,PERMIT,2024-09-25
2003-03-01,1757,PERMIT,2024-09-25
2003-04-01,1803,PERMIT,2024-09-25
2003-05-01,1835,PERMIT,2024-09-25
2003-06-01,1875,PERMIT,2024-09-25
2003-07-01,1885,PERMIT,2024-09-25
2003-08-01,1966,PERMIT,2024-09-25
2003-09-01,1961,PERMIT,2024-09-25
2003-10-01,2012,PERMIT,2024-09-25
2003-11-01,1918,PERMIT,2024-09-25
2003-12-01,1987,PERMIT,2024-09-25
2004-01-01,1952,PERMIT,2024-09-25
2004-02-01,1966,PERMIT,2024-09-25
2004-03-01,2066,PERMIT,2024-09-25
2004-04-01,2070,PERMIT,2024-09-25
2004-05-01,2150,PERMIT,2024-09-25
2004-06-01,2020,PERMIT,2024-09-25
2004-07-01,2112,PERMIT,2024-09-25
2004-08-01,2056,PERMIT,2024-09-25
2004-09-01,2041,PERMIT,2024-09-25
2004-10-01,2097,PERMIT,2024-09-25
2004-11-01,2079,PERMIT,2024-09-25
2004-12-01,2082,PERMIT,2024-09-25
2005-01-01,2139,PERMIT,2024-09-25
2005-02-01,2114,PERMIT,2024-09-25
2005-03-01,2062,PERMIT,2024-09-25
2005-04-01,2150,PERMIT,2024-09-25
2005-05-01,2085,PERMIT,2024-09-25
2005-06-01,2178,PERMIT,2024-09-25
2005-07-01,2203,PERMIT,2024-09-25
2005-08-01,2219,PERMIT,2024-09-25
2005-09-01,2263,PERMIT,2024-09-25
2005-10-01,2170,PERMIT,2024-09-25
2005-11-01,2218,PERMIT,2024-09-25
2005-12-01,2120,PERMIT,2024-09-25
2006-01-01,2212,PERMIT,2024-09-25
2006-02-01,2141,PERMIT,2024-09-25
2006-03-01,2118,PERMIT,2024-09-25
2006-04-01,1998,PERMIT,2024-09-25
2006-05-01,1905,PERMIT,2024-09-25
2006-06-01,1867,PERMIT,2024-09-25
2006-07-01,1763,PERMIT,2024-09-25
2006-08-01,1722,PERMIT,2024-09-25
2006-09-01,1655,PERMIT,2024-09-25
2006-10-01,1570,PERMIT,2024-09-25
2006-11-01,1535,PERMIT,2024-09-25
2006-12-01,1638,PERMIT,2024-09-25
2007-01-01,1626,PERMIT,2024-09-25
2007-02-01,1598,PERMIT,2024-09-25
2007-03-01,1596,PERMIT,2024-09-25
2007-04-01,1470,PERMIT,2024-09-25
2007-05-01,1493,PERMIT,2024-09-25
2007-06-01,1407,PERMIT,2024-09-25
2007-07-01,1361,PERMIT,2024-09-25
2007-08-01,1321,PERMIT,2024-09-25
2007-09-01,1261,PERMIT,2024-09-25
2007-10-01,1192,PERMIT,2024-09-25
2007-11-01,1224,PERMIT,2024-09-25
2007-12-01,1149,PERMIT,2024-09-25
2008-01-01,1094,PERMIT,2024-09-25
2008-02-01,1014,PERMIT,2024-09-25
2008-03-01,967,PERMIT,2024-09-25
2008-04-01,1008,PERMIT,2024-09-25
2008-05-01,995,PERMIT,2024-09-25
2008-06-01,1180,PERMIT,2024-09-25
2008-07-01,921,PERMIT,2024-09-25
2008-08-01,858,PERMIT,2024-09-25
2008-09-01,797,PERMIT,2024-09-25
2008-10-01,736,PERMIT,2024-09-25
2008-11-01,626,PERMIT,2024-09-25
2008-12-01,554,PERMIT,2024-09-25
2009-01-01,545,PERMIT,2024-09-25
2009-02-01,558,PERMIT,2024-09-25
2009-03-01,513,PERMIT,2024-09-25
2009-04-01,521,PERMIT,2024-09-25
2009-05-01,556,PERMIT,2024-09-25
2009-06-01,601,PERMIT,2024-09-25
2009-07-01,595,PERMIT,2024-09-25
2009-08-01,616,PERMIT,2024-09-25
2009-09-01,609,PERMIT,2024-09-25
2009-10-01,583,PERMIT,2024-09-25
2009-11-01,623,PERMIT,2024-09-25
2009-12-01,664,PERMIT,2024-09-25
2010-01-01,636,PERMIT,2024-09-25
2010-02-01,650,PERMIT,2024-09-25
2010-03-01,687,PERMIT,2024-09-25
2010-04-01,637,PERMIT,2024-09-25
2010-05-01,575,PERMIT,2024-09-25
2010-06-01,587,PERMIT,2024-09-25
2010-07-01,579,PERMIT,2024-09-25
2010-08-01,580,PERMIT,2024-09-25
2010-09-01,563,PERMIT,2024-09-25
2010-10-01,558,PERMIT,2024-09-25
2010-11-01,560,PERMIT,2024-09-25
2010-12-01,632,PERMIT,2024-09-25
2011-01-01,576,PERMIT,2024-09-25
2011-02-01,542,PERMIT,2024-09-25
2011-03-01,583,PERMIT,2024-09-25
2011-04-01,581,PERMIT,2024-09-25
2011-05-01,618,PERMIT,2024-09-25
2011-06-01,636,PERMIT,2024-09-25
2011-07-01,621,PERMIT,2024-09-25
2011-08-01,647,PERMIT,2024-09-25
2011-09-01,610,PERMIT,2024-09-25
2011-10-01,671,PERMIT,2024-09-25
2011-11-01,706,PERMIT,2024-09-25
2011-12-01,697,PERMIT,2024-09-25
2012-01-01,712,PERMIT,2024-09-25
2012-02-01,738,PERMIT,2024-09-25
2012-03-01,806,PERMIT,2024-09-25
2012-04-01,732,PERMIT,2024-09-25
2012-05-01,796,PERMIT,2024-09-25
2012-06-01,794,PERMIT,2024-09-25
2012-07-01,849,PERMIT,2024-09-25
2012-08-01,840,PERMIT,2024-09-25
2012-09-01,930,PERMIT,2024-09-25
2012-10-01,887,PERMIT,2024-09-25
2012-11-01,917,PERMIT,2024-09-25
2012-12-01,941,PERMIT,2024-09-25
2013-01-01,940,PERMIT,2024-09-25
2013-02-01,980,PERMIT,2024-09-25
2013-03-01,936,PERMIT,2024-09-25
2013-04-01,1012,PERMIT,2024-09-25
2013-05-01,1003,PERMIT,2024-09-25
2013-06-01,942,PERMIT,2024-09-25
2013-07-01,997,PERMIT,2024-09-25
2013-08-01,964,PERMIT,2024-09-25
2013-09-01,1004,PERMIT,2024-09-25
2013-10-01,1044,PERMIT,2024-09-25
2013-11-01,1029,PERMIT,2024-09-25
2013-12-01,1005,PERMIT,2024-09-25
2014-01-01,976,PERMIT,2024-09-25
2014-02-01,1039,PERMIT,2024-09-25
2014-03-01,1067,PERMIT,2024-09-25
2014-04-01,1090,PERMIT,2024-09-25
2014-05-01,1018,PERMIT,2024-09-25
2014-06-01,1010,PERMIT,2024-09-25
2014-07-01,1076,PERMIT,2024-09-25
2014-08-01,1047,PERMIT,2024-09-25
2014-09-01,1077,PERMIT,2024-09-25
2014-10-01,1094,PERMIT,2024-09-25
2014-11-01,1059,PERMIT,2024-09-25
2014-12-01,1072,PERMIT,2024-09-25
2015-01-01,1049,PERMIT,2024-09-25
2015-02-01,1127,PERMIT,2024-09-25
2015-03-01,1072,PERMIT,2024-09-25
2015-04-01,1166,PERMIT,2024-09-25
2015-05-01,1272,PERMIT,2024-09-25
2015-06-01,1379,PERMIT,2024-09-25
2015-07-01,1140,PERMIT,2024-09-25
2015-08-01,1165,PERMIT,2024-09-25
2015-09-01,1144,PERMIT,2024-09-25
2015-10-01,1160,PERMIT,2024-09-25
2015-11-01,1244,PERMIT,2024-09-25
2015-12-01,1211,PERMIT,2024-09-25
2016-01-01,1171,PERMIT,2024-09-25
2016-02-01,1172,PERMIT,2024-09-25
2016-03-01,1118,PERMIT,2024-09-25
2016-04-01,1160,PERMIT,2024-09-25
2016-05-01,1205,PERMIT,2024-09-25
2016-06-01,1208,PERMIT,2024-09-25
2016-07-01,1198,PERMIT,2024-09-25
2016-08-01,1201,PERMIT,2024-09-25
2016-09-01,1303,PERMIT,2024-09-25
2016-10-01,1254,PERMIT,2024-09-25
2016-11-01,1230,PERMIT,2024-09-25
2016-12-01,1248,PERMIT,2024-09-25
2017-01-01,1303,PERMIT,2024-09-25
2017-02-01,1234,PERMIT,2024-09-25
2017-03-01,1272,PERMIT,2024-09-25
2017-04-01,1251,PERMIT,2024-09-25
2017-05-01,1208,PERMIT,2024-09-25
2017-06-01,1353,PERMIT,2024-09-25
2017-07-01,1256,PERMIT,2024-09-25
2017-08-01,1319,PERMIT,2024-09-25
2017-09-01,1273,PERMIT,2024-09-25
2017-10-01,1356,PERMIT,2024-09-25
2017-11-01,1299,PERMIT,2024-09-25
2017-12-01,1311,PERMIT,2024-09-25
2018-01-01,1317,PERMIT,2024-09-25
2018-02-01,1321,PERMIT,2024-09-25
2018-03-01,1385,PERMIT,2024-09-25
2018-04-01,1378,PERMIT,2024-09-25
2018-05-01,1338,PERMIT,2024-09-25
2018-06-01,1345,PERMIT,2024-09-25
2018-07-01,1334,PERMIT,2024-09-25
2018-08-01,1273,PERMIT,2024-09-25
2018-09-01,1314,PERMIT,2024-09-25
2018-10-01,1272,PERMIT,2024-09-25
2018-11-01,1340,PERMIT,2024-09-25
2018-12-01,1317,PERMIT,2024-09-25
2019-01-01,1261,PERMIT,2024-09-25
2019-02-01,1287,PERMIT,2024-09-25
2019-03-01,1305,PERMIT,2024-09-25
2019-04-01,1311,PERMIT,2024-09-25
2019-05-01,1347,PERMIT,2024-09-25
2019-06-01,1315,PERMIT,2024-09-25
2019-07-01,1352,PERMIT,2024-09-25
2019-08-01,1489,PERMIT,2024-09-25
2019-09-01,1474,PERMIT,2024-09-25
2019-10-01,1525,PERMIT,2024-09-25
2019-11-01,1527,PERMIT,2024-09-25
2019-12-01,1451,PERMIT,2024-09-25
2020-01-01,1507,PERMIT,2024-09-25
2020-02-01,1442,PERMIT,2024-09-25
2020-03-01,1358,PERMIT,2024-09-25
2020-04-01,1066,PERMIT,2024-09-25
2020-05-01,1260,PERMIT,2024-09-25
2020-06-01,1329,PERMIT,2024-09-25
2020-07-01,1546,PERMIT,2024-09-25
2020-08-01,1529,PERMIT,2024-09-25
2020-09-01,1624,PERMIT,2024-09-25
2020-10-01,1613,PERMIT,2024-09-25
2020-11-01,1714,PERMIT,2024-09-25
2020-12-01,1744,PERMIT,2024-09-25
2021-01-01,1883,PERMIT,2024-09-25
2021-02-01,1715,PERMIT,2024-09-25
2021-03-01,1732,PERMIT,2024-09-25
2021-04-01,1738,PERMIT,2024-09-25
2021-05-01,1681,PERMIT,2024-09-25
2021-06-01,1657,PERMIT,2024-09-25
2021-07-01,1652,PERMIT,2024-09-25
2021-08-01,1770,PERMIT,2024-09-25
2021-09-01,1625,PERMIT,2024-09-25
2021-10-01,1719,PERMIT,2024-09-25
2021-11-01,1766,PERMIT,2024-09-25
2021-12-01,1913,PERMIT,2024-09-25
2022-01-01,1915,PERMIT,2024-09-25
2022-02-01,1860,PERMIT,2024-09-25
2022-03-01,1877,PERMIT,2024-09-25
2022-04-01,1835,PERMIT,2024-09-25
2022-05-01,1712,PERMIT,2024-09-25
2022-06-01,1745,PERMIT,2024-09-25
2022-07-01,1719,PERMIT,2024-09-25
2022-08-01,1542,PERMIT,2024-09-25
2022-09-01,1613,PERMIT,2024-09-25
2022-10-01,1560,PERMIT,2024-09-25
2022-11-01,1402,PERMIT,2024-09-25
2022-12-01,1400,PERMIT,2024-09-25
2023-01-01,1443,PERMIT,2024-09-25
2023-02-01,1620,PERMIT,2024-09-25
2023-03-01,1493,PERMIT,2024-09-25
2023-04-01,1470,PERMIT,2024-09-25
2023-05-01,1532,PERMIT,2024-09-25
2023-06-01,1493,PERMIT,2024-09-25
2023-07-01,1501,PERMIT,2024-09-25
2023-08-01,1578,PERMIT,2024-09-25
2023-09-01,1515,PERMIT,2024-09-25
2023-10-01,1534,PERMIT,2024-09-25
2023-11-01,1508,PERMIT,2024-09-25
2023-12-01,1530,PERMIT,2024-09-25
2024-01-01,1508,PERMIT,2024-09-25
2024-02-01,1563,PERMIT,2024-09-25
2024-03-01,1485,PERMIT,2024-09-25
2024-04-01,1440,PERMIT,2024-09-25
2024-05-01,1399,PERMIT,2024-09-25
2024-06-01,1454,PERMIT,2024-09-25
2024-07-01,1406,PERMIT,2024-09-25
2024-08-01,1470,PERMIT,2024-09-25
1982-09-01,80,IR,2024-09-13
1982-10-01,,IR,2024-09-13
1982-11-01,,IR,2024-09-13
1982-12-01,"79,9",IR,2024-09-13
1983-01-01,,IR,2024-09-13
1983-02-01,,IR,2024-09-13
1983-03-01,"77,7",IR,2024-09-13
1983-04-01,,IR,2024-09-13
1983-05-01,,IR,2024-09-13
1983-06-01,"77,8",IR,2024-09-13
1983-07-01,,IR,2024-09-13
1983-08-01,,IR,2024-09-13
1983-09-01,"77,6",IR,2024-09-13
1983-10-01,,IR,2024-09-13
1983-11-01,,IR,2024-09-13
1983-12-01,78,IR,2024-09-13
1984-01-01,,IR,2024-09-13
1984-02-01,,IR,2024-09-13
1984-03-01,"78,7",IR,2024-09-13
1984-04-01,,IR,2024-09-13
1984-05-01,,IR,2024-09-13
1984-06-01,"78,9",IR,2024-09-13
1984-07-01,,IR,2024-09-13
1984-08-01,,IR,2024-09-13
1984-09-01,"77,7",IR,2024-09-13
1984-10-01,,IR,2024-09-13
1984-11-01,,IR,2024-09-13
1984-12-01,77,IR,2024-09-13
1985-01-01,,IR,2024-09-13
1985-02-01,,IR,2024-09-13
1985-03-01,"75,5",IR,2024-09-13
1985-04-01,,IR,2024-09-13
1985-05-01,,IR,2024-09-13
1985-06-01,"75,8",IR,2024-09-13
1985-07-01,,IR,2024-09-13
1985-08-01,,IR,2024-09-13
1985-09-01,76,IR,2024-09-13
1985-10-01,,IR,2024-09-13
1985-11-01,,IR,2024-09-13
1985-12-01,"77,8",IR,2024-09-13
1986-01-01,,IR,2024-09-13
1986-02-01,,IR,2024-09-13
1986-03-01,75,IR,2024-09-13
1986-04-01,,IR,2024-09-13
1986-05-01,,IR,2024-09-13
1986-06-01,"75,1",IR,2024-09-13
1986-07-01,,IR,2024-09-13
1986-08-01,,IR,2024-09-13
1986-09-01,"76,9",IR,2024-09-13
1986-10-01,,IR,2024-09-13
1986-11-01,,IR,2024-09-13
1986-12-01,"77,7",IR,2024-09-13
1987-01-01,,IR,2024-09-13
1987-02-01,,IR,2024-09-13
1987-03-01,"80,8",IR,2024-09-13
1987-04-01,,IR,2024-09-13
1987-05-01,,IR,2024-09-13
1987-06-01,"83,6",IR,2024-09-13
1987-07-01,,IR,2024-09-13
1987-08-01,,IR,2024-09-13
1987-09-01,"84,3",IR,2024-09-13
1987-10-01,,IR,2024-09-13
1987-11-01,,IR,2024-09-13
1987-12-01,"85,5",IR,2024-09-13
1988-01-01,,IR,2024-09-13
1988-02-01,,IR,2024-09-13
1988-03-01,"86,5",IR,2024-09-13
1988-04-01,,IR,2024-09-13
1988-05-01,,IR,2024-09-13
1988-06-01,"88,8",IR,2024-09-13
1988-07-01,,IR,2024-09-13
1988-08-01,,IR,2024-09-13
1988-09-01,"87,6",IR,2024-09-13
1988-10-01,,IR,2024-09-13
1988-11-01,,IR,2024-09-13
1988-12-01,"89,3",IR,2024-09-13
1989-01-01,"91,1",IR,2024-09-13
1989-02-01,"90,6",IR,2024-09-13
1989-03-01,"91,3",IR,2024-09-13
1989-04-01,92,IR,2024-09-13
1989-05-01,"92,6",IR,2024-09-13
1989-06-01,"91,5",IR,2024-09-13
1989-07-01,"90,5",IR,2024-09-13
1989-08-01,90,IR,2024-09-13
1989-09-01,"90,4",IR,2024-09-13
1989-10-01,"90,9",IR,2024-09-13
1989-11-01,"91,1",IR,2024-09-13
1989-12-01,"91,6",IR,2024-09-13
1990-01-01,"92,5",IR,2024-09-13
1990-02-01,"92,7",IR,2024-09-13
1990-03-01,"92,4",IR,2024-09-13
1990-04-01,"91,6",IR,2024-09-13
1990-05-01,"91,2",IR,2024-09-13
1990-06-01,"90,8",IR,2024-09-13
1990-07-01,"90,5",IR,2024-09-13
1990-08-01,"93,3",IR,2024-09-13
1990-09-01,"96,5",IR,2024-09-13
1990-10-01,"99,3",IR,2024-09-13
1990-11-01,"98,7",IR,2024-09-13
1990-12-01,"98,4",IR,2024-09-13
1991-01-01,97,IR,2024-09-13
1991-02-01,95,IR,2024-09-13
1991-03-01,95,IR,2024-09-13
1991-04-01,"94,2",IR,2024-09-13
1991-05-01,94,IR,2024-09-13
1991-06-01,"93,4",IR,2024-09-13
1991-07-01,"92,8",IR,2024-09-13
1991-08-01,"93,1",IR,2024-09-13
1991-09-01,"93,3",IR,2024-09-13
1991-10-01,"94,1",IR,2024-09-13
1991-11-01,"94,5",IR,2024-09-13
1991-12-01,"94,3",IR,2024-09-13
1992-01-01,94,IR,2024-09-13
1992-02-01,94,IR,2024-09-13
1992-03-01,"93,9",IR,2024-09-13
1992-04-01,"93,6",IR,2024-09-13
1992-05-01,94,IR,2024-09-13
1992-06-01,"94,8",IR,2024-09-13
1992-07-01,"95,3",IR,2024-09-13
1992-08-01,"95,7",IR,2024-09-13
1992-09-01,"95,9",IR,2024-09-13
1992-10-01,"96,6",IR,2024-09-13
1992-11-01,96,IR,2024-09-13
1992-12-01,"94,4",IR,2024-09-13
1993-01-01,"94,3",IR,2024-09-13
1993-02-01,"94,2",IR,2024-09-13
1993-03-01,"94,7",IR,2024-09-13
1993-04-01,"95,2",IR,2024-09-13
1993-05-01,"95,5",IR,2024-09-13
1993-06-01,95,IR,2024-09-13
1993-07-01,"94,5",IR,2024-09-13
1993-08-01,"94,4",IR,2024-09-13
1993-09-01,"94,5",IR,2024-09-13
1993-10-01,"94,9",IR,2024-09-13
1993-11-01,"94,4",IR,2024-09-13
1993-12-01,"93,5",IR,2024-09-13
1994-01-01,"93,5",IR,2024-09-13
1994-02-01,"93,9",IR,2024-09-13
1994-03-01,94,IR,2024-09-13
1994-04-01,"94,7",IR,2024-09-13
1994-05-01,"95,5",IR,2024-09-13
1994-06-01,"96,3",IR,2024-09-13
1994-07-01,"97,2",IR,2024-09-13
1994-08-01,"97,6",IR,2024-09-13
1994-09-01,"97,2",IR,2024-09-13
1994-10-01,"97,9",IR,2024-09-13
1994-11-01,"98,5",IR,2024-09-13
1994-12-01,"98,4",IR,2024-09-13
1995-01-01,"98,7",IR,2024-09-13
1995-02-01,"99,4",IR,2024-09-13
1995-03-01,"99,9",IR,2024-09-13
1995-04-01,"100,9",IR,2024-09-13
1995-05-01,"101,8",IR,2024-09-13
1995-06-01,"101,4",IR,2024-09-13
1995-07-01,"101,1",IR,2024-09-13
1995-08-01,"100,8",IR,2024-09-13
1995-09-01,"100,8",IR,2024-09-13
1995-10-01,"100,4",IR,2024-09-13
1995-11-01,"100,6",IR,2024-09-13
1995-12-01,101,IR,2024-09-13
1996-01-01,"101,2",IR,2024-09-13
1996-02-01,101,IR,2024-09-13
1996-03-01,"101,6",IR,2024-09-13
1996-04-01,"102,5",IR,2024-09-13
1996-05-01,"101,8",IR,2024-09-13
1996-06-01,"100,7",IR,2024-09-13
1996-07-01,"100,6",IR,2024-09-13
1996-08-01,"100,7",IR,2024-09-13
1996-09-01,"101,8",IR,2024-09-13
1996-10-01,"102,4",IR,2024-09-13
1996-11-01,"102,2",IR,2024-09-13
1996-12-01,"102,5",IR,2024-09-13
1997-01-01,"102,2",IR,2024-09-13
1997-02-01,"101,2",IR,2024-09-13
1997-03-01,100,IR,2024-09-13
1997-04-01,"98,8",IR,2024-09-13
1997-05-01,"98,8",IR,2024-09-13
1997-06-01,"98,8",IR,2024-09-13
1997-07-01,"98,5",IR,2024-09-13
1997-08-01,"98,4",IR,2024-09-13
1997-09-01,"98,4",IR,2024-09-13
1997-10-01,"98,6",IR,2024-09-13
1997-11-01,"98,1",IR,2024-09-13
1997-12-01,"97,2",IR,2024-09-13
1998-01-01,"95,9",IR,2024-09-13
1998-02-01,95,IR,2024-09-13
1998-03-01,"94,1",IR,2024-09-13
1998-04-01,"93,9",IR,2024-09-13
1998-05-01,"93,7",IR,2024-09-13
1998-06-01,"93,1",IR,2024-09-13
1998-07-01,"92,3",IR,2024-09-13
1998-08-01,92,IR,2024-09-13
1998-09-01,"92,2",IR,2024-09-13
1998-10-01,"92,3",IR,2024-09-13
1998-11-01,"91,8",IR,2024-09-13
1998-12-01,91,IR,2024-09-13
1999-01-01,"91,3",IR,2024-09-13
1999-02-01,"91,2",IR,2024-09-13
1999-03-01,"91,5",IR,2024-09-13
1999-04-01,"92,4",IR,2024-09-13
1999-05-01,"93,1",IR,2024-09-13
1999-06-01,"92,9",IR,2024-09-13
1999-07-01,"93,8",IR,2024-09-13
1999-08-01,"94,8",IR,2024-09-13
1999-09-01,"95,8",IR,2024-09-13
1999-10-01,96,IR,2024-09-13
1999-11-01,"96,7",IR,2024-09-13
1999-12-01,"97,4",IR,2024-09-13
2000-01-01,"97,8",IR,2024-09-13
2000-02-01,"99,7",IR,2024-09-13
2000-03-01,"99,9",IR,2024-09-13
2000-04-01,"98,5",IR,2024-09-13
2000-05-01,"98,8",IR,2024-09-13
2000-06-01,"100,2",IR,2024-09-13
2000-07-01,"100,2",IR,2024-09-13
2000-08-01,"100,4",IR,2024-09-13
2000-09-01,"101,6",IR,2024-09-13
2000-10-01,"101,2",IR,2024-09-13
2000-11-01,"101,2",IR,2024-09-13
2000-12-01,"100,5",IR,2024-09-13
2001-01-01,"100,5",IR,2024-09-13
2001-02-01,"99,9",IR,2024-09-13
2001-03-01,"98,3",IR,2024-09-13
2001-04-01,"97,8",IR,2024-09-13
2001-05-01,98,IR,2024-09-13
2001-06-01,"97,6",IR,2024-09-13
2001-07-01,"96,1",IR,2024-09-13
2001-08-01,96,IR,2024-09-13
2001-09-01,"95,9",IR,2024-09-13
2001-10-01,"93,7",IR,2024-09-13
2001-11-01,"92,3",IR,2024-09-13
2001-12-01,"91,4",IR,2024-09-13
2002-01-01,"91,6",IR,2024-09-13
2002-02-01,"91,6",IR,2024-09-13
2002-03-01,"92,8",IR,2024-09-13
2002-04-01,"94,3",IR,2024-09-13
2002-05-01,"94,4",IR,2024-09-13
2002-06-01,"94,1",IR,2024-09-13
2002-07-01,"94,5",IR,2024-09-13
2002-08-01,"94,8",IR,2024-09-13
2002-09-01,"95,5",IR,2024-09-13
2002-10-01,"95,5",IR,2024-09-13
2002-11-01,"94,6",IR,2024-09-13
2002-12-01,"95,2",IR,2024-09-13
2003-01-01,"96,9",IR,2024-09-13
2003-02-01,"98,5",IR,2024-09-13
2003-03-01,"99,1",IR,2024-09-13
2003-04-01,96,IR,2024-09-13
2003-05-01,"95,3",IR,2024-09-13
2003-06-01,"96,2",IR,2024-09-13
2003-07-01,"96,7",IR,2024-09-13
2003-08-01,"96,7",IR,2024-09-13
2003-09-01,"96,2",IR,2024-09-13
2003-10-01,"96,3",IR,2024-09-13
2003-11-01,"96,8",IR,2024-09-13
2003-12-01,"97,5",IR,2024-09-13
2004-01-01,99,IR,2024-09-13
2004-02-01,"99,4",IR,2024-09-13
2004-03-01,"100,2",IR,2024-09-13
2004-04-01,"100,4",IR,2024-09-13
2004-05-01,"101,9",IR,2024-09-13
2004-06-01,"101,7",IR,2024-09-13
2004-07-01,"102,1",IR,2024-09-13
2004-08-01,"103,6",IR,2024-09-13
2004-09-01,"104,1",IR,2024-09-13
2004-10-01,"105,8",IR,2024-09-13
2004-11-01,"105,5",IR,2024-09-13
2004-12-01,104,IR,2024-09-13
2005-01-01,"104,6",IR,2024-09-13
2005-02-01,"105,5",IR,2024-09-13
2005-03-01,"107,8",IR,2024-09-13
2005-04-01,"108,8",IR,2024-09-13
2005-05-01,"107,9",IR,2024-09-13
2005-06-01,"109,2",IR,2024-09-13
2005-07-01,"110,5",IR,2024-09-13
2005-08-01,"112,1",IR,2024-09-13
2005-09-01,"114,4",IR,2024-09-13
2005-10-01,"114,5",IR,2024-09-13
2005-11-01,"112,3",IR,2024-09-13
2005-12-01,"112,3",IR,2024-09-13
2006-01-01,"113,7",IR,2024-09-13
2006-02-01,"112,8",IR,2024-09-13
2006-03-01,"112,7",IR,2024-09-13
2006-04-01,"115,1",IR,2024-09-13
2006-05-01,"117,2",IR,2024-09-13
2006-06-01,"117,3",IR,2024-09-13
2006-07-01,"118,2",IR,2024-09-13
2006-08-01,"118,8",IR,2024-09-13
2006-09-01,"116,2",IR,2024-09-13
2006-10-01,"113,3",IR,2024-09-13
2006-11-01,"113,8",IR,2024-09-13
2006-12-01,"115,1",IR,2024-09-13
2007-01-01,"113,7",IR,2024-09-13
2007-02-01,"114,1",IR,2024-09-13
2007-03-01,"115,9",IR,2024-09-13
2007-04-01,"117,5",IR,2024-09-13
2007-05-01,"118,6",IR,2024-09-13
2007-06-01,120,IR,2024-09-13
2007-07-01,"121,5",IR,2024-09-13
2007-08-01,"121,1",IR,2024-09-13
2007-09-01,"121,8",IR,2024-09-13
2007-10-01,"123,6",IR,2024-09-13
2007-11-01,"127,5",IR,2024-09-13
2007-12-01,"127,3",IR,2024-09-13
2008-01-01,"129,2",IR,2024-09-13
2008-02-01,"129,5",IR,2024-09-13
2008-03-01,"133,5",IR,2024-09-13
2008-04-01,"137,3",IR,2024-09-13
2008-05-01,"141,2",IR,2024-09-13
2008-06-01,"145,5",IR,2024-09-13
2008-07-01,"147,5",IR,2024-09-13
2008-08-01,143,IR,2024-09-13
2008-09-01,"137,8",IR,2024-09-13
2008-10-01,"129,6",IR,2024-09-13
2008-11-01,120,IR,2024-09-13
2008-12-01,"114,5",IR,2024-09-13
2009-01-01,113,IR,2024-09-13
2009-02-01,113,IR,2024-09-13
2009-03-01,"113,6",IR,2024-09-13
2009-04-01,"114,8",IR,2024-09-13
2009-05-01,"116,8",IR,2024-09-13
2009-06-01,120,IR,2024-09-13
2009-07-01,"119,3",IR,2024-09-13
2009-08-01,"121,1",IR,2024-09-13
2009-09-01,"121,3",IR,2024-09-13
2009-10-01,"122,3",IR,2024-09-13
2009-11-01,"124,1",IR,2024-09-13
2009-12-01,"124,4",IR,2024-09-13
2010-01-01,"125,9",IR,2024-09-13
2010-02-01,"125,8",IR,2024-09-13
2010-03-01,"126,3",IR,2024-09-13
2010-04-01,"127,7",IR,2024-09-13
2010-05-01,"126,7",IR,2024-09-13
2010-06-01,"125,2",IR,2024-09-13
2010-07-01,"125,2",IR,2024-09-13
2010-08-01,"125,7",IR,2024-09-13
2010-09-01,"125,7",IR,2024-09-13
2010-10-01,"127,1",IR,2024-09-13
2010-11-01,"129,2",IR,2024-09-13
2010-12-01,131,IR,2024-09-13
2011-01-01,133,IR,2024-09-13
2011-02-01,"135,3",IR,2024-09-13
2011-03-01,"139,3",IR,2024-09-13
2011-04-01,"142,9",IR,2024-09-13
2011-05-01,"143,1",IR,2024-09-13
2011-06-01,"142,2",IR,2024-09-13
2011-07-01,"142,4",IR,2024-09-13
2011-08-01,"141,9",IR,2024-09-13
2011-09-01,"141,7",IR,2024-09-13
2011-10-01,"141,2",IR,2024-09-13
2011-11-01,"142,2",IR,2024-09-13
2011-12-01,"142,2",IR,2024-09-13
2012-01-01,"142,2",IR,2024-09-13
2012-02-01,"142,2",IR,2024-09-13
2012-03-01,"144,2",IR,2024-09-13
2012-04-01,"144,1",IR,2024-09-13
2012-05-01,142,IR,2024-09-13
2012-06-01,"138,7",IR,2024-09-13
2012-07-01,"137,7",IR,2024-09-13
2012-08-01,"139,4",IR,2024-09-13
2012-09-01,"140,8",IR,2024-09-13
2012-10-01,"141,2",IR,2024-09-13
2012-11-01,"140,2",IR,2024-09-13
2012-12-01,"139,4",IR,2024-09-13
2013-01-01,"140,1",IR,2024-09-13
2013-02-01,"141,3",IR,2024-09-13
2013-03-01,"141,2",IR,2024-09-13
2013-04-01,"140,2",IR,2024-09-13
2013-05-01,"139,4",IR,2024-09-13
2013-06-01,"138,8",IR,2024-09-13
2013-07-01,"138,9",IR,2024-09-13
2013-08-01,"139,4",IR,2024-09-13
2013-09-01,"139,8",IR,2024-09-13
2013-10-01,"138,9",IR,2024-09-13
2013-11-01,"137,7",IR,2024-09-13
2013-12-01,"137,8",IR,2024-09-13
2014-01-01,"138,3",IR,2024-09-13
2014-02-01,"139,8",IR,2024-09-13
2014-03-01,"140,5",IR,2024-09-13
2014-04-01,"139,7",IR,2024-09-13
2014-05-01,"140,1",IR,2024-09-13
2014-06-01,"140,5",IR,2024-09-13
2014-07-01,"140,1",IR,2024-09-13
2014-08-01,139,IR,2024-09-13
2014-09-01,"137,9",IR,2024-09-13
2014-10-01,136,IR,2024-09-13
2014-11-01,"133,5",IR,2024-09-13
2014-12-01,"130,1",IR,2024-09-13
2015-01-01,126,IR,2024-09-13
2015-02-01,"125,5",IR,2024-09-13
2015-03-01,"125,3",IR,2024-09-13
2015-04-01,"125,1",IR,2024-09-13
2015-05-01,"126,5",IR,2024-09-13
2015-06-01,"126,6",IR,2024-09-13
2015-07-01,"125,4",IR,2024-09-13
2015-08-01,"123,2",IR,2024-09-13
2015-09-01,"121,9",IR,2024-09-13
2015-10-01,"121,5",IR,2024-09-13
2015-11-01,"120,8",IR,2024-09-13
2015-12-01,"119,3",IR,2024-09-13
2016-01-01,"117,8",IR,2024-09-13
2016-02-01,"117,2",IR,2024-09-13
2016-03-01,"117,7",IR,2024-09-13
2016-04-01,"118,5",IR,2024-09-13
2016-05-01,"119,9",IR,2024-09-13
2016-06-01,"120,7",IR,2024-09-13
2016-07-01,"120,8",IR,2024-09-13
2016-08-01,"120,5",IR,2024-09-13
2016-09-01,"120,6",IR,2024-09-13
2016-10-01,"121,2",IR,2024-09-13
2016-11-01,"121,1",IR,2024-09-13
2016-12-01,"121,6",IR,2024-09-13
2017-01-01,"122,3",IR,2024-09-13
2017-02-01,"122,7",IR,2024-09-13
2017-03-01,"122,5",IR,2024-09-13
2017-04-01,"122,8",IR,2024-09-13
2017-05-01,"122,7",IR,2024-09-13
2017-06-01,"122,4",IR,2024-09-13
2017-07-01,"122,2",IR,2024-09-13
2017-08-01,"122,9",IR,2024-09-13
2017-09-01,"123,9",IR,2024-09-13
2017-10-01,"124,1",IR,2024-09-13
2017-11-01,"125,3",IR,2024-09-13
2017-12-01,"125,5",IR,2024-09-13
2018-01-01,"126,5",IR,2024-09-13
2018-02-01,"126,8",IR,2024-09-13
2018-03-01,"126,5",IR,2024-09-13
2018-04-01,"127,1",IR,2024-09-13
2018-05-01,"128,2",IR,2024-09-13
2018-06-01,"128,2",IR,2024-09-13
2018-07-01,"128,1",IR,2024-09-13
2018-08-01,"127,6",IR,2024-09-13
2018-09-01,"127,7",IR,2024-09-13
2018-10-01,"128,3",IR,2024-09-13
2018-11-01,"126,2",IR,2024-09-13
2018-12-01,"124,4",IR,2024-09-13
2019-01-01,"124,6",IR,2024-09-13
2019-02-01,"125,9",IR,2024-09-13
2019-03-01,"126,6",IR,2024-09-13
2019-04-01,"126,8",IR,2024-09-13
2019-05-01,127,IR,2024-09-13
2019-06-01,"125,6",IR,2024-09-13
2019-07-01,"125,6",IR,2024-09-13
2019-08-01,"124,9",IR,2024-09-13
2019-09-01,125,IR,2024-09-13
2019-10-01,"124,5",IR,2024-09-13
2019-11-01,"124,7",IR,2024-09-13
2019-12-01,125,IR,2024-09-13
2020-01-01,"125,2",IR,2024-09-13
2020-02-01,"124,3",IR,2024-09-13
2020-03-01,"121,3",IR,2024-09-13
2020-04-01,"118,2",IR,2024-09-13
2020-05-01,119,IR,2024-09-13
2020-06-01,"120,6",IR,2024-09-13
2020-07-01,"122,1",IR,2024-09-13
2020-08-01,"123,2",IR,2024-09-13
2020-09-01,"123,4",IR,2024-09-13
2020-10-01,"123,3",IR,2024-09-13
2020-11-01,"123,4",IR,2024-09-13
2020-12-01,"124,6",IR,2024-09-13
2021-01-01,"126,5",IR,2024-09-13
2021-02-01,128,IR,2024-09-13
2021-03-01,"129,9",IR,2024-09-13
2021-04-01,"131,1",IR,2024-09-13
2021-05-01,"132,8",IR,2024-09-13
2021-06-01,"134,2",IR,2024-09-13
2021-07-01,"134,6",IR,2024-09-13
2021-08-01,"134,3",IR,2024-09-13
2021-09-01,"134,9",IR,2024-09-13
2021-10-01,"136,9",IR,2024-09-13
2021-11-01,"137,9",IR,2024-09-13
2021-12-01,"137,4",IR,2024-09-13
2022-01-01,"140,1",IR,2024-09-13
2022-02-01,"142,6",IR,2024-09-13
2022-03-01,"146,8",IR,2024-09-13
2022-04-01,"147,5",IR,2024-09-13
2022-05-01,"148,2",IR,2024-09-13
2022-06-01,"148,5",IR,2024-09-13
2022-07-01,"146,4",IR,2024-09-13
2022-08-01,"144,6",IR,2024-09-13
2022-09-01,"143,1",IR,2024-09-13
2022-10-01,"142,7",IR,2024-09-13
2022-11-01,"141,6",IR,2024-09-13
2022-12-01,"141,8",IR,2024-09-13
2023-01-01,"141,3",IR,2024-09-13
2023-02-01,141,IR,2024-09-13
2023-03-01,"139,9",IR,2024-09-13
2023-04-01,"140,3",IR,2024-09-13
2023-05-01,"139,7",IR,2024-09-13
2023-06-01,"139,4",IR,2024-09-13
2023-07-01,"139,4",IR,2024-09-13
2023-08-01,"140,3",IR,2024-09-13
2023-09-01,141,IR,2024-09-13
2023-10-01,"140,1",IR,2024-09-13
2023-11-01,"139,4",IR,2024-09-13
2023-12-01,"138,4",IR,2024-09-13
2024-01-01,"139,4",IR,2024-09-13
2024-02-01,"139,7",IR,2024-09-13
2024-03-01,"140,5",IR,2024-09-13
2024-04-01,"141,7",IR,2024-09-13
2024-05-01,"141,5",IR,2024-09-13
2024-06-01,"141,5",IR,2024-09-13
2024-07-01,"141,8",IR,2024-09-13
2024-08-01,"141,4",IR,2024-09-13
1983-09-01,"85,7",IQ,2024-09-13
1983-10-01,,IQ,2024-09-13
1983-11-01,,IQ,2024-09-13
1983-12-01,"85,4",IQ,2024-09-13
1984-01-01,,IQ,2024-09-13
1984-02-01,,IQ,2024-09-13
1984-03-01,"85,9",IQ,2024-09-13
1984-04-01,,IQ,2024-09-13
1984-05-01,,IQ,2024-09-13
1984-06-01,"87,1",IQ,2024-09-13
1984-07-01,,IQ,2024-09-13
1984-08-01,,IQ,2024-09-13
1984-09-01,"85,1",IQ,2024-09-13
1984-10-01,,IQ,2024-09-13
1984-11-01,,IQ,2024-09-13
1984-12-01,"84,2",IQ,2024-09-13
1985-01-01,,IQ,2024-09-13
1985-02-01,,IQ,2024-09-13
1985-03-01,84,IQ,2024-09-13
1985-04-01,,IQ,2024-09-13
1985-05-01,,IQ,2024-09-13
1985-06-01,"84,4",IQ,2024-09-13
1985-07-01,,IQ,2024-09-13
1985-08-01,,IQ,2024-09-13
1985-09-01,"83,7",IQ,2024-09-13
1985-10-01,,IQ,2024-09-13
1985-11-01,,IQ,2024-09-13
1985-12-01,"83,8",IQ,2024-09-13
1986-01-01,,IQ,2024-09-13
1986-02-01,,IQ,2024-09-13
1986-03-01,"83,6",IQ,2024-09-13
1986-04-01,,IQ,2024-09-13
1986-05-01,,IQ,2024-09-13
1986-06-01,"83,3",IQ,2024-09-13
1986-07-01,,IQ,2024-09-13
1986-08-01,,IQ,2024-09-13
1986-09-01,"82,4",IQ,2024-09-13
1986-10-01,,IQ,2024-09-13
1986-11-01,,IQ,2024-09-13
1986-12-01,"83,3",IQ,2024-09-13
1987-01-01,,IQ,2024-09-13
1987-02-01,,IQ,2024-09-13
1987-03-01,"84,3",IQ,2024-09-13
1987-04-01,,IQ,2024-09-13
1987-05-01,,IQ,2024-09-13
1987-06-01,86,IQ,2024-09-13
1987-07-01,,IQ,2024-09-13
1987-08-01,,IQ,2024-09-13
1987-09-01,"86,6",IQ,2024-09-13
1987-10-01,,IQ,2024-09-13
1987-11-01,,IQ,2024-09-13
1987-12-01,"88,3",IQ,2024-09-13
1988-01-01,,IQ,2024-09-13
1988-02-01,,IQ,2024-09-13
1988-03-01,"89,8",IQ,2024-09-13
1988-04-01,,IQ,2024-09-13
1988-05-01,,IQ,2024-09-13
1988-06-01,"92,2",IQ,2024-09-13
1988-07-01,,IQ,2024-09-13
1988-08-01,,IQ,2024-09-13
1988-09-01,"94,1",IQ,2024-09-13
1988-10-01,,IQ,2024-09-13
1988-11-01,,IQ,2024-09-13
1988-12-01,"93,8",IQ,2024-09-13
1989-01-01,"94,9",IQ,2024-09-13
1989-02-01,"94,6",IQ,2024-09-13
1989-03-01,"95,2",IQ,2024-09-13
1989-04-01,95,IQ,2024-09-13
1989-05-01,"95,4",IQ,2024-09-13
1989-06-01,"95,2",IQ,2024-09-13
1989-07-01,"94,7",IQ,2024-09-13
1989-08-01,94,IQ,2024-09-13
1989-09-01,"94,4",IQ,2024-09-13
1989-10-01,"94,6",IQ,2024-09-13
1989-11-01,"94,2",IQ,2024-09-13
1989-12-01,"94,4",IQ,2024-09-13
1990-01-01,"95,2",IQ,2024-09-13
1990-02-01,"94,6",IQ,2024-09-13
1990-03-01,"94,8",IQ,2024-09-13
1990-04-01,"95,1",IQ,2024-09-13
1990-05-01,"95,3",IQ,2024-09-13
1990-06-01,"95,1",IQ,2024-09-13
1990-07-01,"95,3",IQ,2024-09-13
1990-08-01,"95,4",IQ,2024-09-13
1990-09-01,"95,8",IQ,2024-09-13
1990-10-01,"96,6",IQ,2024-09-13
1990-11-01,"96,7",IQ,2024-09-13
1990-12-01,"96,3",IQ,2024-09-13
1991-01-01,"96,8",IQ,2024-09-13
1991-02-01,"96,7",IQ,2024-09-13
1991-03-01,"96,4",IQ,2024-09-13
1991-04-01,"96,6",IQ,2024-09-13
1991-05-01,"96,4",IQ,2024-09-13
1991-06-01,"96,1",IQ,2024-09-13
1991-07-01,"95,7",IQ,2024-09-13
1991-08-01,96,IQ,2024-09-13
1991-09-01,"95,6",IQ,2024-09-13
1991-10-01,"96,6",IQ,2024-09-13
1991-11-01,"96,7",IQ,2024-09-13
1991-12-01,"95,7",IQ,2024-09-13
1992-01-01,"95,7",IQ,2024-09-13
1992-02-01,"96,3",IQ,2024-09-13
1992-03-01,"96,2",IQ,2024-09-13
1992-04-01,"96,4",IQ,2024-09-13
1992-05-01,"96,7",IQ,2024-09-13
1992-06-01,"96,5",IQ,2024-09-13
1992-07-01,"96,6",IQ,2024-09-13
1992-08-01,"96,3",IQ,2024-09-13
1992-09-01,"96,6",IQ,2024-09-13
1992-10-01,"96,3",IQ,2024-09-13
1992-11-01,"96,2",IQ,2024-09-13
1992-12-01,"96,3",IQ,2024-09-13
1993-01-01,"96,4",IQ,2024-09-13
1993-02-01,"96,7",IQ,2024-09-13
1993-03-01,"96,6",IQ,2024-09-13
1993-04-01,"96,8",IQ,2024-09-13
1993-05-01,"97,1",IQ,2024-09-13
1993-06-01,"96,9",IQ,2024-09-13
1993-07-01,97,IQ,2024-09-13
1993-08-01,97,IQ,2024-09-13
1993-09-01,"96,9",IQ,2024-09-13
1993-10-01,"96,9",IQ,2024-09-13
1993-11-01,97,IQ,2024-09-13
1993-12-01,"97,3",IQ,2024-09-13
1994-01-01,98,IQ,2024-09-13
1994-02-01,98,IQ,2024-09-13
1994-03-01,"98,2",IQ,2024-09-13
1994-04-01,"98,2",IQ,2024-09-13
1994-05-01,"98,5",IQ,2024-09-13
1994-06-01,"98,5",IQ,2024-09-13
1994-07-01,"98,7",IQ,2024-09-13
1994-08-01,"98,9",IQ,2024-09-13
1994-09-01,"99,1",IQ,2024-09-13
1994-10-01,"99,7",IQ,2024-09-13
1994-11-01,"100,4",IQ,2024-09-13
1994-12-01,"101,1",IQ,2024-09-13
1995-01-01,"101,9",IQ,2024-09-13
1995-02-01,"102,5",IQ,2024-09-13
1995-03-01,103,IQ,2024-09-13
1995-04-01,104,IQ,2024-09-13
1995-05-01,"104,3",IQ,2024-09-13
1995-06-01,"104,5",IQ,2024-09-13
1995-07-01,"104,8",IQ,2024-09-13
1995-08-01,"104,3",IQ,2024-09-13
1995-09-01,"104,4",IQ,2024-09-13
1995-10-01,"104,5",IQ,2024-09-13
1995-11-01,"104,5",IQ,2024-09-13
1995-12-01,"104,4",IQ,2024-09-13
1996-01-01,"104,9",IQ,2024-09-13
1996-02-01,"104,7",IQ,2024-09-13
1996-03-01,"104,6",IQ,2024-09-13
1996-04-01,"105,2",IQ,2024-09-13
1996-05-01,"105,6",IQ,2024-09-13
1996-06-01,"105,4",IQ,2024-09-13
1996-07-01,"104,9",IQ,2024-09-13
1996-08-01,"104,7",IQ,2024-09-13
1996-09-01,"103,9",IQ,2024-09-13
1996-10-01,"103,6",IQ,2024-09-13
1996-11-01,"103,2",IQ,2024-09-13
1996-12-01,"103,2",IQ,2024-09-13
1997-01-01,"103,3",IQ,2024-09-13
1997-02-01,"103,5",IQ,2024-09-13
1997-03-01,"103,6",IQ,2024-09-13
1997-04-01,"103,6",IQ,2024-09-13
1997-05-01,"103,4",IQ,2024-09-13
1997-06-01,"103,2",IQ,2024-09-13
1997-07-01,"103,2",IQ,2024-09-13
1997-08-01,"103,2",IQ,2024-09-13
1997-09-01,"102,9",IQ,2024-09-13
1997-10-01,"102,5",IQ,2024-09-13
1997-11-01,"102,5",IQ,2024-09-13
1997-12-01,102,IQ,2024-09-13
1998-01-01,"101,3",IQ,2024-09-13
1998-02-01,101,IQ,2024-09-13
1998-03-01,"100,7",IQ,2024-09-13
1998-04-01,"100,3",IQ,2024-09-13
1998-05-01,"100,4",IQ,2024-09-13
1998-06-01,"99,9",IQ,2024-09-13
1998-07-01,"99,5",IQ,2024-09-13
1998-08-01,99,IQ,2024-09-13
1998-09-01,"98,5",IQ,2024-09-13
1998-10-01,"98,4",IQ,2024-09-13
1998-11-01,"98,6",IQ,2024-09-13
1998-12-01,"98,5",IQ,2024-09-13
1999-01-01,"98,5",IQ,2024-09-13
1999-02-01,"98,3",IQ,2024-09-13
1999-03-01,"97,9",IQ,2024-09-13
1999-04-01,"98,1",IQ,2024-09-13
1999-05-01,"98,2",IQ,2024-09-13
1999-06-01,"98,2",IQ,2024-09-13
1999-07-01,"98,1",IQ,2024-09-13
1999-08-01,"98,4",IQ,2024-09-13
1999-09-01,"98,5",IQ,2024-09-13
1999-10-01,"98,8",IQ,2024-09-13
1999-11-01,99,IQ,2024-09-13
1999-12-01,99,IQ,2024-09-13
2000-01-01,"99,2",IQ,2024-09-13
2000-02-01,"99,6",IQ,2024-09-13
2000-03-01,100,IQ,2024-09-13
2000-04-01,100,IQ,2024-09-13
2000-05-01,"100,2",IQ,2024-09-13
2000-06-01,"100,1",IQ,2024-09-13
2000-07-01,100,IQ,2024-09-13
2000-08-01,"99,8",IQ,2024-09-13
2000-09-01,"100,4",IQ,2024-09-13
2000-10-01,"100,3",IQ,2024-09-13
2000-11-01,"100,3",IQ,2024-09-13
2000-12-01,"100,1",IQ,2024-09-13
2001-01-01,"100,3",IQ,2024-09-13
2001-02-01,"100,2",IQ,2024-09-13
2001-03-01,100,IQ,2024-09-13
2001-04-01,"99,9",IQ,2024-09-13
2001-05-01,"99,6",IQ,2024-09-13
2001-06-01,"99,4",IQ,2024-09-13
2001-07-01,99,IQ,2024-09-13
2001-08-01,"98,8",IQ,2024-09-13
2001-09-01,99,IQ,2024-09-13
2001-10-01,"98,3",IQ,2024-09-13
2001-11-01,"97,8",IQ,2024-09-13
2001-12-01,"97,6",IQ,2024-09-13
2002-01-01,"97,5",IQ,2024-09-13
2002-02-01,"97,3",IQ,2024-09-13
2002-03-01,"97,6",IQ,2024-09-13
2002-04-01,98,IQ,2024-09-13
2002-05-01,98,IQ,2024-09-13
2002-06-01,98,IQ,2024-09-13
2002-07-01,"98,3",IQ,2024-09-13
2002-08-01,"98,5",IQ,2024-09-13
2002-09-01,"98,8",IQ,2024-09-13
2002-10-01,"98,7",IQ,2024-09-13
2002-11-01,"98,8",IQ,2024-09-13
2002-12-01,"98,6",IQ,2024-09-13
2003-01-01,"98,9",IQ,2024-09-13
2003-02-01,"99,5",IQ,2024-09-13
2003-03-01,"99,7",IQ,2024-09-13
2003-04-01,"99,6",IQ,2024-09-13
2003-05-01,"99,7",IQ,2024-09-13
2003-06-01,"99,5",IQ,2024-09-13
2003-07-01,"99,4",IQ,2024-09-13
2003-08-01,"99,4",IQ,2024-09-13
2003-09-01,"99,8",IQ,2024-09-13
2003-10-01,100,IQ,2024-09-13
2003-11-01,"100,5",IQ,2024-09-13
2003-12-01,"100,8",IQ,2024-09-13
2004-01-01,"101,5",IQ,2024-09-13
2004-02-01,"102,2",IQ,2024-09-13
2004-03-01,103,IQ,2024-09-13
2004-04-01,"103,7",IQ,2024-09-13
2004-05-01,"104,1",IQ,2024-09-13
2004-06-01,"103,4",IQ,2024-09-13
2004-07-01,"103,9",IQ,2024-09-13
2004-08-01,"103,4",IQ,2024-09-13
2004-09-01,"103,8",IQ,2024-09-13
2004-10-01,"104,4",IQ,2024-09-13
2004-11-01,"104,7",IQ,2024-09-13
2004-12-01,"104,8",IQ,2024-09-13
2005-01-01,"105,6",IQ,2024-09-13
2005-02-01,"105,7",IQ,2024-09-13
2005-03-01,"106,4",IQ,2024-09-13
2005-04-01,"106,9",IQ,2024-09-13
2005-05-01,"106,7",IQ,2024-09-13
2005-06-01,"106,7",IQ,2024-09-13
2005-07-01,"106,8",IQ,2024-09-13
2005-08-01,"106,6",IQ,2024-09-13
2005-09-01,"107,5",IQ,2024-09-13
2005-10-01,"108,3",IQ,2024-09-13
2005-11-01,"107,6",IQ,2024-09-13
2005-12-01,"107,7",IQ,2024-09-13
2006-01-01,"108,5",IQ,2024-09-13
2006-02-01,"108,6",IQ,2024-09-13
2006-03-01,"108,8",IQ,2024-09-13
2006-04-01,"109,6",IQ,2024-09-13
2006-05-01,"110,4",IQ,2024-09-13
2006-06-01,"111,2",IQ,2024-09-13
2006-07-01,"111,6",IQ,2024-09-13
2006-08-01,"112,1",IQ,2024-09-13
2006-09-01,"111,7",IQ,2024-09-13
2006-10-01,"111,4",IQ,2024-09-13
2006-11-01,"111,8",IQ,2024-09-13
2006-12-01,"112,5",IQ,2024-09-13
2007-01-01,113,IQ,2024-09-13
2007-02-01,"113,9",IQ,2024-09-13
2007-03-01,"114,7",IQ,2024-09-13
2007-04-01,"115,2",IQ,2024-09-13
2007-05-01,"115,5",IQ,2024-09-13
2007-06-01,116,IQ,2024-09-13
2007-07-01,"116,1",IQ,2024-09-13
2007-08-01,"116,3",IQ,2024-09-13
2007-09-01,"116,7",IQ,2024-09-13
2007-10-01,"117,6",IQ,2024-09-13
2007-11-01,"118,7",IQ,2024-09-13
2007-12-01,"119,3",IQ,2024-09-13
2008-01-01,"120,7",IQ,2024-09-13
2008-02-01,"121,8",IQ,2024-09-13
2008-03-01,"123,8",IQ,2024-09-13
2008-04-01,"124,4",IQ,2024-09-13
2008-05-01,"124,8",IQ,2024-09-13
2008-06-01,"126,1",IQ,2024-09-13
2008-07-01,128,IQ,2024-09-13
2008-08-01,"125,9",IQ,2024-09-13
2008-09-01,"124,9",IQ,2024-09-13
2008-10-01,"122,3",IQ,2024-09-13
2008-11-01,"118,4",IQ,2024-09-13
2008-12-01,"115,8",IQ,2024-09-13
2009-01-01,"116,6",IQ,2024-09-13
2009-02-01,"116,3",IQ,2024-09-13
2009-03-01,"115,5",IQ,2024-09-13
2009-04-01,"116,1",IQ,2024-09-13
2009-05-01,"116,6",IQ,2024-09-13
2009-06-01,"117,8",IQ,2024-09-13
2009-07-01,"117,4",IQ,2024-09-13
2009-08-01,"118,1",IQ,2024-09-13
2009-09-01,"117,9",IQ,2024-09-13
2009-10-01,"117,9",IQ,2024-09-13
2009-11-01,"118,9",IQ,2024-09-13
2009-12-01,"119,7",IQ,2024-09-13
2010-01-01,"120,7",IQ,2024-09-13
2010-02-01,"120,3",IQ,2024-09-13
2010-03-01,"121,2",IQ,2024-09-13
2010-04-01,"122,5",IQ,2024-09-13
2010-05-01,"123,1",IQ,2024-09-13
2010-06-01,"122,2",IQ,2024-09-13
2010-07-01,122,IQ,2024-09-13
2010-08-01,123,IQ,2024-09-13
2010-09-01,"123,7",IQ,2024-09-13
2010-10-01,"124,7",IQ,2024-09-13
2010-11-01,"126,6",IQ,2024-09-13
2010-12-01,"127,5",IQ,2024-09-13
2011-01-01,"129,1",IQ,2024-09-13
2011-02-01,"130,8",IQ,2024-09-13
2011-03-01,"132,7",IQ,2024-09-13
2011-04-01,"133,8",IQ,2024-09-13
2011-05-01,"134,3",IQ,2024-09-13
2011-06-01,"134,5",IQ,2024-09-13
2011-07-01,134,IQ,2024-09-13
2011-08-01,"134,6",IQ,2024-09-13
2011-09-01,"135,3",IQ,2024-09-13
2011-10-01,"132,6",IQ,2024-09-13
2011-11-01,"132,7",IQ,2024-09-13
2011-12-01,"132,1",IQ,2024-09-13
2012-01-01,"132,5",IQ,2024-09-13
2012-02-01,"133,1",IQ,2024-09-13
2012-03-01,"134,1",IQ,2024-09-13
2012-04-01,"134,7",IQ,2024-09-13
2012-05-01,134,IQ,2024-09-13
2012-06-01,"131,7",IQ,2024-09-13
2012-07-01,"132,2",IQ,2024-09-13
2012-08-01,"133,4",IQ,2024-09-13
2012-09-01,"134,5",IQ,2024-09-13
2012-10-01,"134,6",IQ,2024-09-13
2012-11-01,"133,8",IQ,2024-09-13
2012-12-01,"133,6",IQ,2024-09-13
2013-01-01,"134,1",IQ,2024-09-13
2013-02-01,"135,1",IQ,2024-09-13
2013-03-01,"134,4",IQ,2024-09-13
2013-04-01,"133,6",IQ,2024-09-13
2013-05-01,"132,9",IQ,2024-09-13
2013-06-01,"132,8",IQ,2024-09-13
2013-07-01,"132,6",IQ,2024-09-13
2013-08-01,"131,9",IQ,2024-09-13
2013-09-01,"132,4",IQ,2024-09-13
2013-10-01,"131,6",IQ,2024-09-13
2013-11-01,"131,8",IQ,2024-09-13
2013-12-01,"132,3",IQ,2024-09-13
2014-01-01,"132,7",IQ,2024-09-13
2014-02-01,"133,7",IQ,2024-09-13
2014-03-01,"134,9",IQ,2024-09-13
2014-04-01,"133,5",IQ,2024-09-13
2014-05-01,"133,7",IQ,2024-09-13
2014-06-01,133,IQ,2024-09-13
2014-07-01,"133,1",IQ,2024-09-13
2014-08-01,"132,4",IQ,2024-09-13
2014-09-01,"131,9",IQ,2024-09-13
2014-10-01,"130,7",IQ,2024-09-13
2014-11-01,"129,5",IQ,2024-09-13
2014-12-01,"128,3",IQ,2024-09-13
2015-01-01,"126,1",IQ,2024-09-13
2015-02-01,"125,9",IQ,2024-09-13
2015-03-01,"125,9",IQ,2024-09-13
2015-04-01,"125,1",IQ,2024-09-13
2015-05-01,"125,7",IQ,2024-09-13
2015-06-01,"125,3",IQ,2024-09-13
2015-07-01,"124,8",IQ,2024-09-13
2015-08-01,123,IQ,2024-09-13
2015-09-01,"122,3",IQ,2024-09-13
2015-10-01,122,IQ,2024-09-13
2015-11-01,"121,1",IQ,2024-09-13
2015-12-01,"119,8",IQ,2024-09-13
2016-01-01,"118,7",IQ,2024-09-13
2016-02-01,"118,2",IQ,2024-09-13
2016-03-01,"118,1",IQ,2024-09-13
2016-04-01,"118,7",IQ,2024-09-13
2016-05-01,120,IQ,2024-09-13
2016-06-01,"120,9",IQ,2024-09-13
2016-07-01,"121,1",IQ,2024-09-13
2016-08-01,"120,1",IQ,2024-09-13
2016-09-01,"120,5",IQ,2024-09-13
2016-10-01,"120,7",IQ,2024-09-13
2016-11-01,"120,8",IQ,2024-09-13
2016-12-01,"121,3",IQ,2024-09-13
2017-01-01,"121,6",IQ,2024-09-13
2017-02-01,122,IQ,2024-09-13
2017-03-01,"122,1",IQ,2024-09-13
2017-04-01,"122,4",IQ,2024-09-13
2017-05-01,"121,7",IQ,2024-09-13
2017-06-01,"121,6",IQ,2024-09-13
2017-07-01,"122,2",IQ,2024-09-13
2017-08-01,"122,9",IQ,2024-09-13
2017-09-01,"123,9",IQ,2024-09-13
2017-10-01,124,IQ,2024-09-13
2017-11-01,"124,6",IQ,2024-09-13
2017-12-01,"124,7",IQ,2024-09-13
2018-01-01,"125,6",IQ,2024-09-13
2018-02-01,"125,8",IQ,2024-09-13
2018-03-01,"126,3",IQ,2024-09-13
2018-04-01,"126,9",IQ,2024-09-13
2018-05-01,"127,8",IQ,2024-09-13
2018-06-01,128,IQ,2024-09-13
2018-07-01,"127,4",IQ,2024-09-13
2018-08-01,"127,3",IQ,2024-09-13
2018-09-01,"127,3",IQ,2024-09-13
2018-10-01,"127,9",IQ,2024-09-13
2018-11-01,"126,9",IQ,2024-09-13
2018-12-01,"126,1",IQ,2024-09-13
2019-01-01,"125,3",IQ,2024-09-13
2019-02-01,"126,1",IQ,2024-09-13
2019-03-01,127,IQ,2024-09-13
2019-04-01,"127,1",IQ,2024-09-13
2019-05-01,"126,7",IQ,2024-09-13
2019-06-01,126,IQ,2024-09-13
2019-07-01,"126,2",IQ,2024-09-13
2019-08-01,"125,5",IQ,2024-09-13
2019-09-01,"125,1",IQ,2024-09-13
2019-10-01,"125,1",IQ,2024-09-13
2019-11-01,"125,2",IQ,2024-09-13
2019-12-01,125,IQ,2024-09-13
2020-01-01,"125,8",IQ,2024-09-13
2020-02-01,"124,3",IQ,2024-09-13
2020-03-01,"122,5",IQ,2024-09-13
2020-04-01,"118,2",IQ,2024-09-13
2020-05-01,"118,2",IQ,2024-09-13
2020-06-01,"120,3",IQ,2024-09-13
2020-07-01,"121,5",IQ,2024-09-13
2020-08-01,"122,1",IQ,2024-09-13
2020-09-01,"122,8",IQ,2024-09-13
2020-10-01,123,IQ,2024-09-13
2020-11-01,124,IQ,2024-09-13
2020-12-01,"125,5",IQ,2024-09-13
2021-01-01,"128,9",IQ,2024-09-13
2021-02-01,131,IQ,2024-09-13
2021-03-01,"134,3",IQ,2024-09-13
2021-04-01,"135,9",IQ,2024-09-13
2021-05-01,139,IQ,2024-09-13
2021-06-01,"140,6",IQ,2024-09-13
2021-07-01,"142,1",IQ,2024-09-13
2021-08-01,"142,4",IQ,2024-09-13
2021-09-01,"142,8",IQ,2024-09-13
2021-10-01,"145,5",IQ,2024-09-13
2021-11-01,"146,5",IQ,2024-09-13
2021-12-01,"144,2",IQ,2024-09-13
2022-01-01,"148,2",IQ,2024-09-13
2022-02-01,153,IQ,2024-09-13
2022-03-01,159,IQ,2024-09-13
2022-04-01,"160,6",IQ,2024-09-13
2022-05-01,"164,9",IQ,2024-09-13
2022-06-01,"166,7",IQ,2024-09-13
2022-07-01,"160,5",IQ,2024-09-13
2022-08-01,"158,3",IQ,2024-09-13
2022-09-01,"156,8",IQ,2024-09-13
2022-10-01,156,IQ,2024-09-13
2022-11-01,"155,4",IQ,2024-09-13
2022-12-01,"150,8",IQ,2024-09-13
2023-01-01,"151,1",IQ,2024-09-13
2023-02-01,"151,7",IQ,2024-09-13
2023-03-01,"151,1",IQ,2024-09-13
2023-04-01,151,IQ,2024-09-13
2023-05-01,"147,9",IQ,2024-09-13
2023-06-01,147,IQ,2024-09-13
2023-07-01,"147,5",IQ,2024-09-13
2023-08-01,"149,2",IQ,2024-09-13
2023-09-01,150,IQ,2024-09-13
2023-10-01,"148,6",IQ,2024-09-13
2023-11-01,"147,5",IQ,2024-09-13
2023-12-01,"146,5",IQ,2024-09-13
2024-01-01,"147,5",IQ,2024-09-13
2024-02-01,"148,6",IQ,2024-09-13
2024-03-01,"148,8",IQ,2024-09-13
2024-04-01,"149,8",IQ,2024-09-13
2024-05-01,"148,7",IQ,2024-09-13
2024-06-01,"148,4",IQ,2024-09-13
2024-07-01,"149,2",IQ,2024-09-13
2024-08-01,"148,2",IQ,2024-09-13
1992-01-01,52277,BOPTIMP,2024-09-04
1992-02-01,52513,BOPTIMP,2024-09-04
1992-03-01,52935,BOPTIMP,2024-09-04
1992-04-01,53411,BOPTIMP,2024-09-04
1992-05-01,53963,BOPTIMP,2024-09-04
1992-06-01,54551,BOPTIMP,2024-09-04
1992-07-01,55313,BOPTIMP,2024-09-04
1992-08-01,55395,BOPTIMP,2024-09-04
1992-09-01,55515,BOPTIMP,2024-09-04
1992-10-01,56556,BOPTIMP,2024-09-04
1992-11-01,56214,BOPTIMP,2024-09-04
1992-12-01,57446,BOPTIMP,2024-09-04
1993-01-01,56439,BOPTIMP,2024-09-04
1993-02-01,56076,BOPTIMP,2024-09-04
1993-03-01,59813,BOPTIMP,2024-09-04
1993-04-01,59584,BOPTIMP,2024-09-04
1993-05-01,58598,BOPTIMP,2024-09-04
1993-06-01,59275,BOPTIMP,2024-09-04
1993-07-01,59200,BOPTIMP,2024-09-04
1993-08-01,58805,BOPTIMP,2024-09-04
1993-09-01,60679,BOPTIMP,2024-09-04
1993-10-01,62069,BOPTIMP,2024-09-04
1993-11-01,61361,BOPTIMP,2024-09-04
1993-12-01,61271,BOPTIMP,2024-09-04
1994-01-01,61365,BOPTIMP,2024-09-04
1994-02-01,62974,BOPTIMP,2024-09-04
1994-03-01,64772,BOPTIMP,2024-09-04
1994-04-01,64323,BOPTIMP,2024-09-04
1994-05-01,65070,BOPTIMP,2024-09-04
1994-06-01,66831,BOPTIMP,2024-09-04
1994-07-01,67230,BOPTIMP,2024-09-04
1994-08-01,68710,BOPTIMP,2024-09-04
1994-09-01,69026,BOPTIMP,2024-09-04
1994-10-01,69019,BOPTIMP,2024-09-04
1994-11-01,71147,BOPTIMP,2024-09-04
1994-12-01,71281,BOPTIMP,2024-09-04
1995-01-01,72442,BOPTIMP,2024-09-04
1995-02-01,71894,BOPTIMP,2024-09-04
1995-03-01,74057,BOPTIMP,2024-09-04
1995-04-01,74682,BOPTIMP,2024-09-04
1995-05-01,74845,BOPTIMP,2024-09-04
1995-06-01,75478,BOPTIMP,2024-09-04
1995-07-01,74247,BOPTIMP,2024-09-04
1995-08-01,74173,BOPTIMP,2024-09-04
1995-09-01,74867,BOPTIMP,2024-09-04
1995-10-01,74219,BOPTIMP,2024-09-04
1995-11-01,74523,BOPTIMP,2024-09-04
1995-12-01,75342,BOPTIMP,2024-09-04
1996-01-01,76764,BOPTIMP,2024-09-04
1996-02-01,77217,BOPTIMP,2024-09-04
1996-03-01,77553,BOPTIMP,2024-09-04
1996-04-01,78870,BOPTIMP,2024-09-04
1996-05-01,80288,BOPTIMP,2024-09-04
1996-06-01,78516,BOPTIMP,2024-09-04
1996-07-01,79536,BOPTIMP,2024-09-04
1996-08-01,80919,BOPTIMP,2024-09-04
1996-09-01,80748,BOPTIMP,2024-09-04
1996-10-01,80404,BOPTIMP,2024-09-04
1996-11-01,81531,BOPTIMP,2024-09-04
1996-12-01,83317,BOPTIMP,2024-09-04
1997-01-01,84179,BOPTIMP,2024-09-04
1997-02-01,85001,BOPTIMP,2024-09-04
1997-03-01,85433,BOPTIMP,2024-09-04
1997-04-01,85855,BOPTIMP,2024-09-04
1997-05-01,86277,BOPTIMP,2024-09-04
1997-06-01,86043,BOPTIMP,2024-09-04
1997-07-01,87132,BOPTIMP,2024-09-04
1997-08-01,87365,BOPTIMP,2024-09-04
1997-09-01,88556,BOPTIMP,2024-09-04
1997-10-01,88472,BOPTIMP,2024-09-04
1997-11-01,88086,BOPTIMP,2024-09-04
1997-12-01,90327,BOPTIMP,2024-09-04
1998-01-01,89784,BOPTIMP,2024-09-04
1998-02-01,89495,BOPTIMP,2024-09-04
1998-03-01,91692,BOPTIMP,2024-09-04
1998-04-01,91566,BOPTIMP,2024-09-04
1998-05-01,91349,BOPTIMP,2024-09-04
1998-06-01,90208,BOPTIMP,2024-09-04
1998-07-01,90098,BOPTIMP,2024-09-04
1998-08-01,91540,BOPTIMP,2024-09-04
1998-09-01,91999,BOPTIMP,2024-09-04
1998-10-01,94166,BOPTIMP,2024-09-04
1998-11-01,94290,BOPTIMP,2024-09-04
1998-12-01,93127,BOPTIMP,2024-09-04
1999-01-01,94349,BOPTIMP,2024-09-04
1999-02-01,96680,BOPTIMP,2024-09-04
1999-03-01,96421,BOPTIMP,2024-09-04
1999-04-01,97476,BOPTIMP,2024-09-04
1999-05-01,99585,BOPTIMP,2024-09-04
1999-06-01,102700,BOPTIMP,2024-09-04
1999-07-01,104221,BOPTIMP,2024-09-04
1999-08-01,105271,BOPTIMP,2024-09-04
1999-09-01,106426,BOPTIMP,2024-09-04
1999-10-01,107315,BOPTIMP,2024-09-04
1999-11-01,109759,BOPTIMP,2024-09-04
1999-12-01,112131,BOPTIMP,2024-09-04
2000-01-01,113133,BOPTIMP,2024-09-04
2000-02-01,116334,BOPTIMP,2024-09-04
2000-03-01,118672,BOPTIMP,2024-09-04
2000-04-01,117957,BOPTIMP,2024-09-04
2000-05-01,118123,BOPTIMP,2024-09-04
2000-06-01,122040,BOPTIMP,2024-09-04
2000-07-01,122447,BOPTIMP,2024-09-04
2000-08-01,123043,BOPTIMP,2024-09-04
2000-09-01,126230,BOPTIMP,2024-09-04
2000-10-01,125555,BOPTIMP,2024-09-04
2000-11-01,124642,BOPTIMP,2024-09-04
2000-12-01,124475,BOPTIMP,2024-09-04
2001-01-01,125997,BOPTIMP,2024-09-04
2001-02-01,120401,BOPTIMP,2024-09-04
2001-03-01,122063,BOPTIMP,2024-09-04
2001-04-01,118424,BOPTIMP,2024-09-04
2001-05-01,115572,BOPTIMP,2024-09-04
2001-06-01,115089,BOPTIMP,2024-09-04
2001-07-01,113104,BOPTIMP,2024-09-04
2001-08-01,111975,BOPTIMP,2024-09-04
2001-09-01,109726,BOPTIMP,2024-09-04
2001-10-01,109650,BOPTIMP,2024-09-04
2001-11-01,108449,BOPTIMP,2024-09-04
2001-12-01,105288,BOPTIMP,2024-09-04
2002-01-01,108938,BOPTIMP,2024-09-04
2002-02-01,111764,BOPTIMP,2024-09-04
2002-03-01,111506,BOPTIMP,2024-09-04
2002-04-01,116037,BOPTIMP,2024-09-04
2002-05-01,116453,BOPTIMP,2024-09-04
2002-06-01,118296,BOPTIMP,2024-09-04
2002-07-01,117637,BOPTIMP,2024-09-04
2002-08-01,120075,BOPTIMP,2024-09-04
2002-09-01,119575,BOPTIMP,2024-09-04
2002-10-01,117862,BOPTIMP,2024-09-04
2002-11-01,123435,BOPTIMP,2024-09-04
2002-12-01,125186,BOPTIMP,2024-09-04
2003-01-01,123668,BOPTIMP,2024-09-04
2003-02-01,123176,BOPTIMP,2024-09-04
2003-03-01,126963,BOPTIMP,2024-09-04
2003-04-01,124602,BOPTIMP,2024-09-04
2003-05-01,123675,BOPTIMP,2024-09-04
2003-06-01,124869,BOPTIMP,2024-09-04
2003-07-01,127265,BOPTIMP,2024-09-04
2003-08-01,124797,BOPTIMP,2024-09-04
2003-09-01,128811,BOPTIMP,2024-09-04
2003-10-01,130279,BOPTIMP,2024-09-04
2003-11-01,131220,BOPTIMP,2024-09-04
2003-12-01,135103,BOPTIMP,2024-09-04
2004-01-01,135209,BOPTIMP,2024-09-04
2004-02-01,138683,BOPTIMP,2024-09-04
2004-03-01,143461,BOPTIMP,2024-09-04
2004-04-01,143681,BOPTIMP,2024-09-04
2004-05-01,145750,BOPTIMP,2024-09-04
2004-06-01,149941,BOPTIMP,2024-09-04
2004-07-01,148513,BOPTIMP,2024-09-04
2004-08-01,150943,BOPTIMP,2024-09-04
2004-09-01,150468,BOPTIMP,2024-09-04
2004-10-01,155552,BOPTIMP,2024-09-04
2004-11-01,159058,BOPTIMP,2024-09-04
2004-12-01,157699,BOPTIMP,2024-09-04
2005-01-01,159395,BOPTIMP,2024-09-04
2005-02-01,162104,BOPTIMP,2024-09-04
2005-03-01,158231,BOPTIMP,2024-09-04
2005-04-01,164580,BOPTIMP,2024-09-04
2005-05-01,163119,BOPTIMP,2024-09-04
2005-06-01,165185,BOPTIMP,2024-09-04
2005-07-01,165382,BOPTIMP,2024-09-04
2005-08-01,167220,BOPTIMP,2024-09-04
2005-09-01,172039,BOPTIMP,2024-09-04
2005-10-01,177078,BOPTIMP,2024-09-04
2005-11-01,175321,BOPTIMP,2024-09-04
2005-12-01,178390,BOPTIMP,2024-09-04
2006-01-01,182797,BOPTIMP,2024-09-04
2006-02-01,179179,BOPTIMP,2024-09-04
2006-03-01,181217,BOPTIMP,2024-09-04
2006-04-01,182214,BOPTIMP,2024-09-04
2006-05-01,185973,BOPTIMP,2024-09-04
2006-06-01,186525,BOPTIMP,2024-09-04
2006-07-01,187339,BOPTIMP,2024-09-04
2006-08-01,191057,BOPTIMP,2024-09-04
2006-09-01,189146,BOPTIMP,2024-09-04
2006-10-01,185071,BOPTIMP,2024-09-04
2006-11-01,186327,BOPTIMP,2024-09-04
2006-12-01,190677,BOPTIMP,2024-09-04
2007-01-01,188662,BOPTIMP,2024-09-04
2007-02-01,187960,BOPTIMP,2024-09-04
2007-03-01,196019,BOPTIMP,2024-09-04
2007-04-01,193845,BOPTIMP,2024-09-04
2007-05-01,195407,BOPTIMP,2024-09-04
2007-06-01,197309,BOPTIMP,2024-09-04
2007-07-01,198792,BOPTIMP,2024-09-04
2007-08-01,198733,BOPTIMP,2024-09-04
2007-09-01,200228,BOPTIMP,2024-09-04
2007-10-01,202191,BOPTIMP,2024-09-04
2007-11-01,206947,BOPTIMP,2024-09-04
2007-12-01,205719,BOPTIMP,2024-09-04
2008-01-01,212433,BOPTIMP,2024-09-04
2008-02-01,217885,BOPTIMP,2024-09-04
2008-03-01,213100,BOPTIMP,2024-09-04
2008-04-01,221095,BOPTIMP,2024-09-04
2008-05-01,221392,BOPTIMP,2024-09-04
2008-06-01,224962,BOPTIMP,2024-09-04
2008-07-01,233221,BOPTIMP,2024-09-04
2008-08-01,225729,BOPTIMP,2024-09-04
2008-09-01,214904,BOPTIMP,2024-09-04
2008-10-01,212733,BOPTIMP,2024-09-04
2008-11-01,188105,BOPTIMP,2024-09-04
2008-12-01,176377,BOPTIMP,2024-09-04
2009-01-01,165201,BOPTIMP,2024-09-04
2009-02-01,156671,BOPTIMP,2024-09-04
2009-03-01,156670,BOPTIMP,2024-09-04
2009-04-01,155796,BOPTIMP,2024-09-04
2009-05-01,153181,BOPTIMP,2024-09-04
2009-06-01,156948,BOPTIMP,2024-09-04
2009-07-01,165185,BOPTIMP,2024-09-04
2009-08-01,164240,BOPTIMP,2024-09-04
2009-09-01,172294,BOPTIMP,2024-09-04
2009-10-01,176015,BOPTIMP,2024-09-04
2009-11-01,180456,BOPTIMP,2024-09-04
2009-12-01,184906,BOPTIMP,2024-09-04
2010-01-01,183462,BOPTIMP,2024-09-04
2010-02-01,188353,BOPTIMP,2024-09-04
2010-03-01,191351,BOPTIMP,2024-09-04
2010-04-01,191502,BOPTIMP,2024-09-04
2010-05-01,195907,BOPTIMP,2024-09-04
2010-06-01,200642,BOPTIMP,2024-09-04
2010-07-01,198373,BOPTIMP,2024-09-04
2010-08-01,203387,BOPTIMP,2024-09-04
2010-09-01,202958,BOPTIMP,2024-09-04
2010-10-01,204880,BOPTIMP,2024-09-04
2010-11-01,204360,BOPTIMP,2024-09-04
2010-12-01,210231,BOPTIMP,2024-09-04
2011-01-01,218020,BOPTIMP,2024-09-04
2011-02-01,213418,BOPTIMP,2024-09-04
2011-03-01,220988,BOPTIMP,2024-09-04
2011-04-01,221523,BOPTIMP,2024-09-04
2011-05-01,226581,BOPTIMP,2024-09-04
2011-06-01,226777,BOPTIMP,2024-09-04
2011-07-01,227573,BOPTIMP,2024-09-04
2011-08-01,227527,BOPTIMP,2024-09-04
2011-09-01,227334,BOPTIMP,2024-09-04
2011-10-01,228190,BOPTIMP,2024-09-04
2011-11-01,228258,BOPTIMP,2024-09-04
2011-12-01,231885,BOPTIMP,2024-09-04
2012-01-01,232551,BOPTIMP,2024-09-04
2012-02-01,227865,BOPTIMP,2024-09-04
2012-03-01,238260,BOPTIMP,2024-09-04
2012-04-01,233934,BOPTIMP,2024-09-04
2012-05-01,232481,BOPTIMP,2024-09-04
2012-06-01,230188,BOPTIMP,2024-09-04
2012-07-01,229120,BOPTIMP,2024-09-04
2012-08-01,229029,BOPTIMP,2024-09-04
2012-09-01,229976,BOPTIMP,2024-09-04
2012-10-01,227600,BOPTIMP,2024-09-04
2012-11-01,233794,BOPTIMP,2024-09-04
2012-12-01,228560,BOPTIMP,2024-09-04
2013-01-01,230418,BOPTIMP,2024-09-04
2013-02-01,233440,BOPTIMP,2024-09-04
2013-03-01,224170,BOPTIMP,2024-09-04
2013-04-01,229090,BOPTIMP,2024-09-04
2013-05-01,231538,BOPTIMP,2024-09-04
2013-06-01,227347,BOPTIMP,2024-09-04
2013-07-01,228481,BOPTIMP,2024-09-04
2013-08-01,229065,BOPTIMP,2024-09-04
2013-09-01,232422,BOPTIMP,2024-09-04
2013-10-01,232757,BOPTIMP,2024-09-04
2013-11-01,231275,BOPTIMP,2024-09-04
2013-12-01,229979,BOPTIMP,2024-09-04
2014-01-01,233222,BOPTIMP,2024-09-04
2014-02-01,235178,BOPTIMP,2024-09-04
2014-03-01,242498,BOPTIMP,2024-09-04
2014-04-01,242790,BOPTIMP,2024-09-04
2014-05-01,240993,BOPTIMP,2024-09-04
2014-06-01,239410,BOPTIMP,2024-09-04
2014-07-01,239693,BOPTIMP,2024-09-04
2014-08-01,239161,BOPTIMP,2024-09-04
2014-09-01,241228,BOPTIMP,2024-09-04
2014-10-01,242443,BOPTIMP,2024-09-04
2014-11-01,238700,BOPTIMP,2024-09-04
2014-12-01,241251,BOPTIMP,2024-09-04
2015-01-01,233110,BOPTIMP,2024-09-04
2015-02-01,225837,BOPTIMP,2024-09-04
2015-03-01,241004,BOPTIMP,2024-09-04
2015-04-01,232923,BOPTIMP,2024-09-04
2015-05-01,230420,BOPTIMP,2024-09-04
2015-06-01,233937,BOPTIMP,2024-09-04
2015-07-01,231181,BOPTIMP,2024-09-04
2015-08-01,232289,BOPTIMP,2024-09-04
2015-09-01,230796,BOPTIMP,2024-09-04
2015-10-01,228668,BOPTIMP,2024-09-04
2015-11-01,225870,BOPTIMP,2024-09-04
2015-12-01,225521,BOPTIMP,2024-09-04
2016-01-01,220996,BOPTIMP,2024-09-04
2016-02-01,226339,BOPTIMP,2024-09-04
2016-03-01,218854,BOPTIMP,2024-09-04
2016-04-01,222214,BOPTIMP,2024-09-04
2016-05-01,224156,BOPTIMP,2024-09-04
2016-06-01,228552,BOPTIMP,2024-09-04
2016-07-01,228127,BOPTIMP,2024-09-04
2016-08-01,230319,BOPTIMP,2024-09-04
2016-09-01,227718,BOPTIMP,2024-09-04
2016-10-01,227898,BOPTIMP,2024-09-04
2016-11-01,231550,BOPTIMP,2024-09-04
2016-12-01,233560,BOPTIMP,2024-09-04
2017-01-01,238992,BOPTIMP,2024-09-04
2017-02-01,236277,BOPTIMP,2024-09-04
2017-03-01,237337,BOPTIMP,2024-09-04
2017-04-01,240265,BOPTIMP,2024-09-04
2017-05-01,239517,BOPTIMP,2024-09-04
2017-06-01,240568,BOPTIMP,2024-09-04
2017-07-01,241114,BOPTIMP,2024-09-04
2017-08-01,240348,BOPTIMP,2024-09-04
2017-09-01,242718,BOPTIMP,2024-09-04
2017-10-01,245703,BOPTIMP,2024-09-04
2017-11-01,252353,BOPTIMP,2024-09-04
2017-12-01,256224,BOPTIMP,2024-09-04
2018-01-01,254344,BOPTIMP,2024-09-04
2018-02-01,259252,BOPTIMP,2024-09-04
2018-03-01,256757,BOPTIMP,2024-09-04
2018-04-01,258346,BOPTIMP,2024-09-04
2018-05-01,257051,BOPTIMP,2024-09-04
2018-06-01,258219,BOPTIMP,2024-09-04
2018-07-01,260943,BOPTIMP,2024-09-04
2018-08-01,260602,BOPTIMP,2024-09-04
2018-09-01,264037,BOPTIMP,2024-09-04
2018-10-01,266466,BOPTIMP,2024-09-04
2018-11-01,260876,BOPTIMP,2024-09-04
2018-12-01,264164,BOPTIMP,2024-09-04
2019-01-01,259515,BOPTIMP,2024-09-04
2019-02-01,260290,BOPTIMP,2024-09-04
2019-03-01,262138,BOPTIMP,2024-09-04
2019-04-01,260311,BOPTIMP,2024-09-04
2019-05-01,265821,BOPTIMP,2024-09-04
2019-06-01,260849,BOPTIMP,2024-09-04
2019-07-01,260630,BOPTIMP,2024-09-04
2019-08-01,260688,BOPTIMP,2024-09-04
2019-09-01,255373,BOPTIMP,2024-09-04
2019-10-01,252860,BOPTIMP,2024-09-04
2019-11-01,250831,BOPTIMP,2024-09-04
2019-12-01,256365,BOPTIMP,2024-09-04
2020-01-01,251717,BOPTIMP,2024-09-04
2020-02-01,249213,BOPTIMP,2024-09-04
2020-03-01,231978,BOPTIMP,2024-09-04
2020-04-01,203395,BOPTIMP,2024-09-04
2020-05-01,200752,BOPTIMP,2024-09-04
2020-06-01,209239,BOPTIMP,2024-09-04
2020-07-01,231482,BOPTIMP,2024-09-04
2020-08-01,238271,BOPTIMP,2024-09-04
2020-09-01,239432,BOPTIMP,2024-09-04
2020-10-01,246678,BOPTIMP,2024-09-04
2020-11-01,254051,BOPTIMP,2024-09-04
2020-12-01,257632,BOPTIMP,2024-09-04
2021-01-01,261054,BOPTIMP,2024-09-04
2021-02-01,261383,BOPTIMP,2024-09-04
2021-03-01,273759,BOPTIMP,2024-09-04
2021-04-01,273804,BOPTIMP,2024-09-04
2021-05-01,276817,BOPTIMP,2024-09-04
2021-06-01,284389,BOPTIMP,2024-09-04
2021-07-01,285244,BOPTIMP,2024-09-04
2021-08-01,290191,BOPTIMP,2024-09-04
2021-09-01,290134,BOPTIMP,2024-09-04
2021-10-01,294897,BOPTIMP,2024-09-04
2021-11-01,310795,BOPTIMP,2024-09-04
2021-12-01,316405,BOPTIMP,2024-09-04
2022-01-01,316652,BOPTIMP,2024-09-04
2022-02-01,323039,BOPTIMP,2024-09-04
2022-03-01,348560,BOPTIMP,2024-09-04
2022-04-01,339750,BOPTIMP,2024-09-04
2022-05-01,341303,BOPTIMP,2024-09-04
2022-06-01,342731,BOPTIMP,2024-09-04
2022-07-01,333649,BOPTIMP,2024-09-04
2022-08-01,331654,BOPTIMP,2024-09-04
2022-09-01,331607,BOPTIMP,2024-09-04
2022-10-01,333920,BOPTIMP,2024-09-04
2022-11-01,318038,BOPTIMP,2024-09-04
2022-12-01,323266,BOPTIMP,2024-09-04
2023-01-01,327789,BOPTIMP,2024-09-04
2023-02-01,323412,BOPTIMP,2024-09-04
2023-03-01,317232,BOPTIMP,2024-09-04
2023-04-01,323721,BOPTIMP,2024-09-04
2023-05-01,316947,BOPTIMP,2024-09-04
2023-06-01,315873,BOPTIMP,2024-09-04
2023-07-01,318530,BOPTIMP,2024-09-04
2023-08-01,318137,BOPTIMP,2024-09-04
2023-09-01,323864,BOPTIMP,2024-09-04
2023-10-01,325116,BOPTIMP,2024-09-04
2023-11-01,321284,BOPTIMP,2024-09-04
2023-12-01,324802,BOPTIMP,2024-09-04
2024-01-01,325461,BOPTIMP,2024-09-04
2024-02-01,334476,BOPTIMP,2024-09-04
2024-03-01,328653,BOPTIMP,2024-09-04
2024-04-01,337217,BOPTIMP,2024-09-04
2024-05-01,336096,BOPTIMP,2024-09-04
2024-06-01,338282,BOPTIMP,2024-09-04
2024-07-01,345394,BOPTIMP,2024-09-04
1992-01-01,50251,BOPTEXP,2024-09-04
1992-02-01,51682,BOPTEXP,2024-09-04
1992-03-01,50294,BOPTEXP,2024-09-04
1992-04-01,50302,BOPTEXP,2024-09-04
1992-05-01,50044,BOPTEXP,2024-09-04
1992-06-01,51727,BOPTEXP,2024-09-04
1992-07-01,52533,BOPTEXP,2024-09-04
1992-08-01,50940,BOPTEXP,2024-09-04
1992-09-01,51984,BOPTEXP,2024-09-04
1992-10-01,53035,BOPTEXP,2024-09-04
1992-11-01,52246,BOPTEXP,2024-09-04
1992-12-01,51843,BOPTEXP,2024-09-04
1993-01-01,52568,BOPTEXP,2024-09-04
1993-02-01,52480,BOPTEXP,2024-09-04
1993-03-01,53035,BOPTEXP,2024-09-04
1993-04-01,53139,BOPTEXP,2024-09-04
1993-05-01,54229,BOPTEXP,2024-09-04
1993-06-01,52346,BOPTEXP,2024-09-04
1993-07-01,52818,BOPTEXP,2024-09-04
1993-08-01,53224,BOPTEXP,2024-09-04
1993-09-01,53648,BOPTEXP,2024-09-04
1993-10-01,55476,BOPTEXP,2024-09-04
1993-11-01,54345,BOPTEXP,2024-09-04
1993-12-01,55552,BOPTEXP,2024-09-04
1994-01-01,55159,BOPTEXP,2024-09-04
1994-02-01,53729,BOPTEXP,2024-09-04
1994-03-01,58307,BOPTEXP,2024-09-04
1994-04-01,56436,BOPTEXP,2024-09-04
1994-05-01,57342,BOPTEXP,2024-09-04
1994-06-01,58451,BOPTEXP,2024-09-04
1994-07-01,58492,BOPTEXP,2024-09-04
1994-08-01,60407,BOPTEXP,2024-09-04
1994-09-01,60715,BOPTEXP,2024-09-04
1994-10-01,59861,BOPTEXP,2024-09-04
1994-11-01,61532,BOPTEXP,2024-09-04
1994-12-01,62825,BOPTEXP,2024-09-04
1995-01-01,63118,BOPTEXP,2024-09-04
1995-02-01,63077,BOPTEXP,2024-09-04
1995-03-01,64349,BOPTEXP,2024-09-04
1995-04-01,65074,BOPTEXP,2024-09-04
1995-05-01,65755,BOPTEXP,2024-09-04
1995-06-01,64855,BOPTEXP,2024-09-04
1995-07-01,66560,BOPTEXP,2024-09-04
1995-08-01,67469,BOPTEXP,2024-09-04
1995-09-01,68943,BOPTEXP,2024-09-04
1995-10-01,68105,BOPTEXP,2024-09-04
1995-11-01,68009,BOPTEXP,2024-09-04
1995-12-01,69071,BOPTEXP,2024-09-04
1996-01-01,68299,BOPTEXP,2024-09-04
1996-02-01,69899,BOPTEXP,2024-09-04
1996-03-01,69797,BOPTEXP,2024-09-04
1996-04-01,70126,BOPTEXP,2024-09-04
1996-05-01,71029,BOPTEXP,2024-09-04
1996-06-01,71056,BOPTEXP,2024-09-04
1996-07-01,69404,BOPTEXP,2024-09-04
1996-08-01,70563,BOPTEXP,2024-09-04
1996-09-01,70553,BOPTEXP,2024-09-04
1996-10-01,73769,BOPTEXP,2024-09-04
1996-11-01,74263,BOPTEXP,2024-09-04
1996-12-01,72842,BOPTEXP,2024-09-04
1997-01-01,72910,BOPTEXP,2024-09-04
1997-02-01,75225,BOPTEXP,2024-09-04
1997-03-01,77050,BOPTEXP,2024-09-04
1997-04-01,77769,BOPTEXP,2024-09-04
1997-05-01,77883,BOPTEXP,2024-09-04
1997-06-01,78889,BOPTEXP,2024-09-04
1997-07-01,80099,BOPTEXP,2024-09-04
1997-08-01,78622,BOPTEXP,2024-09-04
1997-09-01,79287,BOPTEXP,2024-09-04
1997-10-01,79383,BOPTEXP,2024-09-04
1997-11-01,78300,BOPTEXP,2024-09-04
1997-12-01,79038,BOPTEXP,2024-09-04
1998-01-01,79008,BOPTEXP,2024-09-04
1998-02-01,77931,BOPTEXP,2024-09-04
1998-03-01,78812,BOPTEXP,2024-09-04
1998-04-01,77626,BOPTEXP,2024-09-04
1998-05-01,77147,BOPTEXP,2024-09-04
1998-06-01,76961,BOPTEXP,2024-09-04
1998-07-01,76149,BOPTEXP,2024-09-04
1998-08-01,75512,BOPTEXP,2024-09-04
1998-09-01,77179,BOPTEXP,2024-09-04
1998-10-01,79351,BOPTEXP,2024-09-04
1998-11-01,79117,BOPTEXP,2024-09-04
1998-12-01,78382,BOPTEXP,2024-09-04
1999-01-01,78473,BOPTEXP,2024-09-04
1999-02-01,78212,BOPTEXP,2024-09-04
1999-03-01,78701,BOPTEXP,2024-09-04
1999-04-01,79530,BOPTEXP,2024-09-04
1999-05-01,79539,BOPTEXP,2024-09-04
1999-06-01,79808,BOPTEXP,2024-09-04
1999-07-01,81122,BOPTEXP,2024-09-04
1999-08-01,82645,BOPTEXP,2024-09-04
1999-09-01,83727,BOPTEXP,2024-09-04
1999-10-01,83942,BOPTEXP,2024-09-04
1999-11-01,84633,BOPTEXP,2024-09-04
1999-12-01,86192,BOPTEXP,2024-09-04
2000-01-01,86001,BOPTEXP,2024-09-04
2000-02-01,86540,BOPTEXP,2024-09-04
2000-03-01,88115,BOPTEXP,2024-09-04
2000-04-01,89359,BOPTEXP,2024-09-04
2000-05-01,88958,BOPTEXP,2024-09-04
2000-06-01,91635,BOPTEXP,2024-09-04
2000-07-01,91195,BOPTEXP,2024-09-04
2000-08-01,93112,BOPTEXP,2024-09-04
2000-09-01,92896,BOPTEXP,2024-09-04
2000-10-01,92177,BOPTEXP,2024-09-04
2000-11-01,91919,BOPTEXP,2024-09-04
2000-12-01,91055,BOPTEXP,2024-09-04
2001-01-01,90796,BOPTEXP,2024-09-04
2001-02-01,91101,BOPTEXP,2024-09-04
2001-03-01,89251,BOPTEXP,2024-09-04
2001-04-01,87903,BOPTEXP,2024-09-04
2001-05-01,88476,BOPTEXP,2024-09-04
2001-06-01,85938,BOPTEXP,2024-09-04
2001-07-01,83202,BOPTEXP,2024-09-04
2001-08-01,83882,BOPTEXP,2024-09-04
2001-09-01,79509,BOPTEXP,2024-09-04
2001-10-01,79062,BOPTEXP,2024-09-04
2001-11-01,78446,BOPTEXP,2024-09-04
2001-12-01,77800,BOPTEXP,2024-09-04
2002-01-01,79260,BOPTEXP,2024-09-04
2002-02-01,79264,BOPTEXP,2024-09-04
2002-03-01,80344,BOPTEXP,2024-09-04
2002-04-01,82072,BOPTEXP,2024-09-04
2002-05-01,82427,BOPTEXP,2024-09-04
2002-06-01,83563,BOPTEXP,2024-09-04
2002-07-01,83724,BOPTEXP,2024-09-04
2002-08-01,83689,BOPTEXP,2024-09-04
2002-09-01,83487,BOPTEXP,2024-09-04
2002-10-01,82767,BOPTEXP,2024-09-04
2002-11-01,83919,BOPTEXP,2024-09-04
2002-12-01,81578,BOPTEXP,2024-09-04
2003-01-01,82513,BOPTEXP,2024-09-04
2003-02-01,83094,BOPTEXP,2024-09-04
2003-03-01,83157,BOPTEXP,2024-09-04
2003-04-01,82565,BOPTEXP,2024-09-04
2003-05-01,82630,BOPTEXP,2024-09-04
2003-06-01,85174,BOPTEXP,2024-09-04
2003-07-01,85943,BOPTEXP,2024-09-04
2003-08-01,84906,BOPTEXP,2024-09-04
2003-09-01,86968,BOPTEXP,2024-09-04
2003-10-01,88890,BOPTEXP,2024-09-04
2003-11-01,91323,BOPTEXP,2024-09-04
2003-12-01,91023,BOPTEXP,2024-09-04
2004-01-01,90564,BOPTEXP,2024-09-04
2004-02-01,94131,BOPTEXP,2024-09-04
2004-03-01,96707,BOPTEXP,2024-09-04
2004-04-01,96398,BOPTEXP,2024-09-04
2004-05-01,98197,BOPTEXP,2024-09-04
2004-06-01,95773,BOPTEXP,2024-09-04
2004-07-01,96907,BOPTEXP,2024-09-04
2004-08-01,97295,BOPTEXP,2024-09-04
2004-09-01,98782,BOPTEXP,2024-09-04
2004-10-01,100494,BOPTEXP,2024-09-04
2004-11-01,100090,BOPTEXP,2024-09-04
2004-12-01,102781,BOPTEXP,2024-09-04
2005-01-01,103206,BOPTEXP,2024-09-04
2005-02-01,104010,BOPTEXP,2024-09-04
2005-03-01,105097,BOPTEXP,2024-09-04
2005-04-01,107268,BOPTEXP,2024-09-04
2005-05-01,107080,BOPTEXP,2024-09-04
2005-06-01,107033,BOPTEXP,2024-09-04
2005-07-01,107082,BOPTEXP,2024-09-04
2005-08-01,108475,BOPTEXP,2024-09-04
2005-09-01,107156,BOPTEXP,2024-09-04
2005-10-01,109813,BOPTEXP,2024-09-04
2005-11-01,111462,BOPTEXP,2024-09-04
2005-12-01,113822,BOPTEXP,2024-09-04
2006-01-01,115831,BOPTEXP,2024-09-04
2006-02-01,116871,BOPTEXP,2024-09-04
2006-03-01,118820,BOPTEXP,2024-09-04
2006-04-01,119611,BOPTEXP,2024-09-04
2006-05-01,121155,BOPTEXP,2024-09-04
2006-06-01,122726,BOPTEXP,2024-09-04
2006-07-01,120430,BOPTEXP,2024-09-04
2006-08-01,122780,BOPTEXP,2024-09-04
2006-09-01,124051,BOPTEXP,2024-09-04
2006-10-01,125533,BOPTEXP,2024-09-04
2006-11-01,127388,BOPTEXP,2024-09-04
2006-12-01,128795,BOPTEXP,2024-09-04
2007-01-01,130648,BOPTEXP,2024-09-04
2007-02-01,129481,BOPTEXP,2024-09-04
2007-03-01,133836,BOPTEXP,2024-09-04
2007-04-01,133351,BOPTEXP,2024-09-04
2007-05-01,135835,BOPTEXP,2024-09-04
2007-06-01,137312,BOPTEXP,2024-09-04
2007-07-01,138545,BOPTEXP,2024-09-04
2007-08-01,141518,BOPTEXP,2024-09-04
2007-09-01,142070,BOPTEXP,2024-09-04
2007-10-01,144525,BOPTEXP,2024-09-04
2007-11-01,146264,BOPTEXP,2024-09-04
2007-12-01,147429,BOPTEXP,2024-09-04
2008-01-01,151094,BOPTEXP,2024-09-04
2008-02-01,153660,BOPTEXP,2024-09-04
2008-03-01,152900,BOPTEXP,2024-09-04
2008-04-01,157362,BOPTEXP,2024-09-04
2008-05-01,159082,BOPTEXP,2024-09-04
2008-06-01,164073,BOPTEXP,2024-09-04
2008-07-01,166232,BOPTEXP,2024-09-04
2008-08-01,163335,BOPTEXP,2024-09-04
2008-09-01,154611,BOPTEXP,2024-09-04
2008-10-01,151854,BOPTEXP,2024-09-04
2008-11-01,142973,BOPTEXP,2024-09-04
2008-12-01,132410,BOPTEXP,2024-09-04
2009-01-01,125858,BOPTEXP,2024-09-04
2009-02-01,127893,BOPTEXP,2024-09-04
2009-03-01,126478,BOPTEXP,2024-09-04
2009-04-01,125323,BOPTEXP,2024-09-04
2009-05-01,127342,BOPTEXP,2024-09-04
2009-06-01,129796,BOPTEXP,2024-09-04
2009-07-01,131878,BOPTEXP,2024-09-04
2009-08-01,132566,BOPTEXP,2024-09-04
2009-09-01,137047,BOPTEXP,2024-09-04
2009-10-01,141056,BOPTEXP,2024-09-04
2009-11-01,142075,BOPTEXP,2024-09-04
2009-12-01,145480,BOPTEXP,2024-09-04
2010-01-01,145718,BOPTEXP,2024-09-04
2010-02-01,146849,BOPTEXP,2024-09-04
2010-03-01,151080,BOPTEXP,2024-09-04
2010-04-01,150006,BOPTEXP,2024-09-04
2010-05-01,153819,BOPTEXP,2024-09-04
2010-06-01,153326,BOPTEXP,2024-09-04
2010-07-01,156763,BOPTEXP,2024-09-04
2010-08-01,157769,BOPTEXP,2024-09-04
2010-09-01,158624,BOPTEXP,2024-09-04
2010-10-01,164234,BOPTEXP,2024-09-04
2010-11-01,165621,BOPTEXP,2024-09-04
2010-12-01,168510,BOPTEXP,2024-09-04
2011-01-01,169897,BOPTEXP,2024-09-04
2011-02-01,168665,BOPTEXP,2024-09-04
2011-03-01,176676,BOPTEXP,2024-09-04
2011-04-01,178838,BOPTEXP,2024-09-04
2011-05-01,178856,BOPTEXP,2024-09-04
2011-06-01,176895,BOPTEXP,2024-09-04
2011-07-01,181502,BOPTEXP,2024-09-04
2011-08-01,182475,BOPTEXP,2024-09-04
2011-09-01,183858,BOPTEXP,2024-09-04
2011-10-01,182681,BOPTEXP,2024-09-04
2011-11-01,180798,BOPTEXP,2024-09-04
2011-12-01,182411,BOPTEXP,2024-09-04
2012-01-01,182425,BOPTEXP,2024-09-04
2012-02-01,185085,BOPTEXP,2024-09-04
2012-03-01,188511,BOPTEXP,2024-09-04
2012-04-01,187092,BOPTEXP,2024-09-04
2012-05-01,187375,BOPTEXP,2024-09-04
2012-06-01,187247,BOPTEXP,2024-09-04
2012-07-01,186714,BOPTEXP,2024-09-04
2012-08-01,184999,BOPTEXP,2024-09-04
2012-09-01,191182,BOPTEXP,2024-09-04
2012-10-01,186133,BOPTEXP,2024-09-04
2012-11-01,188461,BOPTEXP,2024-09-04
2012-12-01,192226,BOPTEXP,2024-09-04
2013-01-01,190283,BOPTEXP,2024-09-04
2013-02-01,192436,BOPTEXP,2024-09-04
2013-03-01,189856,BOPTEXP,2024-09-04
2013-04-01,190603,BOPTEXP,2024-09-04
2013-05-01,189837,BOPTEXP,2024-09-04
2013-06-01,192921,BOPTEXP,2024-09-04
2013-07-01,192125,BOPTEXP,2024-09-04
2013-08-01,192449,BOPTEXP,2024-09-04
2013-09-01,192505,BOPTEXP,2024-09-04
2013-10-01,196471,BOPTEXP,2024-09-04
2013-11-01,197292,BOPTEXP,2024-09-04
2013-12-01,196343,BOPTEXP,2024-09-04
2014-01-01,195789,BOPTEXP,2024-09-04
2014-02-01,195059,BOPTEXP,2024-09-04
2014-03-01,199559,BOPTEXP,2024-09-04
2014-04-01,199056,BOPTEXP,2024-09-04
2014-05-01,201418,BOPTEXP,2024-09-04
2014-06-01,200514,BOPTEXP,2024-09-04
2014-07-01,200758,BOPTEXP,2024-09-04
2014-08-01,202226,BOPTEXP,2024-09-04
2014-09-01,199556,BOPTEXP,2024-09-04
2014-10-01,201376,BOPTEXP,2024-09-04
2014-11-01,198893,BOPTEXP,2024-09-04
2014-12-01,198413,BOPTEXP,2024-09-04
2015-01-01,194245,BOPTEXP,2024-09-04
2015-02-01,191934,BOPTEXP,2024-09-04
2015-03-01,192271,BOPTEXP,2024-09-04
2015-04-01,193086,BOPTEXP,2024-09-04
2015-05-01,191918,BOPTEXP,2024-09-04
2015-06-01,191512,BOPTEXP,2024-09-04
2015-07-01,190841,BOPTEXP,2024-09-04
2015-08-01,188084,BOPTEXP,2024-09-04
2015-09-01,189155,BOPTEXP,2024-09-04
2015-10-01,187795,BOPTEXP,2024-09-04
2015-11-01,185419,BOPTEXP,2024-09-04
2015-12-01,184517,BOPTEXP,2024-09-04
2016-01-01,180952,BOPTEXP,2024-09-04
2016-02-01,183033,BOPTEXP,2024-09-04
2016-03-01,182053,BOPTEXP,2024-09-04
2016-04-01,184167,BOPTEXP,2024-09-04
2016-05-01,185124,BOPTEXP,2024-09-04
2016-06-01,186833,BOPTEXP,2024-09-04
2016-07-01,188196,BOPTEXP,2024-09-04
2016-08-01,190173,BOPTEXP,2024-09-04
2016-09-01,190714,BOPTEXP,2024-09-04
2016-10-01,189343,BOPTEXP,2024-09-04
2016-11-01,187653,BOPTEXP,2024-09-04
2016-12-01,192584,BOPTEXP,2024-09-04
2017-01-01,195435,BOPTEXP,2024-09-04
2017-02-01,196492,BOPTEXP,2024-09-04
2017-03-01,196213,BOPTEXP,2024-09-04
2017-04-01,196038,BOPTEXP,2024-09-04
2017-05-01,195533,BOPTEXP,2024-09-04
2017-06-01,197990,BOPTEXP,2024-09-04
2017-07-01,197260,BOPTEXP,2024-09-04
2017-08-01,198957,BOPTEXP,2024-09-04
2017-09-01,201125,BOPTEXP,2024-09-04
2017-10-01,202855,BOPTEXP,2024-09-04
2017-11-01,206890,BOPTEXP,2024-09-04
2017-12-01,209690,BOPTEXP,2024-09-04
2018-01-01,207272,BOPTEXP,2024-09-04
2018-02-01,210459,BOPTEXP,2024-09-04
2018-03-01,213248,BOPTEXP,2024-09-04
2018-04-01,212217,BOPTEXP,2024-09-04
2018-05-01,215630,BOPTEXP,2024-09-04
2018-06-01,213408,BOPTEXP,2024-09-04
2018-07-01,211270,BOPTEXP,2024-09-04
2018-08-01,211044,BOPTEXP,2024-09-04
2018-09-01,213474,BOPTEXP,2024-09-04
2018-10-01,214014,BOPTEXP,2024-09-04
2018-11-01,211474,BOPTEXP,2024-09-04
2018-12-01,208953,BOPTEXP,2024-09-04
2019-01-01,210601,BOPTEXP,2024-09-04
2019-02-01,212675,BOPTEXP,2024-09-04
2019-03-01,214042,BOPTEXP,2024-09-04
2019-04-01,210719,BOPTEXP,2024-09-04
2019-05-01,214977,BOPTEXP,2024-09-04
2019-06-01,212281,BOPTEXP,2024-09-04
2019-07-01,212170,BOPTEXP,2024-09-04
2019-08-01,211915,BOPTEXP,2024-09-04
2019-09-01,210894,BOPTEXP,2024-09-04
2019-10-01,211584,BOPTEXP,2024-09-04
2019-11-01,211997,BOPTEXP,2024-09-04
2019-12-01,212422,BOPTEXP,2024-09-04
2020-01-01,207935,BOPTEXP,2024-09-04
2020-02-01,208342,BOPTEXP,2024-09-04
2020-03-01,188254,BOPTEXP,2024-09-04
2020-04-01,150279,BOPTEXP,2024-09-04
2020-05-01,145820,BOPTEXP,2024-09-04
2020-06-01,159836,BOPTEXP,2024-09-04
2020-07-01,171736,BOPTEXP,2024-09-04
2020-08-01,176135,BOPTEXP,2024-09-04
2020-09-01,181250,BOPTEXP,2024-09-04
2020-10-01,185603,BOPTEXP,2024-09-04
2020-11-01,189348,BOPTEXP,2024-09-04
2020-12-01,195610,BOPTEXP,2024-09-04
2021-01-01,198275,BOPTEXP,2024-09-04
2021-02-01,194984,BOPTEXP,2024-09-04
2021-03-01,207654,BOPTEXP,2024-09-04
2021-04-01,207274,BOPTEXP,2024-09-04
2021-05-01,210196,BOPTEXP,2024-09-04
2021-06-01,212901,BOPTEXP,2024-09-04
2021-07-01,215293,BOPTEXP,2024-09-04
2021-08-01,216976,BOPTEXP,2024-09-04
2021-09-01,213039,BOPTEXP,2024-09-04
2021-10-01,227955,BOPTEXP,2024-09-04
2021-11-01,230642,BOPTEXP,2024-09-04
2021-12-01,235613,BOPTEXP,2024-09-04
2022-01-01,231087,BOPTEXP,2024-09-04
2022-02-01,235969,BOPTEXP,2024-09-04
2022-03-01,246646,BOPTEXP,2024-09-04
2022-04-01,254374,BOPTEXP,2024-09-04
2022-05-01,257047,BOPTEXP,2024-09-04
2022-06-01,261517,BOPTEXP,2024-09-04
2022-07-01,262609,BOPTEXP,2024-09-04
2022-08-01,263132,BOPTEXP,2024-09-04
2022-09-01,260390,BOPTEXP,2024-09-04
2022-10-01,258654,BOPTEXP,2024-09-04
2022-11-01,255477,BOPTEXP,2024-09-04
2022-12-01,252504,BOPTEXP,2024-09-04
2023-01-01,257830,BOPTEXP,2024-09-04
2023-02-01,252891,BOPTEXP,2024-09-04
2023-03-01,256911,BOPTEXP,2024-09-04
2023-04-01,250966,BOPTEXP,2024-09-04
2023-05-01,250880,BOPTEXP,2024-09-04
2023-06-01,251067,BOPTEXP,2024-09-04
2023-07-01,253923,BOPTEXP,2024-09-04
2023-08-01,258506,BOPTEXP,2024-09-04
2023-09-01,261641,BOPTEXP,2024-09-04
2023-10-01,260783,BOPTEXP,2024-09-04
2023-11-01,256531,BOPTEXP,2024-09-04
2023-12-01,259887,BOPTEXP,2024-09-04
2024-01-01,259062,BOPTEXP,2024-09-04
2024-02-01,265607,BOPTEXP,2024-09-04
2024-03-01,260681,BOPTEXP,2024-09-04
2024-04-01,262314,BOPTEXP,2024-09-04
2024-05-01,260790,BOPTEXP,2024-09-04
2024-06-01,265266,BOPTEXP,2024-09-04
2024-07-01,266603,BOPTEXP,2024-09-04
